state,county,county_id,year,prim_or_gen,pres,treat,cvap,ballots_cast,dem_share_pres,dem_share_gov,dem_share_sen,turnout_share,year2,state_year,state_year_id
CA,Alameda,1,1998,general,0,0,896920.0,397047.0,,0.7649454474449158,,0.44512438774108887,3992004.0,CA_1998,0
CA,Alameda,1,2000,general,1,0,,,0.7419142127037048,,,,4000000.0,CA_2000,1
CA,Alameda,1,2002,general,0,0,,346434.0,,0.7387482523918152,,0.3841375410556793,4008004.0,CA_2002,2
CA,Alameda,1,2004,general,1,0,,567915.0,0.7634834051132202,,,0.6263000965118408,4016016.0,CA_2004,3
CA,Alameda,1,2006,general,0,0,,415638.0,,0.6071346402168274,,0.455890029668808,4024036.0,CA_2006,4
CA,Alameda,1,2008,general,1,0,,628545.0,0.8035770058631897,,,0.6857087016105652,4032064.0,CA_2008,5
CA,Alameda,1,2010,general,0,0,937530.0,468483.0,,0.7659573554992676,,0.499699205160141,4040100.0,CA_2010,6
CA,Alameda,1,2012,general,1,0,970755.0,602479.0,0.8127905130386353,,,0.6206293106079102,4048144.0,CA_2012,7
CA,Alameda,1,2014,general,0,0,1005255.0,366599.0,,0.8217055201530457,,0.3646825850009918,4056196.0,CA_2014,8
CA,Alameda,1,2016,general,1,0,1040380.0,670245.0,0.8429475426673889,,,0.6442309617996216,4064256.0,CA_2016,9
CA,Alameda,1,2018,general,0,0,1069835.0,587501.0,,0.8055204153060913,,0.5491510629653931,4072324.0,CA_2018,10
CA,Alameda,1,2020,general,1,0,1083582.0,770070.0,0.8192111601553381,,,0.7106707198901422,4080400.0,CA_2020,11
CA,Alameda,1,2022,general,0,1,1083582.0,487969.0,,0.7931774354518423,,0.4503295551236547,4088484.0,CA_2022,12
CA,Alameda,1,2024,general,1,1,1083582.0,669907.0,0.7801339913171128,,,0.6182337838760703,4096576.0,CA_2024,13
CA,Alpine,2,1998,general,0,0,920.0,585.0,,0.5357142686843872,,0.6208726167678833,3992004.0,CA_1998,0
CA,Alpine,2,2000,general,1,0,,,0.4853479862213135,,,,4000000.0,CA_2000,1
CA,Alpine,2,2002,general,0,0,,582.0,,0.4810924232006073,,0.6482673287391663,4008004.0,CA_2002,2
CA,Alpine,2,2004,general,1,0,,714.0,0.5453216433525085,,,0.8154822587966919,4016016.0,CA_2004,3
CA,Alpine,2,2006,general,0,0,,556.0,,0.4249512553215027,,0.651562511920929,4024036.0,CA_2006,4
CA,Alpine,2,2008,general,1,0,,697.0,0.6261127591133118,,,0.8386363983154297,4032064.0,CA_2008,5
CA,Alpine,2,2010,general,0,0,835.0,566.0,,0.5831809639930725,,0.6778442859649658,4040100.0,CA_2010,6
CA,Alpine,2,2012,general,1,0,900.0,656.0,0.6223999857902527,,,0.7288888692855835,4048144.0,CA_2012,7
CA,Alpine,2,2014,general,0,0,950.0,468.0,,0.6187363862991333,,0.49263158440589905,4056196.0,CA_2014,8
CA,Alpine,2,2016,general,1,0,895.0,621.0,0.6061705946922302,,,0.6938547492027283,4064256.0,CA_2016,9
CA,Alpine,2,2018,general,0,0,895.0,626.0,,0.6276422739028931,,0.6994413137435913,4072324.0,CA_2018,10
CA,Alpine,2,2020,general,1,0,1273.0,741.0,0.6611111111111111,,,0.582089552238806,4080400.0,CA_2020,11
CA,Alpine,2,2022,general,0,0,1273.0,619.0,,0.5864297253634895,,0.48625294579732914,4088484.0,CA_2022,12
CA,Alpine,2,2024,general,1,0,1273.0,738.0,0.6634349030470914,,,0.579732914375491,4096576.0,CA_2024,13
CA,Amador,3,1998,general,0,0,27430.0,13651.0,,0.5051940083503723,,0.5096403956413269,3992004.0,CA_1998,0
CA,Amador,3,2000,general,1,0,,,0.40253543853759766,,,,4000000.0,CA_2000,1
CA,Amador,3,2002,general,0,0,,13472.0,,0.38805317878723145,,0.47986701130867004,4008004.0,CA_2002,2
CA,Amador,3,2004,general,1,0,,18088.0,0.370636910200119,,,0.6298294067382812,4016016.0,CA_2004,3
CA,Amador,3,2006,general,0,0,,15217.0,,0.23772060871124268,,0.5182313323020935,4024036.0,CA_2006,4
CA,Amador,3,2008,general,1,0,,19006.0,0.42522042989730835,,,0.6333691477775574,4032064.0,CA_2008,5
CA,Amador,3,2010,general,0,0,30500.0,16566.0,,0.44230392575263977,,0.5431475639343262,4040100.0,CA_2010,6
CA,Amador,3,2012,general,1,0,30475.0,17886.0,0.39915844798088074,,,0.5869073271751404,4048144.0,CA_2012,7
CA,Amador,3,2014,general,0,0,30145.0,13083.0,,0.44554221630096436,,0.4340023100376129,4056196.0,CA_2014,8
CA,Amador,3,2016,general,1,0,30240.0,18289.0,0.36412152647972107,,,0.604794979095459,4064256.0,CA_2016,9
CA,Amador,3,2018,general,0,0,31115.0,17784.0,,0.35451599955558777,,0.5715571045875549,4072324.0,CA_2018,10
CA,Amador,3,2020,general,1,1,34130.0,22304.0,0.3750575029901555,,,0.6535013184881336,4080400.0,CA_2020,11
CA,Amador,3,2022,general,0,1,34130.0,18655.0,,0.3230769230769231,,0.5465865807207735,4088484.0,CA_2022,12
CA,Amador,3,2024,general,1,1,34130.0,22403.0,0.35700197238658776,,,0.6564019923820685,4096576.0,CA_2024,13
CA,Butte,4,1998,general,0,0,146805.0,66217.0,,0.4798651933670044,,0.4619593918323517,3992004.0,CA_1998,0
CA,Butte,4,2000,general,1,0,,,0.4073997139930725,,,,4000000.0,CA_2000,1
CA,Butte,4,2002,general,0,0,,62511.0,,0.37276336550712585,,0.4159896671772003,4008004.0,CA_2002,2
CA,Butte,4,2004,general,1,0,,96967.0,0.4510466456413269,,,0.6307366490364075,4016016.0,CA_2004,3
CA,Butte,4,2006,general,0,0,,70298.0,,0.2905559837818146,,0.4471835494041443,4024036.0,CA_2006,4
CA,Butte,4,2008,general,1,0,,99392.0,0.5120509266853333,,,0.6186202764511108,4032064.0,CA_2008,5
CA,Butte,4,2010,general,0,0,163320.0,77434.0,,0.46611037850379944,,0.4741244316101074,4040100.0,CA_2010,6
CA,Butte,4,2012,general,1,0,165830.0,91722.0,0.48961538076400757,,,0.5531086325645447,4048144.0,CA_2012,7
CA,Butte,4,2014,general,0,0,168430.0,63489.0,,0.4779096245765686,,0.3769459128379822,4056196.0,CA_2014,8
CA,Butte,4,2016,general,1,0,170635.0,98879.0,0.4793740212917328,,,0.5794766545295715,4064256.0,CA_2016,9
CA,Butte,4,2018,general,0,0,173840.0,90118.0,,0.46773213148117065,,0.5183961987495422,4072324.0,CA_2018,10
CA,Butte,4,2020,general,1,1,157637.0,102066.0,0.508552180402598,,,0.6474748948533656,4080400.0,CA_2020,11
CA,Butte,4,2022,general,0,1,157637.0,72441.0,,0.4348642343424304,,0.45954312756522897,4088484.0,CA_2022,12
CA,Butte,4,2024,general,1,1,157637.0,94556.0,0.48385791022569385,,,0.5998337953653013,4096576.0,CA_2024,13
CA,Calaveras,5,1998,general,0,0,30920.0,16365.0,,0.4744648039340973,,0.5514640212059021,3992004.0,CA_1998,0
CA,Calaveras,5,2000,general,1,0,,,0.4009156823158264,,,,4000000.0,CA_2000,1
CA,Calaveras,5,2002,general,0,0,,15553.0,,0.3840073049068451,,0.48354634642601013,4008004.0,CA_2002,2
CA,Calaveras,5,2004,general,1,0,,22521.0,0.37858089804649353,,,0.6741020083427429,4016016.0,CA_2004,3
CA,Calaveras,5,2006,general,0,0,,18321.0,,0.25166577100753784,,0.5286937355995178,4024036.0,CA_2006,4
CA,Calaveras,5,2008,general,1,0,,23588.0,0.4332832992076874,,,0.657088041305542,4032064.0,CA_2008,5
CA,Calaveras,5,2010,general,0,0,35945.0,20117.0,,0.4206720292568207,,0.5596606135368347,4040100.0,CA_2010,6
CA,Calaveras,5,2012,general,1,0,35920.0,22077.0,0.4121702015399933,,,0.614615797996521,4048144.0,CA_2012,7
CA,Calaveras,5,2014,general,0,0,35490.0,16101.0,,0.437273234128952,,0.45367708802223206,4056196.0,CA_2014,8
CA,Calaveras,5,2016,general,1,0,35475.0,23975.0,0.37026333808898926,,,0.6758280396461487,4064256.0,CA_2016,9
CA,Calaveras,5,2018,general,0,0,36165.0,21927.0,,0.3593243956565857,,0.6063044667243958,4072324.0,CA_2018,10
CA,Calaveras,5,2020,general,1,1,37029.0,27164.0,0.37818099683782563,,,0.7335871884198871,4080400.0,CA_2020,11
CA,Calaveras,5,2022,general,0,1,37029.0,21240.0,,0.3344161958568738,,0.573604472170461,4088484.0,CA_2022,12
CA,Calaveras,5,2024,general,1,1,37029.0,26480.0,0.35576997597457954,,,0.7151151799940587,4096576.0,CA_2024,13
CA,Colusa,6,1998,general,0,0,9685.0,4966.0,,0.449022501707077,,0.5285165309906006,3992004.0,CA_1998,0
CA,Colusa,6,2000,general,1,0,,,0.32471156120300293,,,,4000000.0,CA_2000,1
CA,Colusa,6,2002,general,0,0,,4675.0,,0.2932295501232147,,0.4687238931655884,4008004.0,CA_2002,2
CA,Colusa,6,2004,general,1,0,,6280.0,0.3197569251060486,,,0.6119201183319092,4016016.0,CA_2004,3
CA,Colusa,6,2006,general,0,0,,5056.0,,0.23149506747722626,,0.4791660010814667,4024036.0,CA_2006,4
CA,Colusa,6,2008,general,1,0,,6532.0,0.40764835476875305,,,0.6025521159172058,4032064.0,CA_2008,5
CA,Colusa,6,2010,general,0,0,11335.0,5312.0,,0.3800849914550781,,0.46863695979118347,4040100.0,CA_2010,6
CA,Colusa,6,2012,general,1,0,11675.0,6092.0,0.39120879769325256,,,0.5217987298965454,4048144.0,CA_2012,7
CA,Colusa,6,2014,general,0,0,11955.0,4422.0,,0.4272749125957489,,0.3698870837688446,4056196.0,CA_2014,8
CA,Colusa,6,2016,general,1,0,12230.0,6814.0,0.42836445569992065,,,0.5571545362472534,4064256.0,CA_2016,9
CA,Colusa,6,2018,general,0,0,12370.0,5815.0,,0.34686794877052307,,0.470088928937912,4072324.0,CA_2018,10
CA,Colusa,6,2020,general,1,0,12676.0,7961.0,0.4153629135675814,,,0.6280372357210476,4080400.0,CA_2020,11
CA,Colusa,6,2022,general,0,0,12676.0,5562.0,,0.2792161093131967,,0.4387819501420006,4088484.0,CA_2022,12
CA,Colusa,6,2024,general,1,0,12676.0,7021.0,0.35514974433893354,,,0.5538813505837804,4096576.0,CA_2024,13
CA,Contra Costa,7,1998,general,0,0,613960.0,306712.0,,0.647189736366272,,0.5068112015724182,3992004.0,CA_1998,0
CA,Contra Costa,7,2000,general,1,0,,,0.6134297251701355,,,,4000000.0,CA_2000,1
CA,Contra Costa,7,2002,general,0,0,,274087.0,,0.5987165570259094,,0.44013071060180664,4008004.0,CA_2002,2
CA,Contra Costa,7,2004,general,1,0,,418335.0,0.630737841129303,,,0.6624255776405334,4016016.0,CA_2004,3
CA,Contra Costa,7,2006,general,0,0,,308206.0,,0.44778385758399963,,0.4813462495803833,4024036.0,CA_2006,4
CA,Contra Costa,7,2008,general,1,0,,456876.0,0.6923090815544128,,,0.7038823962211609,4032064.0,CA_2008,5
CA,Contra Costa,7,2010,general,0,0,659020.0,352687.0,,0.6307303309440613,,0.5351688861846924,4040100.0,CA_2010,6
CA,Contra Costa,7,2012,general,1,0,682915.0,442143.0,0.6805431842803955,,,0.6474348902702332,4048144.0,CA_2012,7
CA,Contra Costa,7,2014,general,0,0,709400.0,259007.0,,0.6864557266235352,,0.36510711908340454,4056196.0,CA_2014,8
CA,Contra Costa,7,2016,general,1,0,730755.0,481355.0,0.7335833311080933,,,0.6587091684341431,4064256.0,CA_2016,9
CA,Contra Costa,7,2018,general,0,0,752720.0,423348.0,,0.6819776296615601,,0.5624243021011353,4072324.0,CA_2018,10
CA,Contra Costa,7,2020,general,1,0,792622.0,581316.0,0.731447503175158,,,0.7334088632412423,4080400.0,CA_2020,11
CA,Contra Costa,7,2022,general,0,0,792622.0,388503.0,,0.6830603624682435,,0.4901491505408631,4088484.0,CA_2022,12
CA,Contra Costa,7,2024,general,1,0,792622.0,528987.0,0.6962582825493433,,,0.6673887426793604,4096576.0,CA_2024,13
CA,Del Norte,8,1998,general,0,0,19745.0,7570.0,,0.5530620813369751,,0.38972628116607666,3992004.0,CA_1998,0
CA,Del Norte,8,2000,general,1,0,,,0.40782415866851807,,,,4000000.0,CA_2000,1
CA,Del Norte,8,2002,general,0,0,,6963.0,,0.4857855439186096,,0.34700295329093933,4008004.0,CA_2002,2
CA,Del Norte,8,2004,general,1,0,,9491.0,0.42084774374961853,,,0.4655366837978363,4016016.0,CA_2004,3
CA,Del Norte,8,2006,general,0,0,,6828.0,,0.4102106988430023,,0.3297223150730133,4024036.0,CA_2006,4
CA,Del Norte,8,2008,general,1,0,,9684.0,0.4653390645980835,,,0.4604971706867218,4032064.0,CA_2008,5
CA,Del Norte,8,2010,general,0,0,20990.0,8344.0,,0.5482186079025269,,0.39752262830734253,4040100.0,CA_2010,6
CA,Del Norte,8,2012,general,1,0,21335.0,8879.0,0.451041042804718,,,0.416170597076416,4048144.0,CA_2012,7
CA,Del Norte,8,2014,general,0,0,21115.0,7332.0,,0.49637115001678467,,0.3472413122653961,4056196.0,CA_2014,8
CA,Del Norte,8,2016,general,1,0,21065.0,9790.0,0.4043392539024353,,,0.4647519588470459,4064256.0,CA_2016,9
CA,Del Norte,8,2018,general,0,0,20610.0,8439.0,,0.41318443417549133,,0.40946143865585327,4072324.0,CA_2018,10
CA,Del Norte,8,2020,general,1,0,20599.0,11453.0,0.4199138085832286,,,0.5559978639739793,4080400.0,CA_2020,11
CA,Del Norte,8,2022,general,0,0,20599.0,8375.0,,0.3897313432835821,,0.40657313461818534,4088484.0,CA_2022,12
CA,Del Norte,8,2024,general,1,0,20599.0,10565.0,0.4155869459327813,,,0.5128889751929705,4096576.0,CA_2024,13
CA,El Dorado,9,1998,general,0,0,109920.0,58603.0,,0.4543895125389099,,0.5527136325836182,3992004.0,CA_1998,0
CA,El Dorado,9,2000,general,1,0,,,0.38409140706062317,,,,4000000.0,CA_2000,1
CA,El Dorado,9,2002,general,0,0,,57060.0,,0.3326977789402008,,0.5013521313667297,4008004.0,CA_2002,2
CA,El Dorado,9,2004,general,1,0,,87314.0,0.37878289818763733,,,0.7418071627616882,4016016.0,CA_2004,3
CA,El Dorado,9,2006,general,0,0,,68840.0,,0.2260286808013916,,0.566133975982666,4024036.0,CA_2006,4
CA,El Dorado,9,2008,general,1,0,,93890.0,0.44614335894584656,,,0.7481937408447266,4032064.0,CA_2008,5
CA,El Dorado,9,2010,general,0,0,131425.0,78610.0,,0.407219797372818,,0.5981358289718628,4040100.0,CA_2010,6
CA,El Dorado,9,2012,general,1,0,133260.0,89601.0,0.4082471430301666,,,0.6723772883415222,4048144.0,CA_2012,7
CA,El Dorado,9,2014,general,0,0,134790.0,62973.0,,0.45496177673339844,,0.4671934247016907,4056196.0,CA_2014,8
CA,El Dorado,9,2016,general,1,0,136940.0,97024.0,0.42502713203430176,,,0.7085146903991699,4064256.0,CA_2016,9
CA,El Dorado,9,2018,general,0,0,141080.0,90730.0,,0.4058387577533722,,0.6431102752685547,4072324.0,CA_2018,10
CA,El Dorado,9,2020,general,1,1,148458.0,116159.0,0.4549749248627257,,,0.782436783467378,4080400.0,CA_2020,11
CA,El Dorado,9,2022,general,0,1,148458.0,88671.0,,0.38946216914210957,,0.5972800387988522,4088484.0,CA_2022,12
CA,El Dorado,9,2024,general,1,1,148458.0,111908.0,0.4383983384185568,,,0.7538024222338978,4096576.0,CA_2024,13
CA,Fresno,10,1998,general,0,0,446270.0,178119.0,,0.4908267855644226,,0.41109761595726013,3992004.0,CA_1998,0
CA,Fresno,10,2000,general,1,0,,,0.44754496216773987,,,,4000000.0,CA_2000,1
CA,Fresno,10,2002,general,0,0,,159728.0,,0.4072269797325134,,0.34779173135757446,4008004.0,CA_2002,2
CA,Fresno,10,2004,general,1,0,,249905.0,0.4207928478717804,,,0.5291720032691956,4016016.0,CA_2004,3
CA,Fresno,10,2006,general,0,0,,179578.0,,0.3150659203529358,,0.3700731694698334,4024036.0,CA_2006,4
CA,Fresno,10,2008,general,1,0,,275554.0,0.5106285810470581,,,0.5530510544776917,4032064.0,CA_2008,5
CA,Fresno,10,2010,general,0,0,516405.0,204251.0,,0.45004016160964966,,0.3955248296260834,4040100.0,CA_2010,6
CA,Fresno,10,2012,general,1,0,530090.0,261652.0,0.5091456174850464,,,0.49359920620918274,4048144.0,CA_2012,7
CA,Fresno,10,2014,general,0,0,549675.0,163420.0,,0.47623008489608765,,0.2973029613494873,4056196.0,CA_2014,8
CA,Fresno,10,2016,general,1,0,566160.0,291890.0,0.5325784683227539,,,0.5155609846115112,4064256.0,CA_2016,9
CA,Fresno,10,2018,general,0,0,581040.0,256972.0,,0.4908371567726135,,0.4422621428966522,4072324.0,CA_2018,10
CA,Fresno,10,2020,general,1,1,633991.0,364917.0,0.539946683674183,,,0.5755870351471867,4080400.0,CA_2020,11
CA,Fresno,10,2022,general,0,1,633991.0,219085.0,,0.4492183399137321,,0.34556484240312557,4088484.0,CA_2022,12
CA,Fresno,10,2024,general,1,1,633991.0,326049.0,0.47749030080112864,,,0.5142801711696223,4096576.0,CA_2024,13
CA,Glenn,11,1998,general,0,0,15375.0,7652.0,,0.43209877610206604,,0.5102277994155884,3992004.0,CA_1998,0
CA,Glenn,11,2000,general,1,0,,,0.3012178838253021,,,,4000000.0,CA_2000,1
CA,Glenn,11,2002,general,0,0,,6667.0,,0.2830505669116974,,0.4232269525527954,4008004.0,CA_2002,2
CA,Glenn,11,2004,general,1,0,,9523.0,0.3219391703605652,,,0.590370237827301,4016016.0,CA_2004,3
CA,Glenn,11,2006,general,0,0,,7665.0,,0.19747081398963928,,0.4643109440803528,4024036.0,CA_2006,4
CA,Glenn,11,2008,general,1,0,,10053.0,0.3871837556362152,,,0.5953413248062134,4032064.0,CA_2008,5
CA,Glenn,11,2010,general,0,0,17155.0,8118.0,,0.3320915997028351,,0.4732148051261902,4040100.0,CA_2010,6
CA,Glenn,11,2012,general,1,0,17420.0,9334.0,0.36952871084213257,,,0.5358209013938904,4048144.0,CA_2012,7
CA,Glenn,11,2014,general,0,0,17290.0,6171.0,,0.343965083360672,,0.3569115102291107,4056196.0,CA_2014,8
CA,Glenn,11,2016,general,1,0,16830.0,9736.0,0.3462103307247162,,,0.5784907937049866,4064256.0,CA_2016,9
CA,Glenn,11,2018,general,0,0,16890.0,8439.0,,0.2909265458583832,,0.49964475631713867,4072324.0,CA_2018,10
CA,Glenn,11,2020,general,1,0,17611.0,11297.0,0.36127690359920417,,,0.641474078700812,4080400.0,CA_2020,11
CA,Glenn,11,2022,general,0,0,17611.0,7930.0,,0.24337957124842372,,0.4502867525978082,4088484.0,CA_2022,12
CA,Glenn,11,2024,general,1,0,17611.0,10442.0,0.32073986619441164,,,0.5929248764976435,4096576.0,CA_2024,13
CA,Humboldt,12,1998,general,0,0,94715.0,47339.0,,0.5748952627182007,,0.505641520023346,3992004.0,CA_1998,0
CA,Humboldt,12,2000,general,1,0,,,0.5169752240180969,,,,4000000.0,CA_2000,1
CA,Humboldt,12,2002,general,0,0,,43886.0,,0.5474632978439331,,0.4580603539943695,4008004.0,CA_2002,2
CA,Humboldt,12,2004,general,1,0,,66435.0,0.596339225769043,,,0.6855919361114502,4016016.0,CA_2004,3
CA,Humboldt,12,2006,general,0,0,,49148.0,,0.46295443177223206,,0.5015357732772827,4024036.0,CA_2006,4
CA,Humboldt,12,2008,general,1,0,,64358.0,0.6463968753814697,,,0.6495012640953064,4032064.0,CA_2008,5
CA,Humboldt,12,2010,general,0,0,102665.0,51792.0,,0.6089728474617004,,0.5044757127761841,4040100.0,CA_2010,6
CA,Humboldt,12,2012,general,1,0,103770.0,58092.0,0.6466912031173706,,,0.559814989566803,4048144.0,CA_2012,7
CA,Humboldt,12,2014,general,0,0,104410.0,38529.0,,0.6461277604103088,,0.3690163791179657,4056196.0,CA_2014,8
CA,Humboldt,12,2016,general,1,0,105070.0,60983.0,0.6437476873397827,,,0.5804035663604736,4064256.0,CA_2016,9
CA,Humboldt,12,2018,general,0,0,105400.0,53435.0,,0.6449405550956726,,0.5069734454154968,4072324.0,CA_2018,10
CA,Humboldt,12,2020,general,1,0,105903.0,68843.0,0.6728185397817789,,,0.6500571277489778,4080400.0,CA_2020,11
CA,Humboldt,12,2022,general,0,0,105903.0,47798.0,,0.618038411649023,,0.45133754473433235,4088484.0,CA_2022,12
CA,Humboldt,12,2024,general,1,1,105903.0,64232.0,0.6486416010691178,,,0.606517284685042,4096576.0,CA_2024,13
CA,Imperial,13,1998,general,0,0,74450.0,24387.0,,0.6068454384803772,,0.3352932929992676,3992004.0,CA_1998,0
CA,Imperial,13,2000,general,1,0,,,0.5529218316078186,,,,4000000.0,CA_2000,1
CA,Imperial,13,2002,general,0,0,,22463.0,,0.5698624849319458,,0.29491904377937317,4008004.0,CA_2002,2
CA,Imperial,13,2004,general,1,0,,34771.0,0.5306315422058105,,,0.44644981622695923,4016016.0,CA_2004,3
CA,Imperial,13,2006,general,0,0,,22878.0,,0.4916858673095703,,0.28741204738616943,4024036.0,CA_2006,4
CA,Imperial,13,2008,general,1,0,,39823.0,0.63301020860672,,,0.4897274076938629,4032064.0,CA_2008,5
CA,Imperial,13,2010,general,0,0,88040.0,27391.0,,0.6372677683830261,,0.311119943857193,4040100.0,CA_2010,6
CA,Imperial,13,2012,general,1,0,92430.0,39535.0,0.6629915833473206,,,0.4277290999889374,4048144.0,CA_2012,7
CA,Imperial,13,2014,general,0,0,95735.0,21545.0,,0.6426149606704712,,0.22504830360412598,4056196.0,CA_2014,8
CA,Imperial,13,2016,general,1,0,99250.0,48895.0,0.7199973464012146,,,0.4926448464393616,4064256.0,CA_2016,9
CA,Imperial,13,2018,general,0,0,102620.0,33895.0,,0.6167336106300354,,0.33029624819755554,4072324.0,CA_2018,10
CA,Imperial,13,2020,general,1,0,103601.0,56743.0,0.6245475011256191,,,0.5477070684645902,4080400.0,CA_2020,11
CA,Imperial,13,2022,general,0,0,103601.0,29869.0,,0.5594763801935116,,0.2883080279147885,4088484.0,CA_2022,12
CA,Imperial,13,2024,general,1,0,103601.0,54038.0,0.49560128446293866,,,0.5215972818795186,4096576.0,CA_2024,13
CA,Inyo,14,1998,general,0,0,12850.0,6891.0,,0.4771636426448822,,0.5342320799827576,3992004.0,CA_1998,0
CA,Inyo,14,2000,general,1,0,,,0.3600814640522003,,,,4000000.0,CA_2000,1
CA,Inyo,14,2002,general,0,0,,6459.0,,0.3721175789833069,,0.5045655965805054,4008004.0,CA_2002,2
CA,Inyo,14,2004,general,1,0,,8726.0,0.3968724012374878,,,0.6842728853225708,4016016.0,CA_2004,3
CA,Inyo,14,2006,general,0,0,,6627.0,,0.3115941882133484,,0.5216740965843201,4024036.0,CA_2006,4
CA,Inyo,14,2008,general,1,0,,8625.0,0.45281878113746643,,,0.6815786957740784,4032064.0,CA_2008,5
CA,Inyo,14,2010,general,0,0,13225.0,7124.0,,0.46897411346435547,,0.5386767387390137,4040100.0,CA_2010,6
CA,Inyo,14,2012,general,1,0,13605.0,8146.0,0.44086575508117676,,,0.5987504720687866,4048144.0,CA_2012,7
CA,Inyo,14,2014,general,0,0,13615.0,5592.0,,0.42678210139274597,,0.410723477602005,4056196.0,CA_2014,8
CA,Inyo,14,2016,general,1,0,13695.0,8342.0,0.42617857456207275,,,0.609127402305603,4064256.0,CA_2016,9
CA,Inyo,14,2018,general,0,0,13660.0,7392.0,,0.44670888781547546,,0.5411420464515686,4072324.0,CA_2018,10
CA,Inyo,14,2020,general,1,0,14190.0,9484.0,0.5007564296520424,,,0.6683579985905568,4080400.0,CA_2020,11
CA,Inyo,14,2022,general,0,0,14190.0,7477.0,,0.4523204493780928,,0.5269203664552502,4088484.0,CA_2022,12
CA,Inyo,14,2024,general,1,0,14190.0,8953.0,0.4846002999192525,,,0.6309372797744891,4096576.0,CA_2024,13
CA,Kern,15,1998,general,0,0,385495.0,142972.0,,0.4305362403392792,,0.3830912411212921,3992004.0,CA_1998,0
CA,Kern,15,2000,general,1,0,,,0.37360328435897827,,,,4000000.0,CA_2000,1
CA,Kern,15,2002,general,0,0,,140024.0,,0.3587774336338043,,0.35201025009155273,4008004.0,CA_2002,2
CA,Kern,15,2004,general,1,0,,214747.0,0.3282126188278198,,,0.5236802101135254,4016016.0,CA_2004,3
CA,Kern,15,2006,general,0,0,,152683.0,,0.24701422452926636,,0.36149823665618896,4024036.0,CA_2006,4
CA,Kern,15,2008,general,1,0,,235854.0,0.4094501733779907,,,0.5426290035247803,4032064.0,CA_2008,5
CA,Kern,15,2010,general,0,0,461535.0,175843.0,,0.39692097902297974,,0.3809960186481476,4040100.0,CA_2010,6
CA,Kern,15,2012,general,1,0,477950.0,223998.0,0.41411206126213074,,,0.4686640799045563,4048144.0,CA_2012,7
CA,Kern,15,2014,general,0,0,492330.0,136006.0,,0.40900319814682007,,0.2762496769428253,4056196.0,CA_2014,8
CA,Kern,15,2016,general,1,0,504215.0,251056.0,0.43232882022857666,,,0.497914582490921,4064256.0,CA_2016,9
CA,Kern,15,2018,general,0,0,515640.0,205816.0,,0.41060197353363037,,0.39914670586586,4072324.0,CA_2018,10
CA,Kern,15,2020,general,1,0,550337.0,305292.0,0.4477622964579486,,,0.5547364614772403,4080400.0,CA_2020,11
CA,Kern,15,2022,general,0,0,550337.0,188712.0,,0.36937767603544025,,0.34290262148465395,4088484.0,CA_2022,12
CA,Kern,15,2024,general,1,0,550337.0,283284.0,0.39200709836303055,,,0.5147464190123506,4096576.0,CA_2024,13
CA,Kings,16,1998,general,0,0,79865.0,23051.0,,0.5150856375694275,,0.29460448026657104,3992004.0,CA_1998,0
CA,Kings,16,2000,general,1,0,,,0.40269166231155396,,,,4000000.0,CA_2000,1
CA,Kings,16,2002,general,0,0,,21806.0,,0.38903340697288513,,0.26760390400886536,4008004.0,CA_2002,2
CA,Kings,16,2004,general,1,0,,32983.0,0.3402751684188843,,,0.396872878074646,4016016.0,CA_2004,3
CA,Kings,16,2006,general,0,0,,23387.0,,0.2880101799964905,,0.27602335810661316,4024036.0,CA_2006,4
CA,Kings,16,2008,general,1,0,,35775.0,0.42798271775245667,,,0.4143049120903015,4032064.0,CA_2008,5
CA,Kings,16,2010,general,0,0,89120.0,26876.0,,0.43338099122047424,,0.30157092213630676,4040100.0,CA_2010,6
CA,Kings,16,2012,general,1,0,90385.0,32041.0,0.42345839738845825,,,0.3544946610927582,4048144.0,CA_2012,7
CA,Kings,16,2014,general,0,0,91225.0,22763.0,,0.3919917643070221,,0.24952590465545654,4056196.0,CA_2014,8
CA,Kings,16,2016,general,1,0,91830.0,35019.0,0.42942288517951965,,,0.3813459575176239,4064256.0,CA_2016,9
CA,Kings,16,2018,general,0,0,93040.0,30606.0,,0.4057717025279999,,0.3289552927017212,4072324.0,CA_2018,10
CA,Kings,16,2020,general,1,0,93805.0,43861.0,0.4371887493862664,,,0.46757635520494645,4080400.0,CA_2020,11
CA,Kings,16,2022,general,0,1,93805.0,26912.0,,0.34887782401902495,,0.2868930227599808,4088484.0,CA_2022,12
CA,Kings,16,2024,general,1,1,93805.0,41508.0,0.38230729436109673,,,0.4424924044560524,4096576.0,CA_2024,13
CA,Lake,17,1998,general,0,0,42605.0,19247.0,,0.6218553185462952,,0.4631940722465515,3992004.0,CA_1998,0
CA,Lake,17,2000,general,1,0,,,0.551967442035675,,,,4000000.0,CA_2000,1
CA,Lake,17,2002,general,0,0,,16287.0,,0.534754753112793,,0.37306541204452515,4008004.0,CA_2002,2
CA,Lake,17,2004,general,1,0,,25136.0,0.5422546863555908,,,0.562207818031311,4016016.0,CA_2004,3
CA,Lake,17,2006,general,0,0,,19761.0,,0.39145928621292114,,0.43182429671287537,4024036.0,CA_2006,4
CA,Lake,17,2008,general,1,0,,25863.0,0.599217414855957,,,0.5524642467498779,4032064.0,CA_2008,5
CA,Lake,17,2010,general,0,0,47130.0,21487.0,,0.5654966831207275,,0.45590919256210327,4040100.0,CA_2010,6
CA,Lake,17,2012,general,1,0,47945.0,23685.0,0.5886061787605286,,,0.4940035343170166,4048144.0,CA_2012,7
CA,Lake,17,2014,general,0,0,48140.0,18061.0,,0.6127907633781433,,0.3751765787601471,4056196.0,CA_2014,8
CA,Lake,17,2016,general,1,0,48020.0,25085.0,0.5202913880348206,,,0.5223864912986755,4064256.0,CA_2016,9
CA,Lake,17,2018,general,0,0,47800.0,21465.0,,0.5139250159263611,,0.44905856251716614,4072324.0,CA_2018,10
CA,Lake,17,2020,general,1,0,49770.0,28812.0,0.5323902508551881,,,0.5789029535864979,4080400.0,CA_2020,11
CA,Lake,17,2022,general,0,0,49770.0,20131.0,,0.4853708211216532,,0.40448061080972475,4088484.0,CA_2022,12
CA,Lake,17,2024,general,1,0,49770.0,26761.0,0.49293007127721056,,,0.5376933895921238,4096576.0,CA_2024,13
CA,Lassen,18,1998,general,0,0,26190.0,8400.0,,0.48262694478034973,,0.32134658098220825,3992004.0,CA_1998,0
CA,Lassen,18,2000,general,1,0,,,0.2963625490665436,,,,4000000.0,CA_2000,1
CA,Lassen,18,2002,general,0,0,,7871.0,,0.34994956851005554,,0.2999618947505951,4008004.0,CA_2002,2
CA,Lassen,18,2004,general,1,0,,11540.0,0.2798652946949005,,,0.43895018100738525,4016016.0,CA_2004,3
CA,Lassen,18,2006,general,0,0,,8773.0,,0.29346469044685364,,0.33306756615638733,4024036.0,CA_2006,4
CA,Lassen,18,2008,general,1,0,,11510.0,0.323967844247818,,,0.43615004420280457,4032064.0,CA_2008,5
CA,Lassen,18,2010,general,0,0,26975.0,9451.0,,0.45678433775901794,,0.3503614366054535,4040100.0,CA_2010,6
CA,Lassen,18,2012,general,1,0,27355.0,10810.0,0.29500433802604675,,,0.3951745629310608,4048144.0,CA_2012,7
CA,Lassen,18,2014,general,0,0,26760.0,6972.0,,0.3243916630744934,,0.26053813099861145,4056196.0,CA_2014,8
CA,Lassen,18,2016,general,1,0,25265.0,10807.0,0.22698509693145752,,,0.42774587869644165,4064256.0,CA_2016,9
CA,Lassen,18,2018,general,0,0,25145.0,9132.0,,0.2265971601009369,,0.36317360401153564,4072324.0,CA_2018,10
CA,Lassen,18,2020,general,1,0,23317.0,11987.0,0.23782819270966096,,,0.5140884333319038,4080400.0,CA_2020,11
CA,Lassen,18,2022,general,0,0,23317.0,9170.0,,0.1574700109051254,,0.3932752927048934,4088484.0,CA_2022,12
CA,Lassen,18,2024,general,1,0,23317.0,11371.0,0.22330359556636928,,,0.4876699403868422,4096576.0,CA_2024,13
CA,Los Angeles,19,1998,general,0,0,4992965.0,2058862.0,,0.6782702803611755,,0.4207468032836914,3992004.0,CA_1998,0
CA,Los Angeles,19,2000,general,1,0,,,0.6623613238334656,,,,4000000.0,CA_2000,1
CA,Los Angeles,19,2002,general,0,0,,1784320.0,,0.6157734990119934,,0.35037654638290405,4008004.0,CA_2002,2
CA,Los Angeles,19,2004,general,1,0,,3085582.0,0.6393300890922546,,,0.5942735075950623,4016016.0,CA_2004,3
CA,Los Angeles,19,2006,general,0,0,,2033119.0,,0.5157940983772278,,0.38420140743255615,4024036.0,CA_2006,4
CA,Los Angeles,19,2008,general,1,0,,3368057.0,0.7059215307235718,,,0.624707043170929,4032064.0,CA_2008,5
CA,Los Angeles,19,2010,general,0,0,5531465.0,2377105.0,,0.6600602269172668,,0.42974239587783813,4040100.0,CA_2010,6
CA,Los Angeles,19,2012,general,1,0,5713775.0,3236704.0,0.7146145701408386,,,0.5664738416671753,4048144.0,CA_2012,7
CA,Los Angeles,19,2014,general,0,0,5931645.0,1518835.0,,0.668436586856842,,0.2560562789440155,4056196.0,CA_2014,8
CA,Los Angeles,19,2016,general,1,0,6123490.0,3544115.0,0.7619920969009399,,,0.5787736773490906,4064256.0,CA_2016,9
CA,Los Angeles,19,2018,general,0,0,6272375.0,3023417.0,,0.7190161347389221,,0.4820210933685303,4072324.0,CA_2018,10
CA,Los Angeles,19,2020,general,1,1,6394560.0,4264365.0,0.7255831056567208,,,0.6668738740429365,4080400.0,CA_2020,11
CA,Los Angeles,19,2022,general,0,1,6394560.0,2389227.0,,0.6780657509730135,,0.37363430791172497,4088484.0,CA_2022,12
CA,Los Angeles,19,2024,general,1,1,6394560.0,3729089.0,0.6701215507416056,,,0.5831658472201371,4096576.0,CA_2024,13
CA,Madera,20,1998,general,0,0,71505.0,27181.0,,0.42237594723701477,,0.39344286918640137,3992004.0,CA_1998,0
CA,Madera,20,2000,general,1,0,,,0.36482635140419006,,,,4000000.0,CA_2000,1
CA,Madera,20,2002,general,0,0,,26874.0,,0.3393351137638092,,0.36353060603141785,4008004.0,CA_2002,2
CA,Madera,20,2004,general,1,0,,39211.0,0.3515070974826813,,,0.5136027336120605,4016016.0,CA_2004,3
CA,Madera,20,2006,general,0,0,,30795.0,,0.2586797773838043,,0.39097315073013306,4024036.0,CA_2006,4
CA,Madera,20,2008,general,1,0,,43032.0,0.43221378326416016,,,0.530048668384552,4032064.0,CA_2008,5
CA,Madera,20,2010,general,0,0,84615.0,34987.0,,0.3937765061855316,,0.4134846031665802,4040100.0,CA_2010,6
CA,Madera,20,2012,general,1,0,85805.0,40325.0,0.41209158301353455,,,0.4699609577655792,4048144.0,CA_2012,7
CA,Madera,20,2014,general,0,0,87235.0,27370.0,,0.3721780776977539,,0.3137502074241638,4056196.0,CA_2014,8
CA,Madera,20,2016,general,1,0,88435.0,44186.0,0.4216560125350952,,,0.49964380264282227,4064256.0,CA_2016,9
CA,Madera,20,2018,general,0,1,91295.0,38968.0,,0.39031797647476196,,0.4268360733985901,4072324.0,CA_2018,10
CA,Madera,20,2020,general,1,1,97627.0,53732.0,0.44090891790050624,,,0.5503805299763385,4080400.0,CA_2020,11
CA,Madera,20,2022,general,0,1,97627.0,36961.0,,0.3593788046860204,,0.37859403648580825,4088484.0,CA_2022,12
CA,Madera,20,2024,general,1,1,97627.0,54632.0,0.393455227379278,,,0.5595992911796941,4096576.0,CA_2024,13
CA,Marin,21,1998,general,0,0,175745.0,103369.0,,0.7190564274787903,,0.5863632559776306,3992004.0,CA_1998,0
CA,Marin,21,2000,general,1,0,,,0.6941240429878235,,,,4000000.0,CA_2000,1
CA,Marin,21,2002,general,0,0,,91828.0,,0.6687918901443481,,0.5241274237632751,4008004.0,CA_2002,2
CA,Marin,21,2004,general,1,0,,136625.0,0.742386519908905,,,0.7822415232658386,4016016.0,CA_2004,3
CA,Marin,21,2006,general,0,0,,108640.0,,0.5101233720779419,,0.6239554286003113,4024036.0,CA_2006,4
CA,Marin,21,2008,general,1,0,,141321.0,0.7938767075538635,,,0.8141939043998718,4032064.0,CA_2008,5
CA,Marin,21,2010,general,0,0,173395.0,115685.0,,0.7218323945999146,,0.6671761274337769,4040100.0,CA_2010,6
CA,Marin,21,2012,general,1,0,176330.0,135438.0,0.7638710737228394,,,0.7680939435958862,4048144.0,CA_2012,7
CA,Marin,21,2014,general,0,0,179150.0,89536.0,,0.7935447692871094,,0.4997822940349579,4056196.0,CA_2014,8
CA,Marin,21,2016,general,1,0,182750.0,143041.0,0.8331443071365356,,,0.7827140688896179,4064256.0,CA_2016,9
CA,Marin,21,2018,general,0,0,184545.0,132434.0,,0.7948949933052063,,0.7176244258880615,4072324.0,CA_2018,10
CA,Marin,21,2020,general,1,0,185340.0,155830.0,0.839032047089601,,,0.8407791086651559,4080400.0,CA_2020,11
CA,Marin,21,2022,general,0,1,185340.0,119064.0,,0.8003174763152591,,0.6424085464551634,4088484.0,CA_2022,12
CA,Marin,21,2024,general,1,1,185340.0,144129.0,0.8284381552857938,,,0.7776464875364195,4096576.0,CA_2024,13
CA,Mariposa,22,1998,general,0,0,13190.0,7249.0,,0.4380466341972351,,0.5585224032402039,3992004.0,CA_1998,0
CA,Mariposa,22,2000,general,1,0,,,0.37332627177238464,,,,4000000.0,CA_2000,1
CA,Mariposa,22,2002,general,0,0,,6682.0,,0.36366745829582214,,0.4986153542995453,4008004.0,CA_2002,2
CA,Mariposa,22,2004,general,1,0,,9329.0,0.3840066194534302,,,0.6853399276733398,4016016.0,CA_2004,3
CA,Mariposa,22,2006,general,0,0,,7758.0,,0.2812013030052185,,0.5612249970436096,4024036.0,CA_2006,4
CA,Mariposa,22,2008,general,1,0,,9756.0,0.4362630248069763,,,0.6951468586921692,4032064.0,CA_2008,5
CA,Mariposa,22,2010,general,0,0,14515.0,8379.0,,0.4054018557071686,,0.5772649049758911,4040100.0,CA_2010,6
CA,Mariposa,22,2012,general,1,0,14730.0,9102.0,0.40495485067367554,,,0.6179226040840149,4048144.0,CA_2012,7
CA,Mariposa,22,2014,general,0,0,14335.0,6696.0,,0.3822854459285736,,0.46710848808288574,4056196.0,CA_2014,8
CA,Mariposa,22,2016,general,1,0,14060.0,9243.0,0.3758276104927063,,,0.6573968529701233,4064256.0,CA_2016,9
CA,Mariposa,22,2018,general,0,0,14000.0,8333.0,,0.38694384694099426,,0.595214307308197,4072324.0,CA_2018,10
CA,Mariposa,22,2020,general,1,1,13315.0,10280.0,0.4072524407252441,,,0.7720615846789335,4080400.0,CA_2020,11
CA,Mariposa,22,2022,general,0,1,13315.0,7840.0,,0.37551020408163266,,0.588809613218175,4088484.0,CA_2022,12
CA,Mariposa,22,2024,general,1,1,13315.0,9509.0,0.39169460365523956,,,0.7141569658280135,4096576.0,CA_2024,13
CA,Mendocino,23,1998,general,0,0,59080.0,29518.0,,0.6551435589790344,,0.5032239556312561,3992004.0,CA_1998,0
CA,Mendocino,23,2000,general,1,0,,,0.5754514336585999,,,,4000000.0,CA_2000,1
CA,Mendocino,23,2002,general,0,0,,25792.0,,0.5652559399604797,,0.43346279859542847,4008004.0,CA_2002,2
CA,Mendocino,23,2004,general,1,0,,38902.0,0.6530530452728271,,,0.6491841673851013,4016016.0,CA_2004,3
CA,Mendocino,23,2006,general,0,0,,31521.0,,0.49618595838546753,,0.5223320722579956,4024036.0,CA_2006,4
CA,Mendocino,23,2008,general,1,0,,40580.0,0.7219945788383484,,,0.6677758693695068,4032064.0,CA_2008,5
CA,Mendocino,23,2010,general,0,0,61960.0,32500.0,,0.6794345378875732,,0.5245319604873657,4040100.0,CA_2010,6
CA,Mendocino,23,2012,general,1,0,61775.0,36080.0,0.7060059309005737,,,0.5840550661087036,4048144.0,CA_2012,7
CA,Mendocino,23,2014,general,0,0,61450.0,25017.0,,0.717566728591919,,0.4071114659309387,4056196.0,CA_2014,8
CA,Mendocino,23,2016,general,1,0,61790.0,38730.0,0.6697303652763367,,,0.6268004775047302,4064256.0,CA_2016,9
CA,Mendocino,23,2018,general,0,0,61745.0,33966.0,,0.6630945801734924,,0.5501012206077576,4072324.0,CA_2018,10
CA,Mendocino,23,2020,general,1,0,65431.0,43340.0,0.684487145948774,,,0.6623771606730755,4080400.0,CA_2020,11
CA,Mendocino,23,2022,general,0,0,65431.0,30394.0,,0.6261433177600843,,0.46451987589980287,4088484.0,CA_2022,12
CA,Mendocino,23,2024,general,1,0,65431.0,39219.0,0.6399925486334727,,,0.5993947822897403,4096576.0,CA_2024,13
CA,Merced,24,1998,general,0,0,109900.0,40449.0,,0.547308623790741,,0.3821471333503723,3992004.0,CA_1998,0
CA,Merced,24,2000,general,1,0,,,0.4654296636581421,,,,4000000.0,CA_2000,1
CA,Merced,24,2002,general,0,0,,41765.0,,0.484971284866333,,0.36650967597961426,4008004.0,CA_2002,2
CA,Merced,24,2004,general,1,0,,58752.0,0.42768579721450806,,,0.49787017703056335,4016016.0,CA_2004,3
CA,Merced,24,2006,general,0,0,,42937.0,,0.3484276533126831,,0.3517696261405945,4024036.0,CA_2006,4
CA,Merced,24,2008,general,1,0,,64688.0,0.5424563884735107,,,0.5129354596138,4032064.0,CA_2008,5
CA,Merced,24,2010,general,0,0,133425.0,48822.0,,0.4873741865158081,,0.36591342091560364,4040100.0,CA_2010,6
CA,Merced,24,2012,general,1,0,136915.0,62804.0,0.5447627902030945,,,0.4587079584598541,4048144.0,CA_2012,7
CA,Merced,24,2014,general,0,0,141870.0,38672.0,,0.5012832880020142,,0.2725875675678253,4056196.0,CA_2014,8
CA,Merced,24,2016,general,1,0,145565.0,72631.0,0.5650495290756226,,,0.4989592134952545,4064256.0,CA_2016,9
CA,Merced,24,2018,general,0,0,149115.0,60170.0,,0.5199216604232788,,0.4035140573978424,4072324.0,CA_2018,10
CA,Merced,24,2020,general,1,0,166079.0,90554.0,0.5542720731320994,,,0.5452465392975632,4080400.0,CA_2020,11
CA,Merced,24,2022,general,0,1,166079.0,55273.0,,0.4559188030322219,,0.3328114933254656,4088484.0,CA_2022,12
CA,Merced,24,2024,general,1,1,166079.0,86411.0,0.4776279042129657,,,0.5203005798445318,4096576.0,CA_2024,13
CA,Modoc,25,1998,general,0,0,6710.0,3586.0,,0.4348355531692505,,0.53691565990448,3992004.0,CA_1998,0
CA,Modoc,25,2000,general,1,0,,,0.24144098162651062,,,,4000000.0,CA_2000,1
CA,Modoc,25,2002,general,0,0,,3464.0,,0.2940215468406677,,0.5138618350028992,4008004.0,CA_2002,2
CA,Modoc,25,2004,general,1,0,,4507.0,0.26208940148353577,,,0.66551274061203,4016016.0,CA_2004,3
CA,Modoc,25,2006,general,0,0,,3843.0,,0.20354729890823364,,0.5648701190948486,4024036.0,CA_2006,4
CA,Modoc,25,2008,general,1,0,,4505.0,0.3057754933834076,,,0.6591611504554749,4032064.0,CA_2008,5
CA,Modoc,25,2010,general,0,0,7090.0,3869.0,,0.29056602716445923,,0.5456981658935547,4040100.0,CA_2010,6
CA,Modoc,25,2012,general,1,0,7110.0,4061.0,0.28575101494789124,,,0.5711673498153687,4048144.0,CA_2012,7
CA,Modoc,25,2014,general,0,0,6905.0,2910.0,,0.2719886898994446,,0.4214337468147278,4056196.0,CA_2014,8
CA,Modoc,25,2016,general,1,0,6790.0,3886.0,0.24545200169086456,,,0.5723122358322144,4064256.0,CA_2016,9
CA,Modoc,25,2018,general,0,0,6735.0,3497.0,,0.23781903088092804,,0.519227921962738,4072324.0,CA_2018,10
CA,Modoc,25,2020,general,1,0,6607.0,4343.0,0.2700164357830477,,,0.6573331315271681,4080400.0,CA_2020,11
CA,Modoc,25,2022,general,0,0,6607.0,3412.0,,0.20134818288393905,,0.5164219766913879,4088484.0,CA_2022,12
CA,Modoc,25,2024,general,1,0,6607.0,4016.0,0.2589928057553957,,,0.6078401695171788,4096576.0,CA_2024,13
CA,Mono,26,1998,general,0,0,8960.0,3531.0,,0.5001524090766907,,0.3949664533138275,3992004.0,CA_1998,0
CA,Mono,26,2000,general,1,0,,,0.43780606985092163,,,,4000000.0,CA_2000,1
CA,Mono,26,2002,general,0,0,,3104.0,,0.4067278206348419,,0.34565702080726624,4008004.0,CA_2002,2
CA,Mono,26,2004,general,1,0,,5412.0,0.5006667971611023,,,0.6013333201408386,4016016.0,CA_2004,3
CA,Mono,26,2006,general,0,0,,3864.0,,0.33686622977256775,,0.42838138341903687,4024036.0,CA_2006,4
CA,Mono,26,2008,general,1,0,,5621.0,0.5678355097770691,,,0.6217920184135437,4032064.0,CA_2008,5
CA,Mono,26,2010,general,0,0,9265.0,4511.0,,0.4937910735607147,,0.4868861436843872,4040100.0,CA_2010,6
CA,Mono,26,2012,general,1,0,9660.0,5223.0,0.5446392893791199,,,0.5406832098960876,4048144.0,CA_2012,7
CA,Mono,26,2014,general,0,0,9380.0,3155.0,,0.5309043526649475,,0.33635395765304565,4056196.0,CA_2014,8
CA,Mono,26,2016,general,1,0,9335.0,5485.0,0.5677723288536072,,,0.5875736474990845,4064256.0,CA_2016,9
CA,Mono,26,2018,general,0,0,9700.0,4928.0,,0.5575932264328003,,0.508041262626648,4072324.0,CA_2018,10
CA,Mono,26,2020,general,1,0,9616.0,6738.0,0.6149249157217285,,,0.7007071547420965,4080400.0,CA_2020,11
CA,Mono,26,2022,general,0,0,9616.0,4569.0,,0.5456336178594878,,0.47514559068219636,4088484.0,CA_2022,12
CA,Mono,26,2024,general,1,0,9616.0,6064.0,0.6055708390646493,,,0.6306156405990017,4096576.0,CA_2024,13
CA,Monterey,27,1998,general,0,0,217070.0,92431.0,,0.6223248243331909,,0.4258533716201782,3992004.0,CA_1998,0
CA,Monterey,27,2000,general,1,0,,,0.6070982813835144,,,,4000000.0,CA_2000,1
CA,Monterey,27,2002,general,0,0,,89434.0,,0.5987478494644165,,0.4119652807712555,4008004.0,CA_2002,2
CA,Monterey,27,2004,general,1,0,,126751.0,0.611322820186615,,,0.5838040709495544,4016016.0,CA_2004,3
CA,Monterey,27,2006,general,0,0,,89436.0,,0.4327715337276459,,0.41189438104629517,4024036.0,CA_2006,4
CA,Monterey,27,2008,general,1,0,,131381.0,0.6951119899749756,,,0.6050118207931519,4032064.0,CA_2008,5
CA,Monterey,27,2010,general,0,0,218410.0,101449.0,,0.6308470368385315,,0.46448880434036255,4040100.0,CA_2010,6
CA,Monterey,27,2012,general,1,0,223130.0,124902.0,0.6892195343971252,,,0.5597723126411438,4048144.0,CA_2012,7
CA,Monterey,27,2014,general,0,0,227375.0,75115.0,,0.6943279504776001,,0.3303573429584503,4056196.0,CA_2014,8
CA,Monterey,27,2016,general,1,0,229575.0,137102.0,0.7185501456260681,,,0.5971992015838623,4064256.0,CA_2016,9
CA,Monterey,27,2018,general,0,0,230715.0,117631.0,,0.6598257422447205,,0.5098541378974915,4072324.0,CA_2018,10
CA,Monterey,27,2020,general,1,0,241736.0,163923.0,0.7110862890946759,,,0.6781075222556839,4080400.0,CA_2020,11
CA,Monterey,27,2022,general,0,0,241736.0,102129.0,,0.6390153629233616,,0.4224815501207929,4088484.0,CA_2022,12
CA,Monterey,27,2024,general,1,0,241736.0,146754.0,0.6540348312553589,,,0.6070837607969024,4096576.0,CA_2024,13
CA,Napa,28,1998,general,0,0,81325.0,43680.0,,0.6294571161270142,,0.5426124334335327,3992004.0,CA_1998,0
CA,Napa,28,2000,general,1,0,,,0.5765852928161621,,,,4000000.0,CA_2000,1
CA,Napa,28,2002,general,0,0,,37889.0,,0.565050482749939,,0.46121418476104736,4008004.0,CA_2002,2
CA,Napa,28,2004,general,1,0,,57095.0,0.604145348072052,,,0.6880896091461182,4016016.0,CA_2004,3
CA,Napa,28,2006,general,0,0,,43472.0,,0.4158121347427368,,0.5187486410140991,4024036.0,CA_2006,4
CA,Napa,28,2008,general,1,0,,60366.0,0.6659866571426392,,,0.7133166193962097,4032064.0,CA_2008,5
CA,Napa,28,2010,general,0,0,86275.0,47821.0,,0.5996102094650269,,0.5542857050895691,4040100.0,CA_2010,6
CA,Napa,28,2012,general,1,0,87945.0,57672.0,0.6475196480751038,,,0.6557735204696655,4048144.0,CA_2012,7
CA,Napa,28,2014,general,0,0,90545.0,38766.0,,0.6818625330924988,,0.42814069986343384,4056196.0,CA_2014,8
CA,Napa,28,2016,general,1,0,92980.0,63255.0,0.6924394965171814,,,0.6803075671195984,4064256.0,CA_2016,9
CA,Napa,28,2018,general,0,1,94890.0,57132.0,,0.648002564907074,,0.60208660364151,4072324.0,CA_2018,10
CA,Napa,28,2020,general,1,1,96043.0,72150.0,0.7066942817017292,,,0.7512260133481878,4080400.0,CA_2020,11
CA,Napa,28,2022,general,0,1,96043.0,50108.0,,0.6473417418376307,,0.5217246441697989,4088484.0,CA_2022,12
CA,Napa,28,2024,general,1,1,96043.0,65561.0,0.6797652944045054,,,0.6826213258644566,4096576.0,CA_2024,13
CA,Nevada,29,1998,general,0,0,69110.0,39296.0,,0.47049030661582947,,0.5801384449005127,3992004.0,CA_1998,0
CA,Nevada,29,2000,general,1,0,,,0.4046441316604614,,,,4000000.0,CA_2000,1
CA,Nevada,29,2002,general,0,0,,40350.0,,0.393323689699173,,0.5724667310714722,4008004.0,CA_2002,2
CA,Nevada,29,2004,general,1,0,,54508.0,0.4568949341773987,,,0.7585421800613403,4016016.0,CA_2004,3
CA,Nevada,29,2006,general,0,0,,43996.0,,0.292874276638031,,0.6007646322250366,4024036.0,CA_2006,4
CA,Nevada,29,2008,general,1,0,,56177.0,0.5272107720375061,,,0.7529643774032593,4032064.0,CA_2008,5
CA,Nevada,29,2010,general,0,0,75850.0,49637.0,,0.47914981842041016,,0.6544100046157837,4040100.0,CA_2010,6
CA,Nevada,29,2012,general,1,0,77125.0,52173.0,0.4967471659183502,,,0.6764732599258423,4048144.0,CA_2012,7
CA,Nevada,29,2014,general,0,0,77610.0,39629.0,,0.5463211536407471,,0.510617196559906,4056196.0,CA_2014,8
CA,Nevada,29,2016,general,1,0,78225.0,56800.0,0.5271965861320496,,,0.726110577583313,4064256.0,CA_2016,9
CA,Nevada,29,2018,general,0,1,78930.0,54996.0,,0.5293472409248352,,0.6967692971229553,4072324.0,CA_2018,10
CA,Nevada,29,2020,general,1,1,81581.0,64750.0,0.5758655643194273,,,0.7936897071622069,4080400.0,CA_2020,11
CA,Nevada,29,2022,general,0,1,81581.0,50737.0,,0.5253562488913416,,0.6219217710006006,4088484.0,CA_2022,12
CA,Nevada,29,2024,general,1,1,81581.0,62144.0,0.5634328980503994,,,0.7617459947781959,4096576.0,CA_2024,13
CA,Orange,30,1998,general,0,0,1631415.0,721094.0,,0.46187007427215576,,0.4509422779083252,3992004.0,CA_1998,0
CA,Orange,30,2000,general,1,0,,,0.4199029505252838,,,,4000000.0,CA_2000,1
CA,Orange,30,2002,general,0,0,,662296.0,,0.37633174657821655,,0.3980748951435089,4008004.0,CA_2002,2
CA,Orange,30,2004,general,1,0,,1094405.0,0.39510929584503174,,,0.6452557444572449,4016016.0,CA_2004,3
CA,Orange,30,2006,general,0,0,,756348.0,,0.2675919830799103,,0.4375971555709839,4024036.0,CA_2006,4
CA,Orange,30,2008,general,1,0,,1167657.0,0.4869283139705658,,,0.6631611585617065,4032064.0,CA_2008,5
CA,Orange,30,2010,general,0,0,1793565.0,898205.0,,0.39667680859565735,,0.5007930994033813,4040100.0,CA_2010,6
CA,Orange,30,2012,general,1,0,1859565.0,1133204.0,0.46807920932769775,,,0.609391987323761,4048144.0,CA_2012,7
CA,Orange,30,2014,general,0,0,1934130.0,640358.0,,0.4443131983280182,,0.3310832381248474,4056196.0,CA_2014,8
CA,Orange,30,2016,general,1,0,1987335.0,1239405.0,0.5460174679756165,,,0.6236518025398254,4064256.0,CA_2016,9
CA,Orange,30,2018,general,0,0,2041825.0,1106729.0,,0.5014293789863586,,0.5420293211936951,4072324.0,CA_2018,10
CA,Orange,30,2020,general,1,1,2130945.0,1522113.0,0.5461289346510952,,,0.7142901388820453,4080400.0,CA_2020,11
CA,Orange,30,2022,general,0,1,2130945.0,956940.0,,0.48509415428344516,,0.44906837107480485,4088484.0,CA_2022,12
CA,Orange,30,2024,general,1,1,2130945.0,1391307.0,0.5137076639045379,,,0.6529061050379057,4096576.0,CA_2024,13
CA,Placer,31,1998,general,0,0,175125.0,89784.0,,0.447900652885437,,0.5557373762130737,3992004.0,CA_1998,0
CA,Placer,31,2000,general,1,0,,,0.378050297498703,,,,4000000.0,CA_2000,1
CA,Placer,31,2002,general,0,0,,99292.0,,0.32708510756492615,,0.5262129306793213,4008004.0,CA_2002,2
CA,Placer,31,2004,general,1,0,,154497.0,0.36671683192253113,,,0.763859748840332,4016016.0,CA_2004,3
CA,Placer,31,2006,general,0,0,,125662.0,,0.2251400649547577,,0.5822402238845825,4024036.0,CA_2006,4
CA,Placer,31,2008,general,1,0,,175215.0,0.4424625635147095,,,0.7638245820999146,4032064.0,CA_2008,5
CA,Placer,31,2010,general,0,0,238305.0,145180.0,,0.4013354182243347,,0.6092192530632019,4040100.0,CA_2010,6
CA,Placer,31,2012,general,1,0,250085.0,172757.0,0.4007340669631958,,,0.6907931566238403,4048144.0,CA_2012,7
CA,Placer,31,2014,general,0,0,261560.0,115547.0,,0.45408302545547485,,0.44176098704338074,4056196.0,CA_2014,8
CA,Placer,31,2016,general,1,0,271235.0,190550.0,0.43587493896484375,,,0.7025273442268372,4064256.0,CA_2016,9
CA,Placer,31,2018,general,0,0,280785.0,177725.0,,0.4119662344455719,,0.6329575777053833,4072324.0,CA_2018,10
CA,Placer,31,2020,general,1,0,311090.0,235084.0,0.46595046150760605,,,0.7556784210357131,4080400.0,CA_2020,11
CA,Placer,31,2022,general,0,0,311090.0,182069.0,,0.4043467037222152,,0.5852614998874923,4088484.0,CA_2022,12
CA,Placer,31,2024,general,1,1,311090.0,234871.0,0.4561582104353244,,,0.7549937317175094,4096576.0,CA_2024,13
CA,Plumas,32,1998,general,0,0,15885.0,8698.0,,0.4570179581642151,,0.5509131550788879,3992004.0,CA_1998,0
CA,Plumas,32,2000,general,1,0,,,0.35282114148139954,,,,4000000.0,CA_2000,1
CA,Plumas,32,2002,general,0,0,,8098.0,,0.37608569860458374,,0.5067055821418762,4008004.0,CA_2002,2
CA,Plumas,32,2004,general,1,0,,11293.0,0.3742069900035858,,,0.7023738026618958,4016016.0,CA_2004,3
CA,Plumas,32,2006,general,0,0,,8995.0,,0.2626286745071411,,0.5561050772666931,4024036.0,CA_2006,4
CA,Plumas,32,2008,general,1,0,,11169.0,0.4386046528816223,,,0.6864078640937805,4032064.0,CA_2008,5
CA,Plumas,32,2010,general,0,0,16010.0,9395.0,,0.39990711212158203,,0.5868207216262817,4040100.0,CA_2010,6
CA,Plumas,32,2012,general,1,0,15845.0,10146.0,0.41305017471313477,,,0.6403281688690186,4048144.0,CA_2012,7
CA,Plumas,32,2014,general,0,0,15475.0,7243.0,,0.41745248436927795,,0.4680452346801758,4056196.0,CA_2014,8
CA,Plumas,32,2016,general,1,0,15145.0,10044.0,0.3895708918571472,,,0.663189172744751,4064256.0,CA_2016,9
CA,Plumas,32,2018,general,0,0,15240.0,9390.0,,0.3715367913246155,,0.6161417365074158,4072324.0,CA_2018,10
CA,Plumas,32,2020,general,1,0,15821.0,11260.0,0.41441032164274033,,,0.7117122811453132,4080400.0,CA_2020,11
CA,Plumas,32,2022,general,0,0,15821.0,8633.0,,0.357118035445384,,0.5456671512546615,4088484.0,CA_2022,12
CA,Plumas,32,2024,general,1,0,15821.0,10070.0,0.4125192406362237,,,0.6364957967258706,4096576.0,CA_2024,13
CA,Riverside,33,1998,general,0,0,918775.0,343458.0,,0.5279732942581177,,0.40035280585289,3992004.0,CA_1998,0
CA,Riverside,33,2000,general,1,0,,,0.46619459986686707,,,,4000000.0,CA_2000,1
CA,Riverside,33,2002,general,0,0,,309952.0,,0.4331727623939514,,0.31638675928115845,4008004.0,CA_2002,2
CA,Riverside,33,2004,general,1,0,,562498.0,0.41504573822021484,,,0.5405784845352173,4016016.0,CA_2004,3
CA,Riverside,33,2006,general,0,0,,390958.0,,0.31488314270973206,,0.3549533188343048,4024036.0,CA_2006,4
CA,Riverside,33,2008,general,1,0,,657005.0,0.5117910504341125,,,0.5652523040771484,4032064.0,CA_2008,5
CA,Riverside,33,2010,general,0,0,1244760.0,492040.0,,0.4575873911380768,,0.3952890634536743,4040100.0,CA_2010,6
CA,Riverside,33,2012,general,1,0,1321020.0,669627.0,0.5084488391876221,,,0.5069015026092529,4048144.0,CA_2012,7
CA,Riverside,33,2014,general,0,0,1394565.0,357764.0,,0.4708596169948578,,0.2565416395664215,4056196.0,CA_2014,8
CA,Riverside,33,2016,general,1,0,1453255.0,769193.0,0.5286107063293457,,,0.5292897820472717,4064256.0,CA_2016,9
CA,Riverside,33,2018,general,0,0,1522140.0,650545.0,,0.4981326460838318,,0.42738839983940125,4072324.0,CA_2018,10
CA,Riverside,33,2020,general,1,0,1654262.0,997156.0,0.5405101259969473,,,0.6027799707664203,4080400.0,CA_2020,11
CA,Riverside,33,2022,general,0,1,1654262.0,595901.0,,0.47826736320294816,,0.36022165775433396,4088484.0,CA_2022,12
CA,Riverside,33,2024,general,1,1,1654262.0,940510.0,0.4935032590208846,,,0.5685375109867723,4096576.0,CA_2024,13
CA,Sacramento,34,1998,general,0,0,796640.0,369395.0,,0.5913274884223938,,0.47627338767051697,3992004.0,CA_1998,0
CA,Sacramento,34,2000,general,1,0,,,0.5210241675376892,,,,4000000.0,CA_2000,1
CA,Sacramento,34,2002,general,0,0,,331039.0,,0.466896116733551,,0.40484878420829773,4008004.0,CA_2002,2
CA,Sacramento,34,2004,general,1,0,,482012.0,0.501183807849884,,,0.574691891670227,4016016.0,CA_2004,3
CA,Sacramento,34,2006,general,0,0,,368162.0,,0.36104607582092285,,0.42820653319358826,4024036.0,CA_2006,4
CA,Sacramento,34,2008,general,1,0,,546660.0,0.5970808863639832,,,0.6206246614456177,4032064.0,CA_2008,5
CA,Sacramento,34,2010,general,0,0,907820.0,428543.0,,0.5960648655891418,,0.4720572233200073,4040100.0,CA_2010,6
CA,Sacramento,34,2012,general,1,0,938540.0,522045.0,0.5974012613296509,,,0.5562309622764587,4048144.0,CA_2012,7
CA,Sacramento,34,2014,general,0,0,970415.0,330817.0,,0.6232825517654419,,0.3409025967121124,4056196.0,CA_2014,8
CA,Sacramento,34,2016,general,1,0,999780.0,575711.0,0.632057785987854,,,0.5758376717567444,4064256.0,CA_2016,9
CA,Sacramento,34,2018,general,0,1,1027550.0,522652.0,,0.58809494972229,,0.5086389780044556,4072324.0,CA_2018,10
CA,Sacramento,34,2020,general,1,1,1104256.0,718440.0,0.6295341560353778,,,0.6506100034774545,4080400.0,CA_2020,11
CA,Sacramento,34,2022,general,0,1,1104256.0,477613.0,,0.5751099739747453,,0.43252017648081603,4088484.0,CA_2022,12
CA,Sacramento,34,2024,general,1,1,1104256.0,656747.0,0.6021170767424538,,,0.5947416178857077,4096576.0,CA_2024,13
CA,San Benito,35,1998,general,0,0,30395.0,13302.0,,0.6025764346122742,,0.4393724203109741,3992004.0,CA_1998,0
CA,San Benito,35,2000,general,1,0,,,0.565527081489563,,,,4000000.0,CA_2000,1
CA,San Benito,35,2002,general,0,0,,12706.0,,0.5395112633705139,,0.41638538241386414,4008004.0,CA_2002,2
CA,San Benito,35,2004,general,1,0,,19291.0,0.5310798287391663,,,0.6297045946121216,4016016.0,CA_2004,3
CA,San Benito,35,2006,general,0,0,,14646.0,,0.3968254029750824,,0.4762152433395386,4024036.0,CA_2006,4
CA,San Benito,35,2008,general,1,0,,19982.0,0.6161203384399414,,,0.647190272808075,4032064.0,CA_2008,5
CA,San Benito,35,2010,general,0,0,30685.0,16420.0,,0.5428515672683716,,0.5351148843765259,4040100.0,CA_2010,6
CA,San Benito,35,2012,general,1,0,32530.0,19249.0,0.6056179404258728,,,0.5917307138442993,4048144.0,CA_2012,7
CA,San Benito,35,2014,general,0,0,34455.0,14035.0,,0.6352491974830627,,0.40734291076660156,4056196.0,CA_2014,8
CA,San Benito,35,2016,general,1,0,35765.0,22544.0,0.6149199604988098,,,0.6303369402885437,4064256.0,CA_2016,9
CA,San Benito,35,2018,general,0,0,37200.0,20592.0,,0.5612026453018188,,0.5535483956336975,4072324.0,CA_2018,10
CA,San Benito,35,2020,general,1,0,43074.0,28830.0,0.6247076334254731,,,0.6693132748293634,4080400.0,CA_2020,11
CA,San Benito,35,2022,general,0,1,43074.0,19578.0,,0.5326386760649708,,0.4545201281515531,4088484.0,CA_2022,12
CA,San Benito,35,2024,general,1,1,43074.0,27652.0,0.5646739332614114,,,0.6419649904814969,4096576.0,CA_2024,13
CA,San Bernardino,36,1998,general,0,0,989410.0,342735.0,,0.5479674339294434,,0.35972270369529724,3992004.0,CA_1998,0
CA,San Bernardino,36,2000,general,1,0,,,0.4919726252555847,,,,4000000.0,CA_2000,1
CA,San Bernardino,36,2002,general,0,0,,294361.0,,0.4503297805786133,,0.28688913583755493,4008004.0,CA_2002,2
CA,San Bernardino,36,2004,general,1,0,,528387.0,0.44051674008369446,,,0.4972217082977295,4016016.0,CA_2004,3
CA,San Bernardino,36,2006,general,0,0,,358417.0,,0.350251704454422,,0.32603713870048523,4024036.0,CA_2006,4
CA,San Bernardino,36,2008,general,1,0,,616320.0,0.5322965979576111,,,0.5425601601600647,4032064.0,CA_2008,5
CA,San Bernardino,36,2010,general,0,0,1175860.0,445300.0,,0.4941982626914978,,0.3787015378475189,4040100.0,CA_2010,6
CA,San Bernardino,36,2012,general,1,0,1221670.0,589611.0,0.5376682877540588,,,0.4826270639896393,4048144.0,CA_2012,7
CA,San Bernardino,36,2014,general,0,0,1269345.0,293283.0,,0.4685559868812561,,0.23105065524578094,4056196.0,CA_2014,8
CA,San Bernardino,36,2016,general,1,0,1311445.0,672871.0,0.556850254535675,,,0.5130760073661804,4064256.0,CA_2016,9
CA,San Bernardino,36,2018,general,0,0,1347820.0,546041.0,,0.5153512358665466,,0.40512901544570923,4072324.0,CA_2018,10
CA,San Bernardino,36,2020,general,1,0,1425320.0,841130.0,0.5544947428343445,,,0.5901341453147363,4080400.0,CA_2020,11
CA,San Bernardino,36,2022,general,0,0,1425320.0,454500.0,,0.4739075907590759,,0.31887576123256534,4088484.0,CA_2022,12
CA,San Bernardino,36,2024,general,1,0,1425320.0,761846.0,0.48899301851376714,,,0.5345087418965566,4096576.0,CA_2024,13
CA,San Diego,37,1998,general,0,0,1788075.0,769911.0,,0.5165495872497559,,0.43825554847717285,3992004.0,CA_1998,0
CA,San Diego,37,2000,general,1,0,,,0.479160338640213,,,,4000000.0,CA_2000,1
CA,San Diego,37,2002,general,0,0,,684285.0,,0.43953123688697815,,0.376107394695282,4008004.0,CA_2002,2
CA,San Diego,37,2004,general,1,0,,1145035.0,0.4689987301826477,,,0.6187039017677307,4016016.0,CA_2004,3
CA,San Diego,37,2006,general,0,0,,789676.0,,0.3157781660556793,,0.4195914566516876,4024036.0,CA_2006,4
CA,San Diego,37,2008,general,1,0,,1245947.0,0.5519822835922241,,,0.6511950492858887,4032064.0,CA_2008,5
CA,San Diego,37,2010,general,0,0,1967030.0,926363.0,,0.46927410364151,,0.4709450304508209,4040100.0,CA_2010,6
CA,San Diego,37,2012,general,1,0,2033460.0,1203265.0,0.5387696027755737,,,0.5917328000068665,4048144.0,CA_2012,7
CA,San Diego,37,2014,general,0,0,2102710.0,692434.0,,0.51067054271698,,0.3293055295944214,4056196.0,CA_2014,8
CA,San Diego,37,2016,general,1,0,2174370.0,1346513.0,0.6062071919441223,,,0.6192657947540283,4064256.0,CA_2016,9
CA,San Diego,37,2018,general,0,0,2237310.0,1173924.0,,0.5685797929763794,,0.524703323841095,4072324.0,CA_2018,10
CA,San Diego,37,2020,general,1,0,2315394.0,1602143.0,0.6164906208299888,,,0.6919526439128718,4080400.0,CA_2020,11
CA,San Diego,37,2022,general,0,1,2315394.0,1029228.0,,0.5578171211820899,,0.4445152747221423,4088484.0,CA_2022,12
CA,San Diego,37,2024,general,1,1,2315394.0,1478028.0,0.5864682617684411,,,0.6383483761295053,4096576.0,CA_2024,13
CA,San Francisco,38,1998,general,0,0,553675.0,250719.0,,0.8407407402992249,,0.45854610204696655,3992004.0,CA_1998,0
CA,San Francisco,38,2000,general,1,0,,,0.8242900967597961,,,,4000000.0,CA_2000,1
CA,San Francisco,38,2002,general,0,0,,225102.0,,0.8116223216056824,,0.40155157446861267,4008004.0,CA_2002,2
CA,San Francisco,38,2004,general,1,0,,361822.0,0.8451984524726868,,,0.6375873684883118,4016016.0,CA_2004,3
CA,San Francisco,38,2006,general,0,0,,253719.0,,0.6783023476600647,,0.4417177438735962,4024036.0,CA_2006,4
CA,San Francisco,38,2008,general,1,0,,388112.0,0.8603729605674744,,,0.6676653027534485,4032064.0,CA_2008,5
CA,San Francisco,38,2010,general,0,0,581205.0,284625.0,,0.8169293403625488,,0.4897153377532959,4040100.0,CA_2010,6
CA,San Francisco,38,2012,general,1,0,593395.0,364875.0,0.8650340437889099,,,0.6148939728736877,4048144.0,CA_2012,7
CA,San Francisco,38,2014,general,0,0,608820.0,231214.0,,0.8815253376960754,,0.37977397441864014,4056196.0,CA_2014,8
CA,San Francisco,38,2016,general,1,0,627260.0,414528.0,0.9015393257141113,,,0.6608551740646362,4064256.0,CA_2016,9
CA,San Francisco,38,2018,general,0,0,646545.0,372848.0,,0.8639010190963745,,0.5766775608062744,4072324.0,CA_2018,10
CA,San Francisco,38,2020,general,1,0,616394.0,443553.0,0.8701783129646803,,,0.7195933120698774,4080400.0,CA_2020,11
CA,San Francisco,38,2022,general,0,0,616394.0,301466.0,,0.8538342632336648,,0.4890800364701798,4088484.0,CA_2022,12
CA,San Francisco,38,2024,general,1,0,616394.0,402997.0,0.8379707646390362,,,0.6537977332680072,4096576.0,CA_2024,13
CA,San Joaquin,39,1998,general,0,0,331050.0,130005.0,,0.5328163504600525,,0.4066171646118164,3992004.0,CA_1998,0
CA,San Joaquin,39,2000,general,1,0,,,0.4938192069530487,,,,4000000.0,CA_2000,1
CA,San Joaquin,39,2002,general,0,0,,126991.0,,0.4799439311027527,,0.3709102272987366,4008004.0,CA_2002,2
CA,San Joaquin,39,2004,general,1,0,,191741.0,0.46285441517829895,,,0.5420955419540405,4016016.0,CA_2004,3
CA,San Joaquin,39,2006,general,0,0,,141159.0,,0.37264981865882874,,0.3867051899433136,4024036.0,CA_2006,4
CA,San Joaquin,39,2008,general,1,0,,212214.0,0.5543994903564453,,,0.5638640522956848,4032064.0,CA_2008,5
CA,San Joaquin,39,2010,general,0,0,391655.0,161514.0,,0.5187940001487732,,0.4123884439468384,4040100.0,CA_2010,6
CA,San Joaquin,39,2012,general,1,0,406210.0,206843.0,0.57005774974823,,,0.5092021226882935,4048144.0,CA_2012,7
CA,San Joaquin,39,2014,general,0,0,421030.0,119172.0,,0.5354140996932983,,0.28304871916770935,4056196.0,CA_2014,8
CA,San Joaquin,39,2016,general,1,0,433295.0,230468.0,0.5766162276268005,,,0.5318962931632996,4064256.0,CA_2016,9
CA,San Joaquin,39,2018,general,0,0,448975.0,196635.0,,0.5218782424926758,,0.4379642605781555,4072324.0,CA_2018,10
CA,San Joaquin,39,2020,general,1,0,499410.0,288492.0,0.5709320247311638,,,0.5776656454616448,4080400.0,CA_2020,11
CA,San Joaquin,39,2022,general,0,0,499410.0,177325.0,,0.48215423657126744,,0.3550689813980497,4088484.0,CA_2022,12
CA,San Joaquin,39,2024,general,1,0,499410.0,263709.0,0.4954057024835415,,,0.5280410884844116,4096576.0,CA_2024,13
CA,San Luis Obispo,40,1998,general,0,0,182390.0,88049.0,,0.5131474137306213,,0.4928544759750366,3992004.0,CA_1998,0
CA,San Luis Obispo,40,2000,general,1,0,,,0.43917739391326904,,,,4000000.0,CA_2000,1
CA,San Luis Obispo,40,2002,general,0,0,,83903.0,,0.40570929646492004,,0.4507790207862854,4008004.0,CA_2002,2
CA,San Luis Obispo,40,2004,general,1,0,,130234.0,0.46349528431892395,,,0.6859194040298462,4016016.0,CA_2004,3
CA,San Luis Obispo,40,2006,general,0,0,,99209.0,,0.33078670501708984,,0.5124255418777466,4024036.0,CA_2006,4
CA,San Luis Obispo,40,2008,general,1,0,,134061.0,0.5275514125823975,,,0.6793210506439209,4032064.0,CA_2008,5
CA,San Luis Obispo,40,2010,general,0,0,200705.0,108002.0,,0.4779731035232544,,0.5381131768226624,4040100.0,CA_2010,6
CA,San Luis Obispo,40,2012,general,1,0,204525.0,126818.0,0.5053247809410095,,,0.6200610995292664,4048144.0,CA_2012,7
CA,San Luis Obispo,40,2014,general,0,0,208250.0,87705.0,,0.5432441234588623,,0.4211524724960327,4056196.0,CA_2014,8
CA,San Luis Obispo,40,2016,general,1,0,213215.0,139685.0,0.5443859696388245,,,0.6551368236541748,4064256.0,CA_2016,9
CA,San Luis Obispo,40,2018,general,0,0,217015.0,128353.0,,0.5157618522644043,,0.5914475917816162,4072324.0,CA_2018,10
CA,San Luis Obispo,40,2020,general,1,0,219609.0,159714.0,0.56701295699408,,,0.7272652760132782,4080400.0,CA_2020,11
CA,San Luis Obispo,40,2022,general,0,0,219609.0,119630.0,,0.5112931538911645,,0.5447408803828623,4088484.0,CA_2022,12
CA,San Luis Obispo,40,2024,general,1,0,219609.0,150812.0,0.5560083694596776,,,0.6867295966923032,4096576.0,CA_2024,13
CA,San Mateo,41,1998,general,0,0,443860.0,210282.0,,0.7058040499687195,,0.4744713306427002,3992004.0,CA_1998,0
CA,San Mateo,41,2000,general,1,0,,,0.6749846935272217,,,,4000000.0,CA_2000,1
CA,San Mateo,41,2002,general,0,0,,179279.0,,0.6596364974975586,,0.4033021330833435,4008004.0,CA_2002,2
CA,San Mateo,41,2004,general,1,0,,288533.0,0.7037551999092102,,,0.6481039524078369,4016016.0,CA_2004,3
CA,San Mateo,41,2006,general,0,0,,210538.0,,0.5015859603881836,,0.47220298647880554,4024036.0,CA_2006,4
CA,San Mateo,41,2008,general,1,0,,307350.0,0.7480319738388062,,,0.6883058547973633,4032064.0,CA_2008,5
CA,San Mateo,41,2010,general,0,0,447735.0,226259.0,,0.6783559918403625,,0.5053413510322571,4040100.0,CA_2010,6
CA,San Mateo,41,2012,general,1,0,457530.0,288592.0,0.739077091217041,,,0.6307608485221863,4048144.0,CA_2012,7
CA,San Mateo,41,2014,general,0,0,473285.0,164453.0,,0.7522436380386353,,0.3474713861942291,4056196.0,CA_2014,8
CA,San Mateo,41,2016,general,1,0,486010.0,323303.0,0.8041688799858093,,,0.6652188301086426,4064256.0,CA_2016,9
CA,San Mateo,41,2018,general,0,1,498140.0,290058.0,,0.7522537708282471,,0.5822820663452148,4072324.0,CA_2018,10
CA,San Mateo,41,2020,general,1,1,494554.0,374251.0,0.7940939304783698,,,0.7567444606655693,4080400.0,CA_2020,11
CA,San Mateo,41,2022,general,0,1,494554.0,247517.0,,0.7498434450967004,,0.5004852857321951,4088484.0,CA_2022,12
CA,San Mateo,41,2024,general,1,1,494554.0,330565.0,0.7602550903862342,,,0.668410325262762,4096576.0,CA_2024,13
CA,Santa Barbara,42,1998,general,0,0,252050.0,125168.0,,0.5549785494804382,,0.49702054262161255,3992004.0,CA_1998,0
CA,Santa Barbara,42,2000,general,1,0,,,0.5066182017326355,,,,4000000.0,CA_2000,1
CA,Santa Barbara,42,2002,general,0,0,,117417.0,,0.4899056851863861,,0.4654541015625,4008004.0,CA_2002,2
CA,Santa Barbara,42,2004,general,1,0,,171564.0,0.5404140949249268,,,0.6795241832733154,4016016.0,CA_2004,3
CA,Santa Barbara,42,2006,general,0,0,,125428.0,,0.3678886592388153,,0.4963710606098175,4024036.0,CA_2006,4
CA,Santa Barbara,42,2008,general,1,0,,176562.0,0.6169078350067139,,,0.6981402635574341,4032064.0,CA_2008,5
CA,Santa Barbara,42,2010,general,0,0,259045.0,134430.0,,0.5216487646102905,,0.5189445614814758,4040100.0,CA_2010,6
CA,Santa Barbara,42,2012,general,1,0,265655.0,164977.0,0.5929946303367615,,,0.621019721031189,4048144.0,CA_2012,7
CA,Santa Barbara,42,2014,general,0,0,272300.0,114106.0,,0.582614541053772,,0.41904518008232117,4056196.0,CA_2014,8
CA,Santa Barbara,42,2016,general,1,0,278445.0,182264.0,0.6552746891975403,,,0.6545780897140503,4064256.0,CA_2016,9
CA,Santa Barbara,42,2018,general,0,0,281700.0,157697.0,,0.6048755645751953,,0.5598047375679016,4072324.0,CA_2018,10
CA,Santa Barbara,42,2020,general,1,0,288340.0,200339.0,0.6640963929299588,,,0.6948012762710689,4080400.0,CA_2020,11
CA,Santa Barbara,42,2022,general,0,0,288340.0,135374.0,,0.5957421661471184,,0.4694943469515156,4088484.0,CA_2022,12
CA,Santa Barbara,42,2024,general,1,0,288340.0,184781.0,0.6376362285567454,,,0.6408441423319692,4096576.0,CA_2024,13
CA,Santa Clara,43,1998,general,0,0,974140.0,434600.0,,0.6700361967086792,,0.4508828818798065,3992004.0,CA_1998,0
CA,Santa Clara,43,2000,general,1,0,,,0.6378827691078186,,,,4000000.0,CA_2000,1
CA,Santa Clara,43,2002,general,0,0,,375050.0,,0.6304887533187866,,0.38099607825279236,4008004.0,CA_2002,2
CA,Santa Clara,43,2004,general,1,0,,610145.0,0.6486960649490356,,,0.6134288907051086,4016016.0,CA_2004,3
CA,Santa Clara,43,2006,general,0,0,,442511.0,,0.45112380385398865,,0.44035327434539795,4024036.0,CA_2006,4
CA,Santa Clara,43,2008,general,1,0,,678033.0,0.7086542844772339,,,0.667911946773529,4032064.0,CA_2008,5
CA,Santa Clara,43,2010,general,0,0,1029450.0,523427.0,,0.6373273134231567,,0.5084530711174011,4040100.0,CA_2010,6
CA,Santa Clara,43,2012,general,1,0,1068915.0,653239.0,0.7205467224121094,,,0.6111234426498413,4048144.0,CA_2012,7
CA,Santa Clara,43,2014,general,0,0,1111225.0,404166.0,,0.7294067144393921,,0.3637121319770813,4056196.0,CA_2014,8
CA,Santa Clara,43,2016,general,1,0,1142325.0,724596.0,0.7794001698493958,,,0.6343168616294861,4064256.0,CA_2016,9
CA,Santa Clara,43,2018,general,0,0,1170245.0,625425.0,,0.7139512300491333,,0.5344393849372864,4072324.0,CA_2018,10
CA,Santa Clara,43,2020,general,1,1,1164887.0,850741.0,0.7422322686495816,,,0.7303206233737694,4080400.0,CA_2020,11
CA,Santa Clara,43,2022,general,0,1,1164887.0,541895.0,,0.7000931914854354,,0.46519104428154834,4088484.0,CA_2022,12
CA,Santa Clara,43,2024,general,1,1,1164887.0,750606.0,0.7077270988875771,,,0.6443594958137571,4096576.0,CA_2024,13
CA,Santa Cruz,44,1998,general,0,0,167150.0,86634.0,,0.7029344439506531,,0.520300030708313,3992004.0,CA_1998,0
CA,Santa Cruz,44,2000,general,1,0,,,0.692171037197113,,,,4000000.0,CA_2000,1
CA,Santa Cruz,44,2002,general,0,0,,80023.0,,0.6784928441047668,,0.47691723704338074,4008004.0,CA_2002,2
CA,Santa Cruz,44,2004,general,1,0,,123275.0,0.7458980679512024,,,0.73188716173172,4016016.0,CA_2004,3
CA,Santa Cruz,44,2006,general,0,0,,92236.0,,0.5353009700775146,,0.5455276370048523,4024036.0,CA_2006,4
CA,Santa Cruz,44,2008,general,1,0,,128555.0,0.79640132188797,,,0.7574583888053894,4032064.0,CA_2008,5
CA,Santa Cruz,44,2010,general,0,0,172980.0,98037.0,,0.7334339022636414,,0.5667533874511719,4040100.0,CA_2010,6
CA,Santa Cruz,44,2012,general,1,0,177755.0,121323.0,0.7906261682510376,,,0.6825293302536011,4048144.0,CA_2012,7
CA,Santa Cruz,44,2014,general,0,0,183215.0,74040.0,,0.7861499190330505,,0.40411537885665894,4056196.0,CA_2014,8
CA,Santa Cruz,44,2016,general,1,0,187645.0,132165.0,0.8093417286872864,,,0.7043353319168091,4064256.0,CA_2016,9
CA,Santa Cruz,44,2018,general,0,0,190835.0,121700.0,,0.7678877115249634,,0.6377236843109131,4072324.0,CA_2018,10
CA,Santa Cruz,44,2020,general,1,0,191057.0,144837.0,0.8092050742653152,,,0.7580826664293902,4080400.0,CA_2020,11
CA,Santa Cruz,44,2022,general,0,1,191057.0,104169.0,,0.7595061870614098,,0.5452247235118316,4088484.0,CA_2022,12
CA,Santa Cruz,44,2024,general,1,1,191057.0,134155.0,0.7830759211016003,,,0.7021726500468447,4096576.0,CA_2024,13
CA,Shasta,45,1998,general,0,0,117895.0,54562.0,,0.45065030455589294,,0.4754191040992737,3992004.0,CA_1998,0
CA,Shasta,45,2000,general,1,0,,,0.31743553280830383,,,,4000000.0,CA_2000,1
CA,Shasta,45,2002,general,0,0,,50063.0,,0.34820228815078735,,0.4136621356010437,4008004.0,CA_2002,2
CA,Shasta,45,2004,general,1,0,,78360.0,0.31779131293296814,,,0.6311578154563904,4016016.0,CA_2004,3
CA,Shasta,45,2006,general,0,0,,59720.0,,0.2225523591041565,,0.4691956341266632,4024036.0,CA_2006,4
CA,Shasta,45,2008,general,1,0,,81378.0,0.3679434061050415,,,0.6240139007568359,4032064.0,CA_2008,5
CA,Shasta,45,2010,general,0,0,131930.0,66502.0,,0.3437577486038208,,0.5040703415870667,4040100.0,CA_2010,6
CA,Shasta,45,2012,general,1,0,133860.0,77178.0,0.3494437336921692,,,0.5765575766563416,4048144.0,CA_2012,7
CA,Shasta,45,2014,general,0,0,135760.0,58702.0,,0.3805824816226959,,0.43239539861679077,4056196.0,CA_2014,8
CA,Shasta,45,2016,general,1,0,136655.0,82426.0,0.30104348063468933,,,0.6031685471534729,4064256.0,CA_2016,9
CA,Shasta,45,2018,general,0,0,136015.0,70851.0,,0.28903695940971375,,0.5209057927131653,4072324.0,CA_2018,10
CA,Shasta,45,2020,general,1,0,138243.0,92930.0,0.330436506625252,,,0.6722221016615669,4080400.0,CA_2020,11
CA,Shasta,45,2022,general,0,0,138243.0,68520.0,,0.2715557501459428,,0.49564896595125973,4088484.0,CA_2022,12
CA,Shasta,45,2024,general,1,0,138243.0,88919.0,0.3130300338067821,,,0.6432079743639822,4096576.0,CA_2024,13
CA,Sierra,46,1998,general,0,0,2685.0,1806.0,,0.442702054977417,,0.6717917323112488,3992004.0,CA_1998,0
CA,Sierra,46,2000,general,1,0,,,0.31542056798934937,,,,4000000.0,CA_2000,1
CA,Sierra,46,2002,general,0,0,,1475.0,,0.34285715222358704,,0.5500310659408569,4008004.0,CA_2002,2
CA,Sierra,46,2004,general,1,0,,1983.0,0.3408970832824707,,,0.7403858304023743,4016016.0,CA_2004,3
CA,Sierra,46,2006,general,0,0,,1635.0,,0.23787061870098114,,0.6112149357795715,4024036.0,CA_2006,4
CA,Sierra,46,2008,general,1,0,,2012.0,0.3908469080924988,,,0.7530879378318787,4032064.0,CA_2008,5
CA,Sierra,46,2010,general,0,0,2675.0,1881.0,,0.3786523640155792,,0.7031775712966919,4040100.0,CA_2010,6
CA,Sierra,46,2012,general,1,0,2515.0,1822.0,0.3820948004722595,,,0.7244532704353333,4048144.0,CA_2012,7
CA,Sierra,46,2014,general,0,0,2400.0,1627.0,,0.4420572817325592,,0.6779166460037231,4056196.0,CA_2014,8
CA,Sierra,46,2016,general,1,0,2435.0,1902.0,0.36446329951286316,,,0.7811088562011719,4064256.0,CA_2016,9
CA,Sierra,46,2018,general,0,0,2450.0,1698.0,,0.35932812094688416,,0.6930612325668335,4072324.0,CA_2018,10
CA,Sierra,46,2020,general,1,0,2256.0,1931.0,0.38995726495726496,,,0.8559397163120568,4080400.0,CA_2020,11
CA,Sierra,46,2022,general,0,0,2256.0,1543.0,,0.34283862605314325,,0.6839539007092199,4088484.0,CA_2022,12
CA,Sierra,46,2024,general,1,0,2256.0,1755.0,0.37551259519625074,,,0.7779255319148937,4096576.0,CA_2024,13
CA,Siskiyou,47,1998,general,0,0,32665.0,16699.0,,0.4805361330509186,,0.5157992243766785,3992004.0,CA_1998,0
CA,Siskiyou,47,2000,general,1,0,,,0.3413962423801422,,,,4000000.0,CA_2000,1
CA,Siskiyou,47,2002,general,0,0,,15958.0,,0.3530247211456299,,0.48423609137535095,4008004.0,CA_2002,2
CA,Siskiyou,47,2004,general,1,0,,21695.0,0.38339900970458984,,,0.6525793075561523,4016016.0,CA_2004,3
CA,Siskiyou,47,2006,general,0,0,,17096.0,,0.29714763164520264,,0.5097957253456116,4024036.0,CA_2006,4
CA,Siskiyou,47,2008,general,1,0,,21723.0,0.4464731812477112,,,0.6422172784805298,4032064.0,CA_2008,5
CA,Siskiyou,47,2010,general,0,0,34345.0,18721.0,,0.42505696415901184,,0.5450866222381592,4040100.0,CA_2010,6
CA,Siskiyou,47,2012,general,1,0,34180.0,20180.0,0.42074987292289734,,,0.5904037356376648,4048144.0,CA_2012,7
CA,Siskiyou,47,2014,general,0,0,33975.0,14259.0,,0.4416063725948334,,0.41969093680381775,4056196.0,CA_2014,8
CA,Siskiyou,47,2016,general,1,0,33780.0,21162.0,0.3894481956958771,,,0.626465380191803,4064256.0,CA_2016,9
CA,Siskiyou,47,2018,general,0,0,33785.0,18408.0,,0.39737942814826965,,0.5448572039604187,4072324.0,CA_2018,10
CA,Siskiyou,47,2020,general,1,0,33874.0,23472.0,0.4192195079316523,,,0.6929208242309736,4080400.0,CA_2020,11
CA,Siskiyou,47,2022,general,0,0,33874.0,17723.0,,0.356937313095977,,0.5232036370077345,4088484.0,CA_2022,12
CA,Siskiyou,47,2024,general,1,0,33874.0,21498.0,0.4006253006253006,,,0.6346460412115487,4096576.0,CA_2024,13
CA,Solano,48,1998,general,0,0,256255.0,103684.0,,0.6504042744636536,,0.4083288609981537,3992004.0,CA_1998,0
CA,Solano,48,2000,general,1,0,,,0.5927714705467224,,,,4000000.0,CA_2000,1
CA,Solano,48,2002,general,0,0,,91280.0,,0.5805308818817139,,0.35299500823020935,4008004.0,CA_2002,2
CA,Solano,48,2004,general,1,0,,150057.0,0.577325165271759,,,0.575108528137207,4016016.0,CA_2004,3
CA,Solano,48,2006,general,0,0,,105414.0,,0.44104793667793274,,0.4004305303096771,4024036.0,CA_2006,4
CA,Solano,48,2008,general,1,0,,162638.0,0.6456396579742432,,,0.6123790740966797,4032064.0,CA_2008,5
CA,Solano,48,2010,general,0,0,270430.0,120282.0,,0.6163390278816223,,0.44478052854537964,4040100.0,CA_2010,6
CA,Solano,48,2012,general,1,0,276765.0,153923.0,0.6500957012176514,,,0.556150496006012,4048144.0,CA_2012,7
CA,Solano,48,2014,general,0,0,286335.0,91319.0,,0.6457133889198303,,0.3189236521720886,4056196.0,CA_2014,8
CA,Solano,48,2016,general,1,0,296030.0,170628.0,0.6634690165519714,,,0.5763875246047974,4064256.0,CA_2016,9
CA,Solano,48,2018,general,0,0,306065.0,148352.0,,0.6129947304725647,,0.4847075045108795,4072324.0,CA_2018,10
CA,Solano,48,2020,general,1,0,316980.0,205877.0,0.6550996541342158,,,0.6494952362925106,4080400.0,CA_2020,11
CA,Solano,48,2022,general,0,0,316980.0,130619.0,,0.5953881135210038,,0.41207331692851284,4088484.0,CA_2022,12
CA,Solano,48,2024,general,1,0,316980.0,189883.0,0.6183994965878639,,,0.5990377941825983,4096576.0,CA_2024,13
CA,Sonoma,49,1998,general,0,0,310645.0,162310.0,,0.6889176368713379,,0.524636447429657,3992004.0,CA_1998,0
CA,Sonoma,49,2000,general,1,0,,,0.648669421672821,,,,4000000.0,CA_2000,1
CA,Sonoma,49,2002,general,0,0,,149663.0,,0.627357542514801,,0.4798215627670288,4008004.0,CA_2002,2
CA,Sonoma,49,2004,general,1,0,,222538.0,0.6849190592765808,,,0.7105690836906433,4016016.0,CA_2004,3
CA,Sonoma,49,2006,general,0,0,,177328.0,,0.48674213886260986,,0.5639277100563049,4024036.0,CA_2006,4
CA,Sonoma,49,2008,general,1,0,,231817.0,0.7539138197898865,,,0.7342473864555359,4032064.0,CA_2008,5
CA,Sonoma,49,2010,general,0,0,323180.0,186920.0,,0.6822017431259155,,0.578377366065979,4040100.0,CA_2010,6
CA,Sonoma,49,2012,general,1,0,333255.0,218820.0,0.7375314831733704,,,0.6566143035888672,4048144.0,CA_2012,7
CA,Sonoma,49,2014,general,0,0,343330.0,146627.0,,0.7475292086601257,,0.42707309126853943,4056196.0,CA_2014,8
CA,Sonoma,49,2016,general,1,0,350055.0,237358.0,0.7573297023773193,,,0.6780591607093811,4064256.0,CA_2016,9
CA,Sonoma,49,2018,general,0,0,356020.0,213869.0,,0.7226991653442383,,0.6007218956947327,4072324.0,CA_2018,10
CA,Sonoma,49,2020,general,1,0,352389.0,268317.0,0.7638130675458334,,,0.7614227458859385,4080400.0,CA_2020,11
CA,Sonoma,49,2022,general,0,1,352389.0,197454.0,,0.7092335430024208,,0.5603296357150762,4088484.0,CA_2022,12
CA,Sonoma,49,2024,general,1,1,352389.0,251465.0,0.7390155785800696,,,0.7136005947972269,4096576.0,CA_2024,13
CA,Stanislaus,50,1998,general,0,0,265720.0,102206.0,,0.5188889503479004,,0.39561229944229126,3992004.0,CA_1998,0
CA,Stanislaus,50,2000,general,1,0,,,0.4565660357475281,,,,4000000.0,CA_2000,1
CA,Stanislaus,50,2002,general,0,0,,98693.0,,0.4762326776981354,,0.36139219999313354,4008004.0,CA_2002,2
CA,Stanislaus,50,2004,general,1,0,,147663.0,0.4078662693500519,,,0.5264987349510193,4016016.0,CA_2004,3
CA,Stanislaus,50,2006,general,0,0,,105674.0,,0.3217145502567291,,0.36713606119155884,4024036.0,CA_2006,4
CA,Stanislaus,50,2008,general,1,0,,162941.0,0.5088163018226624,,,0.5519598722457886,4032064.0,CA_2008,5
CA,Stanislaus,50,2010,general,0,0,305025.0,122490.0,,0.46636587381362915,,0.40157362818717957,4040100.0,CA_2010,6
CA,Stanislaus,50,2012,general,1,0,310185.0,156935.0,0.5141054391860962,,,0.5059400200843811,4048144.0,CA_2012,7
CA,Stanislaus,50,2014,general,0,0,320085.0,92738.0,,0.5153842568397522,,0.2897292971611023,4056196.0,CA_2014,8
CA,Stanislaus,50,2016,general,1,0,328050.0,176992.0,0.5098444223403931,,,0.5395275354385376,4064256.0,CA_2016,9
CA,Stanislaus,50,2018,general,0,0,335015.0,159226.0,,0.4919379949569702,,0.475280225276947,4072324.0,CA_2018,10
CA,Stanislaus,50,2020,general,1,0,349960.0,214954.0,0.5040383644623927,,,0.6142244827980341,4080400.0,CA_2020,11
CA,Stanislaus,50,2022,general,0,1,349960.0,130967.0,,0.4223277619553017,,0.3742341981940793,4088484.0,CA_2022,12
CA,Stanislaus,50,2024,general,1,1,349960.0,197525.0,0.44374600302600176,,,0.5644216481883644,4096576.0,CA_2024,13
CA,Sutter,51,1998,general,0,0,47805.0,22304.0,,0.43019112944602966,,0.48335760831832886,3992004.0,CA_1998,0
CA,Sutter,51,2000,general,1,0,,,0.32663199305534363,,,,4000000.0,CA_2000,1
CA,Sutter,51,2002,general,0,0,,21589.0,,0.3247219920158386,,0.43644022941589355,4008004.0,CA_2002,2
CA,Sutter,51,2004,general,1,0,,30784.0,0.32161039113998413,,,0.6021058559417725,4016016.0,CA_2004,3
CA,Sutter,51,2006,general,0,0,,24369.0,,0.23981642723083496,,0.46163609623908997,4024036.0,CA_2006,4
CA,Sutter,51,2008,general,1,0,,33337.0,0.41493672132492065,,,0.6122559905052185,4032064.0,CA_2008,5
CA,Sutter,51,2010,general,0,0,56435.0,26164.0,,0.4012520909309387,,0.46361300349235535,4040100.0,CA_2010,6
CA,Sutter,51,2012,general,1,0,58045.0,31300.0,0.4021904170513153,,,0.5392367839813232,4048144.0,CA_2012,7
CA,Sutter,51,2014,general,0,0,58795.0,21030.0,,0.4273067116737366,,0.3576834797859192,4056196.0,CA_2014,8
CA,Sutter,51,2016,general,1,0,59845.0,34422.0,0.4184052348136902,,,0.5751858949661255,4064256.0,CA_2016,9
CA,Sutter,51,2018,general,0,0,60875.0,30768.0,,0.3698088228702545,,0.5054291486740112,4072324.0,CA_2018,10
CA,Sutter,51,2020,general,1,0,64188.0,42644.0,0.41605577116573234,,,0.6643609397395152,4080400.0,CA_2020,11
CA,Sutter,51,2022,general,0,0,64188.0,28106.0,,0.32313385042339715,,0.4378700068548638,4088484.0,CA_2022,12
CA,Sutter,51,2024,general,1,0,64188.0,39339.0,0.33906429092424717,,,0.6128715647784633,4096576.0,CA_2024,13
CA,Tehama,52,1998,general,0,0,38145.0,18828.0,,0.4781613051891327,,0.5032505393028259,3992004.0,CA_1998,0
CA,Tehama,52,2000,general,1,0,,,0.32901856303215027,,,,4000000.0,CA_2000,1
CA,Tehama,52,2002,general,0,0,,15731.0,,0.35688793659210205,,0.4046328067779541,4008004.0,CA_2002,2
CA,Tehama,52,2004,general,1,0,,23604.0,0.3251863420009613,,,0.5959184765815735,4016016.0,CA_2004,3
CA,Tehama,52,2006,general,0,0,,18279.0,,0.2142857164144516,,0.453104704618454,4024036.0,CA_2006,4
CA,Tehama,52,2008,general,1,0,,24803.0,0.37602993845939636,,,0.6038629412651062,4032064.0,CA_2008,5
CA,Tehama,52,2010,general,0,0,42345.0,20565.0,,0.3540618121623993,,0.4856535494327545,4040100.0,CA_2010,6
CA,Tehama,52,2012,general,1,0,43965.0,23261.0,0.3578871488571167,,,0.5290799736976624,4048144.0,CA_2012,7
CA,Tehama,52,2014,general,0,0,44930.0,15791.0,,0.35208332538604736,,0.3514578342437744,4056196.0,CA_2014,8
CA,Tehama,52,2016,general,1,0,45460.0,24541.0,0.30529525876045227,,,0.5398372411727905,4064256.0,CA_2016,9
CA,Tehama,52,2018,general,0,0,45220.0,21147.0,,0.2754989564418793,,0.4676470458507538,4072324.0,CA_2018,10
CA,Tehama,52,2020,general,1,0,45658.0,28731.0,0.317660059888778,,,0.6292654080336414,4080400.0,CA_2020,11
CA,Tehama,52,2022,general,0,0,45658.0,20631.0,,0.24351703746788814,,0.4518594769810329,4088484.0,CA_2022,12
CA,Tehama,52,2024,general,1,0,45658.0,26536.0,0.2860946060652828,,,0.5811905909150642,4096576.0,CA_2024,13
CA,Trinity,53,1998,general,0,0,9940.0,5049.0,,0.530227541923523,,0.523272693157196,3992004.0,CA_1998,0
CA,Trinity,53,2000,general,1,0,,,0.3664643466472626,,,,4000000.0,CA_2000,1
CA,Trinity,53,2002,general,0,0,,5072.0,,0.4308885633945465,,0.4957428276538849,4008004.0,CA_2002,2
CA,Trinity,53,2004,general,1,0,,6579.0,0.43866288661956787,,,0.6252481341362,4016016.0,CA_2004,3
CA,Trinity,53,2006,general,0,0,,6073.0,,0.29707345366477966,,0.5616214871406555,4024036.0,CA_2006,4
CA,Trinity,53,2008,general,1,0,,6482.0,0.5237323641777039,,,0.5837302207946777,4032064.0,CA_2008,5
CA,Trinity,53,2010,general,0,0,10905.0,5712.0,,0.48946741223335266,,0.5237964391708374,4040100.0,CA_2010,6
CA,Trinity,53,2012,general,1,0,10790.0,5814.0,0.4961038827896118,,,0.5388322472572327,4048144.0,CA_2012,7
CA,Trinity,53,2014,general,0,0,10895.0,4003.0,,0.44166237115859985,,0.36741623282432556,4056196.0,CA_2014,8
CA,Trinity,53,2016,general,1,0,10470.0,5921.0,0.4405093491077423,,,0.5655205249786377,4064256.0,CA_2016,9
CA,Trinity,53,2018,general,0,0,10355.0,5424.0,,0.4225352108478546,,0.5238049030303955,4072324.0,CA_2018,10
CA,Trinity,53,2020,general,1,0,12915.0,6259.0,0.4720980294750787,,,0.4846302748741773,4080400.0,CA_2020,11
CA,Trinity,53,2022,general,0,0,12915.0,4527.0,,0.41086812458581845,,0.3505226480836237,4088484.0,CA_2022,12
CA,Trinity,53,2024,general,1,0,12915.0,5646.0,0.45117907148120856,,,0.43716608594657375,4096576.0,CA_2024,13
CA,Tulare,54,1998,general,0,0,193760.0,73765.0,,0.4516826272010803,,0.3925619125366211,3992004.0,CA_1998,0
CA,Tulare,54,2000,general,1,0,,,0.3790481984615326,,,,4000000.0,CA_2000,1
CA,Tulare,54,2002,general,0,0,,63767.0,,0.36421167850494385,,0.3194526135921478,4008004.0,CA_2002,2
CA,Tulare,54,2004,general,1,0,,99509.0,0.331933856010437,,,0.48430725932121277,4016016.0,CA_2004,3
CA,Tulare,54,2006,general,0,0,,70049.0,,0.2655111849308014,,0.33148306608200073,4024036.0,CA_2006,4
CA,Tulare,54,2008,general,1,0,,106551.0,0.4219963550567627,,,0.4906265437602997,4032064.0,CA_2008,5
CA,Tulare,54,2010,general,0,0,225910.0,83108.0,,0.3981761038303375,,0.36788100004196167,4040100.0,CA_2010,6
CA,Tulare,54,2012,general,1,0,233195.0,102184.0,0.4229849576950073,,,0.4381912052631378,4048144.0,CA_2012,7
CA,Tulare,54,2014,general,0,0,239425.0,62920.0,,0.3842214345932007,,0.2627962827682495,4056196.0,CA_2014,8
CA,Tulare,54,2016,general,1,0,245640.0,116106.0,0.4494068920612335,,,0.47266730666160583,4064256.0,CA_2016,9
CA,Tulare,54,2018,general,0,0,252875.0,101066.0,,0.42824476957321167,,0.3996678292751312,4072324.0,CA_2018,10
CA,Tulare,54,2020,general,1,0,273831.0,146885.0,0.4600721026697475,,,0.53640749221235,4080400.0,CA_2020,11
CA,Tulare,54,2022,general,0,0,273831.0,91326.0,,0.36433217265619866,,0.33351227581975745,4088484.0,CA_2022,12
CA,Tulare,54,2024,general,1,0,273831.0,138309.0,0.39401073477697574,,,0.505088905200653,4096576.0,CA_2024,13
CA,Tuolumne,55,1998,general,0,0,42630.0,20339.0,,0.498974472284317,,0.4823223948478699,3992004.0,CA_1998,0
CA,Tuolumne,55,2000,general,1,0,,,0.4153832495212555,,,,4000000.0,CA_2000,1
CA,Tuolumne,55,2002,general,0,0,,18400.0,,0.4252966344356537,,0.4270022213459015,4008004.0,CA_2002,2
CA,Tuolumne,55,2004,general,1,0,,26791.0,0.39088553190231323,,,0.6151465773582458,4016016.0,CA_2004,3
CA,Tuolumne,55,2006,general,0,0,,21522.0,,0.2560052275657654,,0.4889881908893585,4024036.0,CA_2006,4
CA,Tuolumne,55,2008,general,1,0,,27499.0,0.4348416328430176,,,0.6183101534843445,4032064.0,CA_2008,5
CA,Tuolumne,55,2010,general,0,0,44970.0,22835.0,,0.42995330691337585,,0.5077829957008362,4040100.0,CA_2010,6
CA,Tuolumne,55,2012,general,1,0,44360.0,25153.0,0.41871178150177,,,0.5670198202133179,4048144.0,CA_2012,7
CA,Tuolumne,55,2014,general,0,0,43925.0,17425.0,,0.4674583971500397,,0.396698921918869,4056196.0,CA_2014,8
CA,Tuolumne,55,2016,general,1,0,43960.0,26404.0,0.3853594660758972,,,0.6006369590759277,4064256.0,CA_2016,9
CA,Tuolumne,55,2018,general,0,0,44140.0,24191.0,,0.3892937898635864,,0.548051655292511,4072324.0,CA_2018,10
CA,Tuolumne,55,2020,general,1,1,44316.0,30408.0,0.40374827249132034,,,0.686163011102085,4080400.0,CA_2020,11
CA,Tuolumne,55,2022,general,0,1,44316.0,23230.0,,0.3646577701248386,,0.5241899088365376,4088484.0,CA_2022,12
CA,Tuolumne,55,2024,general,1,1,44316.0,28816.0,0.38795831999715497,,,0.6502391912627493,4096576.0,CA_2024,13
CA,Ventura,56,1998,general,0,0,458420.0,211113.0,,0.5475190877914429,,0.46741804480552673,3992004.0,CA_1998,0
CA,Ventura,56,2000,general,1,0,,,0.4945904612541199,,,,4000000.0,CA_2000,1
CA,Ventura,56,2002,general,0,0,,199708.0,,0.4781516492366791,,0.4293113350868225,4008004.0,CA_2002,2
CA,Ventura,56,2004,general,1,0,,316132.0,0.48147478699684143,,,0.6698500514030457,4016016.0,CA_2004,3
CA,Ventura,56,2006,general,0,0,,225660.0,,0.3597877025604248,,0.4713951647281647,4024036.0,CA_2006,4
CA,Ventura,56,2008,general,1,0,,343690.0,0.5625993609428406,,,0.7079547643661499,4032064.0,CA_2008,5
CA,Ventura,56,2010,general,0,0,499375.0,264831.0,,0.4790915846824646,,0.5303249359130859,4040100.0,CA_2010,6
CA,Ventura,56,2012,general,1,0,516215.0,330419.0,0.5360174775123596,,,0.6400802135467529,4048144.0,CA_2012,7
CA,Ventura,56,2014,general,0,0,531725.0,203783.0,,0.530707597732544,,0.38324886560440063,4056196.0,CA_2014,8
CA,Ventura,56,2016,general,1,0,542060.0,363285.0,0.5950019359588623,,,0.6701933145523071,4064256.0,CA_2016,9
CA,Ventura,56,2018,general,0,0,557875.0,313871.0,,0.5555379390716553,,0.5626188516616821,4072324.0,CA_2018,10
CA,Ventura,56,2020,general,1,0,573446.0,422825.0,0.6078119899902078,,,0.7373405691207193,4080400.0,CA_2020,11
CA,Ventura,56,2022,general,0,1,573446.0,280935.0,,0.5454144197056259,,0.4899066346264513,4088484.0,CA_2022,12
CA,Ventura,56,2024,general,1,1,573446.0,387704.0,0.5777559290506876,,,0.6760950464385487,4096576.0,CA_2024,13
CA,Yolo,57,1998,general,0,0,107965.0,51933.0,,0.6555354595184326,,0.5013402104377747,3992004.0,CA_1998,0
CA,Yolo,57,2000,general,1,0,,,0.5940954685211182,,,,4000000.0,CA_2000,1
CA,Yolo,57,2002,general,0,0,,47738.0,,0.5569970011711121,,0.42493584752082825,4008004.0,CA_2002,2
CA,Yolo,57,2004,general,1,0,,72953.0,0.6049513220787048,,,0.6250346302986145,4016016.0,CA_2004,3
CA,Yolo,57,2006,general,0,0,,55587.0,,0.4277644455432892,,0.45903629064559937,4024036.0,CA_2006,4
CA,Yolo,57,2008,general,1,0,,80674.0,0.6850410103797913,,,0.6429659128189087,4032064.0,CA_2008,5
CA,Yolo,57,2010,general,0,0,130325.0,60896.0,,0.6607497930526733,,0.4672626256942749,4040100.0,CA_2010,6
CA,Yolo,57,2012,general,1,0,133745.0,75313.0,0.675818145275116,,,0.5631089210510254,4048144.0,CA_2012,7
CA,Yolo,57,2014,general,0,0,137225.0,46456.0,,0.6911861896514893,,0.33853888511657715,4056196.0,CA_2014,8
CA,Yolo,57,2016,general,1,0,140945.0,84685.0,0.7252784967422485,,,0.600837230682373,4064256.0,CA_2016,9
CA,Yolo,57,2018,general,0,0,144525.0,75012.0,,0.6781927347183228,,0.5190243721008301,4072324.0,CA_2018,10
CA,Yolo,57,2020,general,1,0,154295.0,97294.0,0.7123827589840869,,,0.6305713082083023,4080400.0,CA_2020,11
CA,Yolo,57,2022,general,0,1,154295.0,67135.0,,0.6602815223058017,,0.4351080721993584,4088484.0,CA_2022,12
CA,Yolo,57,2024,general,1,1,154295.0,92621.0,0.6880189133771807,,,0.6002851680222949,4096576.0,CA_2024,13
CA,Yuba,58,1998,general,0,0,37330.0,13763.0,,0.4830969572067261,,0.3872174918651581,3992004.0,CA_1998,0
CA,Yuba,58,2000,general,1,0,,,0.3605044186115265,,,,4000000.0,CA_2000,1
CA,Yuba,58,2002,general,0,0,,11860.0,,0.33301129937171936,,0.3031955659389496,4008004.0,CA_2002,2
CA,Yuba,58,2004,general,1,0,,18238.0,0.3201598823070526,,,0.4458805322647095,4016016.0,CA_2004,3
CA,Yuba,58,2006,general,0,0,,14148.0,,0.22703321278095245,,0.33141249418258667,4024036.0,CA_2006,4
CA,Yuba,58,2008,general,1,0,,21681.0,0.42475926876068115,,,0.4874690771102905,4032064.0,CA_2008,5
CA,Yuba,58,2010,general,0,0,45235.0,16528.0,,0.4253946840763092,,0.36538079380989075,4040100.0,CA_2010,6
CA,Yuba,58,2012,general,1,0,46585.0,19973.0,0.40614137053489685,,,0.4287431538105011,4048144.0,CA_2012,7
CA,Yuba,58,2014,general,0,0,47490.0,12721.0,,0.41624364256858826,,0.26786690950393677,4056196.0,CA_2014,8
CA,Yuba,58,2016,general,1,0,48745.0,23558.0,0.37523719668388367,,,0.48329058289527893,4064256.0,CA_2016,9
CA,Yuba,58,2018,general,0,0,50180.0,19433.0,,0.35960617661476135,,0.3872658312320709,4072324.0,CA_2018,10
CA,Yuba,58,2020,general,1,0,57584.0,29796.0,0.38850065730298206,,,0.5174353987218672,4080400.0,CA_2020,11
CA,Yuba,58,2022,general,0,0,57584.0,19631.0,,0.33284091487952727,,0.3409106696304529,4088484.0,CA_2022,12
CA,Yuba,58,2024,general,1,0,57584.0,30072.0,0.3670933734939759,,,0.5222283967768825,4096576.0,CA_2024,13
UT,Beaver,59,1996,general,1,0,3840.0,2278.0,0.3711507320404053,0.18215613067150116,,0.5984237790107727,3984016.0,UT_1996,14
UT,Beaver,59,1998,general,0,0,3840.0,1915.0,,,0.3154020309448242,0.5008718371391296,3992004.0,UT_1998,15
UT,Beaver,59,2000,general,1,0,3840.0,2331.0,0.24658158421516418,0.36371922492980957,0.22930800914764404,0.6070312261581421,4000000.0,UT_2000,16
UT,Beaver,59,2002,general,0,0,,2333.0,,,,0.6049265265464783,4008004.0,UT_2002,17
UT,Beaver,59,2004,general,1,0,,2612.0,0.19594594836235046,0.39139020442962646,0.2572254240512848,0.6743545532226562,4016016.0,UT_2004,18
UT,Beaver,59,2006,general,0,0,,2345.0,,,0.20489872992038727,0.602827787399292,4024036.0,UT_2006,19
UT,Beaver,59,2008,general,1,0,,2563.0,0.2217675894498825,0.1592409312725067,,0.6560580134391785,4032064.0,UT_2008,20
UT,Beaver,59,2010,general,0,0,4020.0,2322.0,,,0.21468637883663177,0.5776119232177734,4040100.0,UT_2010,21
UT,Beaver,59,2012,general,1,0,4055.0,2597.0,0.13730159401893616,0.16049382090568542,0.18284519016742706,0.6404439210891724,4048144.0,UT_2012,22
UT,Beaver,59,2014,general,0,1,4090.0,1559.0,,,,0.38117358088493347,4056196.0,UT_2014,23
UT,Beaver,59,2016,general,1,1,4155.0,2532.0,0.12559467554092407,0.13746286928653717,0.12447257339954376,0.6093862652778625,4064256.0,UT_2016,24
UT,Beaver,59,2018,general,0,1,4140.0,2177.0,,,0.15537017583847046,0.5258454084396362,4072324.0,UT_2018,25
UT,Beaver,59,2020,general,1,1,4761.0,3100.0,0.11697247706422019,,,0.6511237135055661,4080400.0,UT_2020,26
UT,Beaver,59,2024,general,1,1,4761.0,3253.0,0.12409448818897638,0.10586250527203711,,0.6832598193656795,4096576.0,UT_2024,27
UT,Box Elder,60,1996,general,1,0,26670.0,14128.0,0.274625301361084,0.13093557953834534,,0.5701116323471069,3984016.0,UT_1996,14
UT,Box Elder,60,1998,general,0,0,26670.0,11004.0,,,0.21972185373306274,0.42774587869644165,3992004.0,UT_1998,15
UT,Box Elder,60,2000,general,1,0,26670.0,15848.0,0.17213501036167145,0.34008124470710754,0.20824208855628967,0.5942257046699524,4000000.0,UT_2000,16
UT,Box Elder,60,2002,general,0,0,,12696.0,,,,0.459759384393692,4008004.0,UT_2002,17
UT,Box Elder,60,2004,general,1,0,,18648.0,0.12470130622386932,0.3032325804233551,0.15444758534431458,0.6529665589332581,4016016.0,UT_2004,18
UT,Box Elder,60,2006,general,0,0,,13004.0,,,0.20125466585159302,0.4407637417316437,4024036.0,UT_2006,19
UT,Box Elder,60,2008,general,1,0,,19360.0,0.17859646677970886,0.0918579250574112,,0.6358428001403809,4032064.0,UT_2008,20
UT,Box Elder,60,2010,general,0,0,30925.0,12858.0,,,0.210694819688797,0.41578012704849243,4040100.0,UT_2010,21
UT,Box Elder,60,2012,general,1,0,32030.0,19525.0,0.10395598411560059,0.1490117907524109,0.18414169549942017,0.6095847487449646,4048144.0,UT_2012,22
UT,Box Elder,60,2014,general,0,0,33160.0,10083.0,,,,0.3040711581707001,4056196.0,UT_2014,23
UT,Box Elder,60,2016,general,1,0,34040.0,20014.0,0.15724916756153107,0.13749463856220245,0.12537699937820435,0.5879553556442261,4064256.0,UT_2016,24
UT,Box Elder,60,2018,general,0,1,35040.0,19254.0,,,0.14954613149166107,0.5494862794876099,4072324.0,UT_2018,25
UT,Box Elder,60,2020,general,1,1,41367.0,27027.0,0.1718996195380654,,,0.6533468706940315,4080400.0,UT_2020,26
UT,Box Elder,60,2024,general,1,1,41367.0,29668.0,0.1875066661926263,0.1609891611257856,,0.7171900307008001,4096576.0,UT_2024,27
UT,Cache,61,1996,general,1,0,58855.0,27713.0,0.2815127968788147,0.1364494413137436,,0.5217328667640686,3984016.0,UT_1996,14
UT,Cache,61,1998,general,0,0,58855.0,19939.0,,,0.20721757411956787,0.35614192485809326,3992004.0,UT_1998,15
UT,Cache,61,2000,general,1,0,58855.0,33880.0,0.16629141569137573,0.2565423846244812,0.1989721655845642,0.575652003288269,4000000.0,UT_2000,16
UT,Cache,61,2002,general,0,0,,22540.0,,,,0.36517465114593506,4008004.0,UT_2002,17
UT,Cache,61,2004,general,1,0,,40335.0,0.16404621303081512,0.350553035736084,0.17990365624427795,0.6244506239891052,4016016.0,UT_2004,18
UT,Cache,61,2006,general,0,0,,21588.0,,,0.23192976415157318,0.3200039565563202,4024036.0,UT_2006,19
UT,Cache,61,2008,general,1,0,,42173.0,0.26112985610961914,0.1245611384510994,,0.5996398329734802,4032064.0,UT_2008,20
UT,Cache,61,2010,general,0,0,69595.0,25045.0,,,0.26303187012672424,0.35986781120300293,4040100.0,UT_2010,21
UT,Cache,61,2012,general,1,0,72370.0,42933.0,0.15124869346618652,0.19098269939422607,0.21224838495254517,0.5932430624961853,4048144.0,UT_2012,22
UT,Cache,61,2014,general,0,1,74260.0,23543.0,,,,0.3170347511768341,4056196.0,UT_2014,23
UT,Cache,61,2016,general,1,1,77065.0,47110.0,0.2882970869541168,0.20709991455078125,0.1922132819890976,0.6113021373748779,4064256.0,UT_2016,24
UT,Cache,61,2018,general,0,1,79880.0,40622.0,,,0.2380235493183136,0.5085378289222717,4072324.0,UT_2018,25
UT,Cache,61,2020,general,1,1,94311.0,57571.0,0.3044877656267145,,,0.6104378068305925,4080400.0,UT_2020,26
UT,Cache,61,2024,general,1,1,94311.0,62148.0,0.32175333046841426,0.2652195102140275,,0.6589687311130197,4096576.0,UT_2024,27
UT,Carbon,62,1996,general,1,0,14475.0,8037.0,0.6403684020042419,0.4439314007759094,,0.5493297576904297,3984016.0,UT_1996,14
UT,Carbon,62,1998,general,0,0,14475.0,6128.0,,,0.5972678661346436,0.42108801007270813,3992004.0,UT_1998,15
UT,Carbon,62,2000,general,1,0,14475.0,7570.0,0.4674036204814911,0.6434130072593689,0.49177128076553345,0.5229706168174744,4000000.0,UT_2000,16
UT,Carbon,62,2002,general,0,0,,5871.0,,,,0.4077869951725006,4008004.0,UT_2002,17
UT,Carbon,62,2004,general,1,0,,8678.0,0.4082486629486084,0.6126093864440918,0.4755716621875763,0.6060290932655334,4016016.0,UT_2004,18
UT,Carbon,62,2006,general,0,0,,5005.0,,,0.48359423875808716,0.35143357515335083,4024036.0,UT_2006,19
UT,Carbon,62,2008,general,1,0,,7913.0,0.4587908387184143,0.3279401659965515,,0.5586742758750916,4032064.0,UT_2008,20
UT,Carbon,62,2010,general,0,0,14915.0,5449.0,,,0.4616960287094116,0.36533689498901367,4040100.0,UT_2010,21
UT,Carbon,62,2012,general,1,0,15155.0,7724.0,0.3088934123516083,0.3425353765487671,0.3851173222064972,0.5096668004989624,4048144.0,UT_2012,22
UT,Carbon,62,2014,general,0,0,15075.0,5896.0,,,,0.3911111056804657,4056196.0,UT_2014,23
UT,Carbon,62,2016,general,1,0,14835.0,8093.0,0.24556636810302734,0.2673501670360565,0.25130191445350647,0.5455341935157776,4064256.0,UT_2016,24
UT,Carbon,62,2018,general,0,0,14575.0,7085.0,,,0.29987233877182007,0.48610633611679077,4072324.0,UT_2018,25
UT,Carbon,62,2020,general,1,1,15208.0,9369.0,0.26329113924050634,,,0.61605733824303,4080400.0,UT_2020,26
UT,Carbon,62,2024,general,1,1,15208.0,9610.0,0.27315015144958893,0.2683239364428498,,0.6319042609153077,4096576.0,UT_2024,27
UT,Daggett,63,1996,general,1,0,695.0,433.0,0.35597825050354004,0.27000001072883606,,0.5963274836540222,3984016.0,UT_1996,14
UT,Daggett,63,1998,general,0,0,695.0,439.0,,,0.2230769246816635,0.6178264617919922,3992004.0,UT_1998,15
UT,Daggett,63,2000,general,1,0,695.0,442.0,0.24703088402748108,0.41567695140838623,0.27184465527534485,0.6359712481498718,4000000.0,UT_2000,16
UT,Daggett,63,2002,general,0,0,,498.0,,,,0.7329517602920532,4008004.0,UT_2002,17
UT,Daggett,63,2004,general,1,0,,487.0,0.22131147980690002,0.4033263921737671,0.2678571343421936,0.7335564494132996,4016016.0,UT_2004,18
UT,Daggett,63,2006,general,0,0,,597.0,,,0.24007561802864075,0.9208226799964905,4024036.0,UT_2006,19
UT,Daggett,63,2008,general,1,0,,451.0,0.30607476830482483,0.18119266629219055,,0.7127304673194885,4032064.0,UT_2008,20
UT,Daggett,63,2010,general,0,0,675.0,512.0,,,0.29411765933036804,0.7585185170173645,4040100.0,UT_2010,21
UT,Daggett,63,2012,general,1,0,715.0,525.0,0.18799999356269836,0.1975308656692505,0.27272728085517883,0.7342657446861267,4048144.0,UT_2012,22
UT,Daggett,63,2014,general,0,0,575.0,472.0,,,,0.8208695650100708,4056196.0,UT_2014,23
UT,Daggett,63,2016,general,1,0,590.0,484.0,0.18872548639774323,0.22857142984867096,0.2183908075094223,0.8203389644622803,4064256.0,UT_2016,24
UT,Daggett,63,2018,general,0,1,475.0,444.0,,,0.1927710771560669,0.9347368478775024,4072324.0,UT_2018,25
UT,Daggett,63,2020,general,1,1,610.0,619.0,0.1828665568369028,,,1.0147540983606558,4080400.0,UT_2020,26
UT,Daggett,63,2024,general,1,1,610.0,557.0,0.18566176470588236,0.15550755939524838,,0.9131147540983606,4096576.0,UT_2024,27
UT,Davis,64,1996,general,1,0,151185.0,73345.0,0.3109603822231293,0.1831386685371399,,0.5371576547622681,3984016.0,UT_1996,14
UT,Davis,64,1998,general,0,0,151185.0,51055.0,,,0.27225548028945923,0.3548840582370758,3992004.0,UT_1998,15
UT,Davis,64,2000,general,1,0,151185.0,89127.0,0.2264479696750641,0.3631119728088379,0.26377594470977783,0.5895227789878845,4000000.0,UT_2000,16
UT,Davis,64,2002,general,0,0,,63698.0,,,,0.4018646478652954,4008004.0,UT_2002,17
UT,Davis,64,2004,general,1,0,,110792.0,0.1951158046722412,0.36101090908050537,0.21995265781879425,0.668117105960846,4016016.0,UT_2004,18
UT,Davis,64,2006,general,0,0,,61947.0,,,0.25378546118736267,0.35776838660240173,4024036.0,UT_2006,19
UT,Davis,64,2008,general,1,0,,112889.0,0.282670795917511,0.15035340189933777,,0.6255297660827637,4032064.0,UT_2008,20
UT,Davis,64,2010,general,0,0,186825.0,70416.0,,,0.2908738851547241,0.3769088685512543,4040100.0,UT_2010,21
UT,Davis,64,2012,general,1,0,194675.0,121946.0,0.18432842195034027,0.23138968646526337,0.250840425491333,0.6264081001281738,4048144.0,UT_2012,22
UT,Davis,64,2014,general,0,1,203070.0,65347.0,,,,0.32179543375968933,4056196.0,UT_2014,23
UT,Davis,64,2016,general,1,1,212545.0,140986.0,0.3162371516227722,0.23251236975193024,0.21670828759670258,0.6633230447769165,4064256.0,UT_2016,24
UT,Davis,64,2018,general,0,1,222380.0,126856.0,,,0.25195324420928955,0.5704469680786133,4072324.0,UT_2018,25
UT,Davis,64,2020,general,1,1,250105.0,169895.0,0.3553848439453778,,,0.6792946962275844,4080400.0,UT_2020,26
UT,Davis,64,2024,general,1,1,250105.0,172869.0,0.3715847333548403,0.2957529810098631,,0.6911857020051578,4096576.0,UT_2024,27
UT,Duchesne,65,1996,general,1,0,9015.0,4452.0,0.25197741389274597,0.15595237910747528,,0.5339908003807068,3984016.0,UT_1996,14
UT,Duchesne,65,1998,general,0,0,9015.0,3956.0,,,0.2331983745098114,0.4559646546840668,3992004.0,UT_1998,15
UT,Duchesne,65,2000,general,1,0,9015.0,4786.0,0.17700523138046265,0.41692858934402466,0.2085958570241928,0.5308929681777954,4000000.0,UT_2000,16
UT,Duchesne,65,2002,general,0,0,,3994.0,,,,0.4269881844520569,4008004.0,UT_2002,17
UT,Duchesne,65,2004,general,1,0,,5698.0,0.13467153906822205,0.28238293528556824,0.1677030324935913,0.5878604054450989,4016016.0,UT_2004,18
UT,Duchesne,65,2006,general,0,0,,4074.0,,,0.1563180834054947,0.40611395239830017,4024036.0,UT_2006,19
UT,Duchesne,65,2008,general,1,0,,5855.0,0.1626785695552826,0.10564269125461578,,0.5645791888237,4032064.0,UT_2008,20
UT,Duchesne,65,2010,general,0,0,11305.0,4761.0,,,0.13638530671596527,0.4211410880088806,4040100.0,UT_2010,21
UT,Duchesne,65,2012,general,1,1,12005.0,6432.0,0.09253066033124924,0.11323238909244537,0.13957004249095917,0.5357767343521118,4048144.0,UT_2012,22
UT,Duchesne,65,2014,general,0,1,12480.0,4024.0,,,,0.3224358856678009,4056196.0,UT_2014,23
UT,Duchesne,65,2016,general,1,1,12835.0,7030.0,0.08322236686944962,0.1091269850730896,0.09313137084245682,0.5477210879325867,4064256.0,UT_2016,24
UT,Duchesne,65,2018,general,0,1,12955.0,5868.0,,,0.11176586151123047,0.4529525339603424,4072324.0,UT_2018,25
UT,Duchesne,65,2020,general,1,1,13369.0,8524.0,0.10088559119195788,,,0.6375944348866781,4080400.0,UT_2020,26
UT,Duchesne,65,2024,general,1,1,13369.0,9067.0,0.11434723481414324,0.11288571871608001,,0.6782107861470567,4096576.0,UT_2024,27
UT,Emery,66,1996,general,1,0,6875.0,4200.0,0.40276145935058594,0.20510931313037872,,0.6118980646133423,3984016.0,UT_1996,14
UT,Emery,66,1998,general,0,0,6875.0,4013.0,,,0.2816046476364136,0.5841811895370483,3992004.0,UT_1998,15
UT,Emery,66,2000,general,1,0,6875.0,4533.0,0.22804094851016998,0.4282110035419464,0.26164382696151733,0.6593454480171204,4000000.0,UT_2000,16
UT,Emery,66,2002,general,0,0,,4140.0,,,,0.6016955971717834,4008004.0,UT_2002,17
UT,Emery,66,2004,general,1,0,,4749.0,0.18018212914466858,0.4015645384788513,0.23554176092147827,0.6896490454673767,4016016.0,UT_2004,18
UT,Emery,66,2006,general,0,0,,3917.0,,,0.22009029984474182,0.568367600440979,4024036.0,UT_2006,19
UT,Emery,66,2008,general,1,0,,4545.0,0.22465942800045013,0.1999063640832901,,0.6589609384536743,4032064.0,UT_2008,20
UT,Emery,66,2010,general,0,0,7185.0,3879.0,,,0.24138937890529633,0.5398747324943542,4040100.0,UT_2010,21
UT,Emery,66,2012,general,1,0,7250.0,4543.0,0.1309249848127365,0.17089201509952545,0.2073657065629959,0.6266207098960876,4048144.0,UT_2012,22
UT,Emery,66,2014,general,0,0,7270.0,2753.0,,,,0.3786795139312744,4056196.0,UT_2014,23
UT,Emery,66,2016,general,1,0,7100.0,4359.0,0.09986859560012817,0.11720456182956696,0.11219274997711182,0.6139436364173889,4064256.0,UT_2016,24
UT,Emery,66,2018,general,0,0,7000.0,3972.0,,,0.1437041163444519,0.5674285888671875,4072324.0,UT_2018,25
UT,Emery,66,2020,general,1,1,7154.0,4865.0,0.11969031178070726,,,0.6800391389432485,4080400.0,UT_2020,26
UT,Emery,66,2024,general,1,1,7154.0,5077.0,0.12196601941747573,0.12590604026845637,,0.7096729102599945,4096576.0,UT_2024,27
UT,Garfield,67,1996,general,1,0,3185.0,1905.0,0.17544947564601898,0.11964385211467743,,0.5981161594390869,3984016.0,UT_1996,14
UT,Garfield,67,1998,general,0,0,3185.0,1568.0,,,0.12722298502922058,0.4923076927661896,3992004.0,UT_1998,15
UT,Garfield,67,2000,general,1,0,3185.0,2075.0,0.09383236616849899,0.33944955468177795,0.12824507057666779,0.6514913439750671,4000000.0,UT_2000,16
UT,Garfield,67,2002,general,0,0,,1725.0,,,,0.5416012406349182,4008004.0,UT_2002,17
UT,Garfield,67,2004,general,1,0,,2225.0,0.125,0.2632075548171997,0.1660175323486328,0.6985871195793152,4016016.0,UT_2004,18
UT,Garfield,67,2006,general,0,0,,1715.0,,,0.16043119132518768,0.5384615659713745,4024036.0,UT_2006,19
UT,Garfield,67,2008,general,1,0,,2233.0,0.19148936867713928,0.12038369476795197,,0.7010989189147949,4032064.0,UT_2008,20
UT,Garfield,67,2010,general,0,0,3575.0,1703.0,,,0.16624365746974945,0.4763636291027069,4040100.0,UT_2010,21
UT,Garfield,67,2012,general,1,0,3680.0,2224.0,0.1439252346754074,0.15963566303253174,0.17958782613277435,0.604347825050354,4048144.0,UT_2012,22
UT,Garfield,67,2014,general,0,1,3660.0,1726.0,,,,0.4715847074985504,4056196.0,UT_2014,23
UT,Garfield,67,2016,general,1,1,3610.0,2393.0,0.18228106200695038,0.16681377589702606,0.15945230424404144,0.6628808975219727,4064256.0,UT_2016,24
UT,Garfield,67,2018,general,0,1,3655.0,2198.0,,,0.1926514357328415,0.6013680100440979,4072324.0,UT_2018,25
UT,Garfield,67,2020,general,1,1,4037.0,2732.0,0.19236526946107785,,,0.6767401535793907,4080400.0,UT_2020,26
UT,Garfield,67,2024,general,1,1,4037.0,2857.0,0.19658430232558138,0.17035110533159947,,0.7077037404012881,4096576.0,UT_2024,27
UT,Grand,68,1996,general,1,0,6090.0,3440.0,0.46418893337249756,0.3462025225162506,,0.596187174320221,3984016.0,UT_1996,14
UT,Grand,68,1998,general,0,0,6090.0,2822.0,,,0.3977455794811249,0.4758853316307068,3992004.0,UT_1998,15
UT,Grand,68,2000,general,1,0,6090.0,3718.0,0.38859060406684875,0.5207291841506958,0.42840132117271423,0.6105090379714966,4000000.0,UT_2000,16
UT,Grand,68,2002,general,0,0,,3309.0,,,,0.5294399857521057,4008004.0,UT_2002,17
UT,Grand,68,2004,general,1,0,,4251.0,0.46589767932891846,0.5528395175933838,0.45961934328079224,0.6631825566291809,4016016.0,UT_2004,18
UT,Grand,68,2006,general,0,0,,3013.0,,,0.4716351628303528,0.45859968662261963,4024036.0,UT_2006,19
UT,Grand,68,2008,general,1,0,,4145.0,0.5248857140541077,0.34078946709632874,,0.6158989667892456,4032064.0,UT_2008,20
UT,Grand,68,2010,general,0,0,6565.0,3454.0,,,0.4729253351688385,0.5261234045028687,4040100.0,UT_2010,21
UT,Grand,68,2012,general,1,0,6800.0,4005.0,0.4638732075691223,0.4618539810180664,0.4697674512863159,0.5889706015586853,4048144.0,UT_2012,22
UT,Grand,68,2014,general,0,1,7025.0,3613.0,,,,0.5143060684204102,4056196.0,UT_2014,23
UT,Grand,68,2016,general,1,1,7090.0,4652.0,0.49809402227401733,0.4770366847515106,0.4736596643924713,0.6561353802680969,4064256.0,UT_2016,24
UT,Grand,68,2018,general,0,1,6965.0,4401.0,,,0.5249202251434326,0.6318736672401428,4072324.0,UT_2018,25
UT,Grand,68,2020,general,1,1,7603.0,5185.0,0.5552037989711119,,,0.6819676443509141,4080400.0,UT_2020,26
UT,Grand,68,2024,general,1,1,7603.0,5371.0,0.5485935984481086,0.5267373890452479,,0.7064316717085362,4096576.0,UT_2024,27
UT,Iron,69,1996,general,1,0,22635.0,10135.0,0.22365769743919373,0.11376505345106125,,0.5080059170722961,3984016.0,UT_1996,14
UT,Iron,69,1998,general,0,0,22635.0,8109.0,,,0.16931356489658356,0.38083335757255554,3992004.0,UT_1998,15
UT,Iron,69,2000,general,1,0,22635.0,12760.0,0.1503993272781372,0.2893809676170349,0.1820153445005417,0.5637287497520447,4000000.0,UT_2000,16
UT,Iron,69,2002,general,0,0,,9667.0,,,,0.4031743109226227,4008004.0,UT_2002,17
UT,Iron,69,2004,general,1,0,,15647.0,0.1503116339445114,0.2977827489376068,0.16705431044101715,0.6179835200309753,4016016.0,UT_2004,18
UT,Iron,69,2006,general,0,0,,10128.0,,,0.18952646851539612,0.3798712491989136,4024036.0,UT_2006,19
UT,Iron,69,2008,general,1,0,,16813.0,0.20651622116565704,0.10798121988773346,,0.6003808975219727,4032064.0,UT_2008,20
UT,Iron,69,2010,general,0,0,29915.0,11014.0,,,0.16797232627868652,0.36817649006843567,4040100.0,UT_2010,21
UT,Iron,69,2012,general,1,0,31200.0,16932.0,0.1313922256231308,0.1583751142024994,0.18534822762012482,0.5426923036575317,4048144.0,UT_2012,22
UT,Iron,69,2014,general,0,0,31870.0,9160.0,,,,0.28741762042045593,4056196.0,UT_2014,23
UT,Iron,69,2016,general,1,1,32560.0,17911.0,0.17486260831356049,0.1598842591047287,0.15274307131767273,0.5500921607017517,4064256.0,UT_2016,24
UT,Iron,69,2018,general,0,1,33985.0,16067.0,,,0.2013869285583496,0.4727673828601837,4072324.0,UT_2018,25
UT,Iron,69,2020,general,1,1,44144.0,24890.0,0.20484904317239647,,,0.5638365349764407,4080400.0,UT_2020,26
UT,Iron,69,2024,general,1,1,44144.0,28457.0,0.20851985029720407,0.19089552957028055,,0.6446402682131207,4096576.0,UT_2024,27
UT,Juab,70,1996,general,1,0,5005.0,2664.0,0.41839495301246643,0.2255905568599701,,0.5895979404449463,3984016.0,UT_1996,14
UT,Juab,70,1998,general,0,0,5005.0,2513.0,,,0.3385862112045288,0.52775639295578,3992004.0,UT_1998,15
UT,Juab,70,2000,general,1,0,5005.0,2883.0,0.23429220914840698,0.42663657665252686,0.2575927972793579,0.5760239958763123,4000000.0,UT_2000,16
UT,Juab,70,2002,general,0,0,,2842.0,,,,0.5415052175521851,4008004.0,UT_2002,17
UT,Juab,70,2004,general,1,0,,3560.0,0.18411442637443542,0.4058963656425476,0.2464040070772171,0.648254930973053,4016016.0,UT_2004,18
UT,Juab,70,2006,general,0,0,,3403.0,,,0.24889039993286133,0.5933740139007568,4024036.0,UT_2006,19
UT,Juab,70,2008,general,1,0,,3709.0,0.21641355752944946,0.18030604720115662,,0.620406985282898,4032064.0,UT_2008,20
UT,Juab,70,2010,general,0,0,6130.0,2941.0,,,0.22231075167655945,0.47977161407470703,4040100.0,UT_2010,21
UT,Juab,70,2012,general,1,0,6375.0,4041.0,0.11567068845033646,0.15596817433834076,0.21052631735801697,0.6338823437690735,4048144.0,UT_2012,22
UT,Juab,70,2014,general,0,0,6470.0,3222.0,,,,0.4979907274246216,4056196.0,UT_2014,23
UT,Juab,70,2016,general,1,1,6675.0,4778.0,0.13520954549312592,0.12267002463340759,0.11138737201690674,0.7158052325248718,4064256.0,UT_2016,24
UT,Juab,70,2018,general,0,1,6980.0,4262.0,,,0.1290661096572876,0.6106017231941223,4072324.0,UT_2018,25
UT,Juab,70,2020,general,1,1,8352.0,5866.0,0.11252616887648291,,,0.7023467432950191,4080400.0,UT_2020,26
UT,Juab,70,2024,general,1,1,8352.0,6616.0,0.11459797033567526,0.1138682745825603,,0.7921455938697318,4096576.0,UT_2024,27
UT,Kane,71,1996,general,1,0,4200.0,2453.0,0.15307150781154633,0.11769759654998779,,0.6271874904632568,3984016.0,UT_1996,14
UT,Kane,71,1998,general,0,0,4200.0,2045.0,,,0.14247599244117737,0.5042465329170227,3992004.0,UT_1998,15
UT,Kane,71,2000,general,1,0,4200.0,2868.0,0.14653539657592773,0.28776979446411133,0.17585693299770355,0.6828571557998657,4000000.0,UT_2000,16
UT,Kane,71,2002,general,0,0,,2245.0,,,,0.5167519450187683,4008004.0,UT_2002,17
UT,Kane,71,2004,general,1,0,,3107.0,0.19264213740825653,0.2751588225364685,0.21045392751693726,0.6921535134315491,4016016.0,UT_2004,18
UT,Kane,71,2006,general,0,0,,2429.0,,,0.23343849182128906,0.5242446064949036,4024036.0,UT_2006,19
UT,Kane,71,2008,general,1,0,,3252.0,0.2790091335773468,0.19027134776115417,,0.6806511282920837,4032064.0,UT_2008,20
UT,Kane,71,2010,general,0,0,5280.0,2498.0,,,0.21558211743831635,0.4731060564517975,4040100.0,UT_2010,21
UT,Kane,71,2012,general,1,0,5375.0,3448.0,0.2278015911579132,0.22383813560009003,0.27632004022598267,0.6414883732795715,4048144.0,UT_2012,22
UT,Kane,71,2014,general,0,0,5415.0,1996.0,,,,0.36860573291778564,4056196.0,UT_2014,23
UT,Kane,71,2016,general,1,1,5495.0,3568.0,0.24650698900222778,0.21971066296100616,0.22650602459907532,0.6493175625801086,4064256.0,UT_2016,24
UT,Kane,71,2018,general,0,1,5620.0,3172.0,,,0.25893786549568176,0.5644128322601318,4072324.0,UT_2018,25
UT,Kane,71,2020,general,1,1,6428.0,4180.0,0.2653761333006616,,,0.6502800248911015,4080400.0,UT_2020,26
UT,Kane,71,2024,general,1,1,6428.0,4560.0,0.25758948799275033,0.24634356180097505,,0.7093963907902925,4096576.0,UT_2024,27
UT,Millard,72,1996,general,1,0,7395.0,4513.0,0.26061776280403137,0.14090801775455475,,0.6128555536270142,3984016.0,UT_1996,14
UT,Millard,72,1998,general,0,0,7395.0,3958.0,,,0.24694043397903442,0.5363547205924988,3992004.0,UT_1998,15
UT,Millard,72,2000,general,1,0,7395.0,4942.0,0.1531016230583191,0.3771490752696991,0.1815016269683838,0.6682893633842468,4000000.0,UT_2000,16
UT,Millard,72,2002,general,0,0,,3806.0,,,,0.5135917067527771,4008004.0,UT_2002,17
UT,Millard,72,2004,general,1,0,,4989.0,0.13290870189666748,0.3442964255809784,0.1858019232749939,0.6718186140060425,4016016.0,UT_2004,18
UT,Millard,72,2006,general,0,0,,3971.0,,,0.19010020792484283,0.5336170196533203,4024036.0,UT_2006,19
UT,Millard,72,2008,general,1,0,,4851.0,0.17184312641620636,0.15297578275203705,,0.650510311126709,4032064.0,UT_2008,20
UT,Millard,72,2010,general,0,0,7630.0,4275.0,,,0.1962188482284546,0.5602883100509644,4040100.0,UT_2010,21
UT,Millard,72,2012,general,1,0,7805.0,5116.0,0.08779792487621307,0.14811697602272034,0.18517717719078064,0.6554772853851318,4048144.0,UT_2012,22
UT,Millard,72,2014,general,0,0,7850.0,3972.0,,,,0.505987286567688,4056196.0,UT_2014,23
UT,Millard,72,2016,general,1,1,7915.0,5315.0,0.1004427894949913,0.10703548043966293,0.09298176318407059,0.6715098023414612,4064256.0,UT_2016,24
UT,Millard,72,2018,general,0,1,8060.0,4699.0,,,0.12237093597650528,0.583002507686615,4072324.0,UT_2018,25
UT,Millard,72,2020,general,1,1,8607.0,6160.0,0.10351692103516921,,,0.7156965260834205,4080400.0,UT_2020,26
UT,Millard,72,2024,general,1,1,8607.0,6500.0,0.11369797480465635,0.11861183741383409,,0.7551992564191937,4096576.0,UT_2024,27
UT,Morgan,73,1996,general,1,0,4440.0,2954.0,0.34114375710487366,0.16695652902126312,,0.7434563636779785,3984016.0,UT_1996,14
UT,Morgan,73,1998,general,0,0,4440.0,2757.0,,,0.3153786063194275,0.6553882956504822,3992004.0,UT_1998,15
UT,Morgan,73,2000,general,1,0,4440.0,3381.0,0.18329466879367828,0.4003220498561859,0.21992237865924835,0.7614864706993103,4000000.0,UT_2000,16
UT,Morgan,73,2002,general,0,0,,2519.0,,,,0.5390156507492065,4008004.0,UT_2002,17
UT,Morgan,73,2004,general,1,0,,3915.0,0.12509939074516296,0.33412134647369385,0.17338383197784424,0.7978940606117249,4016016.0,UT_2004,18
UT,Morgan,73,2006,general,0,0,,3468.0,,,0.1840510368347168,0.6747081875801086,4024036.0,UT_2006,19
UT,Morgan,73,2008,general,1,0,,4222.0,0.17225000262260437,0.09375783056020737,,0.7857319712638855,4032064.0,UT_2008,20
UT,Morgan,73,2010,general,0,0,5800.0,3175.0,,,0.22084367275238037,0.5474137663841248,4040100.0,UT_2010,21
UT,Morgan,73,2012,general,1,0,6075.0,4617.0,0.08921850472688675,0.15900819003582,0.19876061379909515,0.7599999904632568,4048144.0,UT_2012,22
UT,Morgan,73,2014,general,0,0,6345.0,2845.0,,,,0.448384553194046,4056196.0,UT_2014,23
UT,Morgan,73,2016,general,1,1,6735.0,5251.0,0.15325364470481873,0.12750861048698425,0.1196460872888565,0.7796584963798523,4064256.0,UT_2016,24
UT,Morgan,73,2018,general,0,1,7230.0,5179.0,,,0.12647554278373718,0.7163208723068237,4072324.0,UT_2018,25
UT,Morgan,73,2020,general,1,1,8523.0,6512.0,0.1732886548587841,,,0.7640502170597208,4080400.0,UT_2020,26
UT,Morgan,73,2024,general,1,1,8523.0,7005.0,0.19158023184868822,0.15241855873642646,,0.8218936994016192,4096576.0,UT_2024,27
UT,Piute,74,1996,general,1,0,975.0,729.0,0.2703533172607422,0.1349431872367859,,0.7545716166496277,3984016.0,UT_1996,14
UT,Piute,74,1998,general,0,0,975.0,875.0,,,0.2063492089509964,0.901545524597168,3992004.0,UT_1998,15
UT,Piute,74,2000,general,1,0,975.0,798.0,0.17523056268692017,0.2824631929397583,0.18353576958179474,0.818461537361145,4000000.0,UT_2000,16
UT,Piute,74,2002,general,0,0,,631.0,,,,0.6442427635192871,4008004.0,UT_2002,17
UT,Piute,74,2004,general,1,0,,779.0,0.15994799137115479,0.3143236041069031,0.15982404351234436,0.7917560338973999,4016016.0,UT_2004,18
UT,Piute,74,2006,general,0,0,,752.0,,,0.1426512897014618,0.7608768939971924,4024036.0,UT_2006,19
UT,Piute,74,2008,general,1,0,,810.0,0.18170103430747986,0.12549537420272827,,0.8158925771713257,4032064.0,UT_2008,20
UT,Piute,74,2010,general,0,0,1095.0,592.0,,,0.1599999964237213,0.5406392812728882,4040100.0,UT_2010,21
UT,Piute,74,2012,general,1,0,1200.0,798.0,0.0959792509675026,0.11081080883741379,0.12995895743370056,0.6650000214576721,4048144.0,UT_2012,22
UT,Piute,74,2014,general,0,0,1420.0,651.0,,,,0.45845070481300354,4056196.0,UT_2014,23
UT,Piute,74,2016,general,1,0,1405.0,744.0,0.06983654946088791,0.07894736528396606,0.07780979573726654,0.5295373797416687,4064256.0,UT_2016,24
UT,Piute,74,2018,general,0,1,1460.0,709.0,,,0.1281197965145111,0.48561644554138184,4072324.0,UT_2018,25
UT,Piute,74,2020,general,1,1,1356.0,871.0,0.10011641443538999,,,0.6423303834808259,4080400.0,UT_2020,26
UT,Piute,74,2024,general,1,1,1356.0,977.0,0.09915611814345991,0.06874189364461739,,0.7205014749262537,4096576.0,UT_2024,27
UT,Rich,75,1996,general,1,0,1255.0,811.0,0.2549857497215271,0.1390306055545807,,0.7035180330276489,3984016.0,UT_1996,14
UT,Rich,75,1998,general,0,0,1255.0,821.0,,,0.18637531995773315,0.6819565892219543,3992004.0,UT_1998,15
UT,Rich,75,2000,general,1,0,1255.0,920.0,0.171171173453331,0.3814317584037781,0.19226393103599548,0.7330677509307861,4000000.0,UT_2000,16
UT,Rich,75,2002,general,0,0,,822.0,,,,0.6293492317199707,4008004.0,UT_2002,17
UT,Rich,75,2004,general,1,0,,1032.0,0.10572259873151779,0.30987292528152466,0.14002089202404022,0.7603766322135925,4016016.0,UT_2004,18
UT,Rich,75,2006,general,0,0,,857.0,,,0.10913705825805664,0.6085206866264343,4024036.0,UT_2006,19
UT,Rich,75,2008,general,1,0,,1018.0,0.1563451737165451,0.09203723073005676,,0.697525680065155,4032064.0,UT_2008,20
UT,Rich,75,2010,general,0,0,1580.0,797.0,,,0.1975308656692505,0.50443035364151,4040100.0,UT_2010,21
UT,Rich,75,2012,general,1,0,1510.0,1026.0,0.08316633105278015,0.1266874372959137,0.15273477137088776,0.6794701814651489,4048144.0,UT_2012,22
UT,Rich,75,2014,general,0,0,1490.0,761.0,,,,0.5107382535934448,4056196.0,UT_2014,23
UT,Rich,75,2016,general,1,1,1500.0,1131.0,0.11542730033397675,0.11401869356632233,0.10185185074806213,0.7540000081062317,4064256.0,UT_2016,24
UT,Rich,75,2018,general,0,1,1485.0,1121.0,,,0.11980676651000977,0.7548821568489075,4072324.0,UT_2018,25
UT,Rich,75,2020,general,1,1,1866.0,1363.0,0.13462976813762154,,,0.7304394426580921,4080400.0,UT_2020,26
UT,Rich,75,2024,general,1,1,1866.0,1465.0,0.15017543859649124,0.10819672131147541,,0.785101822079314,4096576.0,UT_2024,27
UT,Salt Lake,76,1996,general,1,0,572910.0,288128.0,0.47966670989990234,0.3148636519908905,,0.5311213135719299,3984016.0,UT_1996,14
UT,Salt Lake,76,1998,general,0,0,572910.0,210546.0,,,0.43093863129615784,0.37752553820610046,3992004.0,UT_1998,15
UT,Salt Lake,76,2000,general,1,0,572910.0,312098.0,0.3853546977043152,0.5265085697174072,0.4368208646774292,0.544759213924408,4000000.0,UT_2000,16
UT,Salt Lake,76,2002,general,0,0,,226022.0,,,,0.3843127191066742,4008004.0,UT_2002,17
UT,Salt Lake,76,2004,general,1,0,,366706.0,0.38657346367836,0.5268818736076355,0.40972378849983215,0.6078033447265625,4016016.0,UT_2004,18
UT,Salt Lake,76,2006,general,0,0,,226939.0,,,0.4605497419834137,0.3668946325778961,4024036.0,UT_2006,19
UT,Salt Lake,76,2008,general,1,0,,369884.0,0.500418484210968,0.2921088933944702,,0.58364337682724,4032064.0,UT_2008,20
UT,Salt Lake,76,2010,general,0,0,639420.0,255385.0,,,0.48973536491394043,0.3994010090827942,4040100.0,UT_2010,21
UT,Salt Lake,76,2012,general,1,0,659575.0,386729.0,0.3950367271900177,0.4244523346424103,0.4491078853607178,0.5863305926322937,4048144.0,UT_2012,22
UT,Salt Lake,76,2014,general,0,0,682890.0,229379.0,,,,0.33589449524879456,4056196.0,UT_2014,23
UT,Salt Lake,76,2016,general,1,1,704435.0,427064.0,0.5602409839630127,0.45361870527267456,0.4328514039516449,0.6062504053115845,4064256.0,UT_2016,24
UT,Salt Lake,76,2018,general,0,1,728695.0,423948.0,,,0.47356268763542175,0.5817907452583313,4072324.0,UT_2018,25
UT,Salt Lake,76,2020,general,1,1,809053.0,541175.0,0.557425780649131,,,0.6688993180916454,4080400.0,UT_2020,26
UT,Salt Lake,76,2024,general,1,1,809053.0,521789.0,0.5526066561257479,0.4974716463194394,,0.6449379706891885,4096576.0,UT_2024,27
UT,San Juan,77,1996,general,1,0,8680.0,4454.0,0.4391714632511139,0.3834735155105591,,0.5324920415878296,3984016.0,UT_1996,14
UT,San Juan,77,1998,general,0,0,8680.0,3612.0,,,0.3565468490123749,0.42383310198783875,3992004.0,UT_1998,15
UT,San Juan,77,2000,general,1,0,8680.0,4836.0,0.403158575296402,0.5227518081665039,0.36244070529937744,0.5571428537368774,4000000.0,UT_2000,16
UT,San Juan,77,2002,general,0,0,,3987.0,,,,0.45113152265548706,4008004.0,UT_2002,17
UT,San Juan,77,2004,general,1,0,,5019.0,0.39081403613090515,0.46759742498397827,0.3922652006149292,0.5579422116279602,4016016.0,UT_2004,18
UT,San Juan,77,2006,general,0,0,,4052.0,,,0.3254201114177704,0.4426802694797516,4024036.0,UT_2006,19
UT,San Juan,77,2008,general,1,0,,5186.0,0.4770023822784424,0.3812132179737091,,0.5569689869880676,4032064.0,UT_2008,20
UT,San Juan,77,2010,general,0,0,9310.0,4172.0,,,0.3900873064994812,0.4481202960014343,4040100.0,UT_2010,21
UT,San Juan,77,2012,general,1,0,9620.0,5349.0,0.41032034158706665,0.385424941778183,0.3657548129558563,0.5560290813446045,4048144.0,UT_2012,22
UT,San Juan,77,2014,general,0,1,9800.0,4050.0,,,,0.41326531767845154,4056196.0,UT_2014,23
UT,San Juan,77,2016,general,1,1,10275.0,5601.0,0.43567314743995667,0.38252952694892883,0.37514451146125793,0.5451095104217529,4064256.0,UT_2016,24
UT,San Juan,77,2018,general,0,1,10310.0,5566.0,,,0.4166997969150543,0.539864182472229,4072324.0,UT_2018,25
UT,San Juan,77,2020,general,1,1,10264.0,6878.0,0.46826113116726836,,,0.6701091192517536,4080400.0,UT_2020,26
UT,San Juan,77,2024,general,1,1,10264.0,6441.0,0.4166935744268647,0.4708382526564345,,0.6275331254871395,4096576.0,UT_2024,27
UT,Sanpete,78,1996,general,1,0,14595.0,6636.0,0.301596462726593,0.17147044837474823,,0.47842350602149963,3984016.0,UT_1996,14
UT,Sanpete,78,1998,general,0,0,14595.0,6067.0,,,0.2621377110481262,0.4262695908546448,3992004.0,UT_1998,15
UT,Sanpete,78,2000,general,1,0,14595.0,7776.0,0.173197939991951,0.365943044424057,0.20604434609413147,0.532785177230835,4000000.0,UT_2000,16
UT,Sanpete,78,2002,general,0,0,,6148.0,,,,0.411038875579834,4008004.0,UT_2002,17
UT,Sanpete,78,2004,general,1,0,,8740.0,0.14512388408184052,0.33968445658683777,0.19301821291446686,0.5705167651176453,4016016.0,UT_2004,18
UT,Sanpete,78,2006,general,0,0,,6677.0,,,0.1879725158214569,0.42578381299972534,4024036.0,UT_2006,19
UT,Sanpete,78,2008,general,1,0,,8965.0,0.19662447273731232,0.1422896385192871,,0.5587797164916992,4032064.0,UT_2008,20
UT,Sanpete,78,2010,general,0,0,17575.0,6768.0,,,0.19751925766468048,0.38509246706962585,4040100.0,UT_2010,21
UT,Sanpete,78,2012,general,1,0,18375.0,9655.0,0.10441082715988159,0.15275938808918,0.18491539359092712,0.5254421830177307,4048144.0,UT_2012,22
UT,Sanpete,78,2014,general,0,1,19185.0,5882.0,,,,0.3065936863422394,4056196.0,UT_2014,23
UT,Sanpete,78,2016,general,1,1,19985.0,10347.0,0.1371864527463913,0.10612286627292633,0.1161569356918335,0.5177382826805115,4064256.0,UT_2016,24
UT,Sanpete,78,2018,general,0,1,20810.0,9370.0,,,0.13390548527240753,0.4502643048763275,4072324.0,UT_2018,25
UT,Sanpete,78,2020,general,1,1,21547.0,12631.0,0.14641312331673875,,,0.5862068965517241,4080400.0,UT_2020,26
UT,Sanpete,78,2024,general,1,1,21547.0,13226.0,0.1517636754518672,0.1334481274214378,,0.6138209495521418,4096576.0,UT_2024,27
UT,Sevier,79,1996,general,1,0,12215.0,6554.0,0.24766704440116882,0.11899790912866592,,0.5543015599250793,3984016.0,UT_1996,14
UT,Sevier,79,1998,general,0,0,12215.0,4905.0,,,0.2122795581817627,0.408088743686676,3992004.0,UT_1998,15
UT,Sevier,79,2000,general,1,0,12215.0,7261.0,0.15362021327018738,0.28862205147743225,0.1681184619665146,0.594433069229126,4000000.0,UT_2000,16
UT,Sevier,79,2002,general,0,0,,5189.0,,,,0.4181118309497833,4008004.0,UT_2002,17
UT,Sevier,79,2004,general,1,0,,7842.0,0.12238924950361252,0.32806482911109924,0.15661995112895966,0.6220792531967163,4016016.0,UT_2004,18
UT,Sevier,79,2006,general,0,0,,5899.0,,,0.16103996336460114,0.46079936623573303,4024036.0,UT_2006,19
UT,Sevier,79,2008,general,1,0,,8158.0,0.17528697848320007,0.1420259177684784,,0.627672553062439,4032064.0,UT_2008,20
UT,Sevier,79,2010,general,0,0,13715.0,6054.0,,,0.15716348588466644,0.4414145052433014,4040100.0,UT_2010,21
UT,Sevier,79,2012,general,1,0,13900.0,8153.0,0.09288860857486725,0.1360083371400833,0.1590879112482071,0.586546778678894,4048144.0,UT_2012,22
UT,Sevier,79,2014,general,0,1,14020.0,5008.0,,,,0.35720399022102356,4056196.0,UT_2014,23
UT,Sevier,79,2016,general,1,1,14290.0,8737.0,0.093476802110672,0.11001461744308472,0.10103940218687057,0.6114065647125244,4064256.0,UT_2016,24
UT,Sevier,79,2018,general,0,1,14515.0,7450.0,,,0.11715544760227203,0.513262152671814,4072324.0,UT_2018,25
UT,Sevier,79,2020,general,1,1,15718.0,10363.0,0.1069455406471981,,,0.6593077999745515,4080400.0,UT_2020,26
UT,Sevier,79,2024,general,1,1,15718.0,11072.0,0.11484854116335254,0.09571322985957133,,0.7044153200152691,4096576.0,UT_2024,27
UT,Summit,80,1996,general,1,0,19405.0,9692.0,0.5192690491676331,0.3371751606464386,,0.5495542287826538,3984016.0,UT_1996,14
UT,Summit,80,1998,general,0,0,19405.0,8005.0,,,0.46662208437919617,0.43222248554229736,3992004.0,UT_1998,15
UT,Summit,80,2000,general,1,0,19405.0,12276.0,0.4272448718547821,0.5811812877655029,0.49287185072898865,0.6326204538345337,4000000.0,UT_2000,16
UT,Summit,80,2002,general,0,0,,9695.0,,,,0.47783464193344116,4008004.0,UT_2002,17
UT,Summit,80,2004,general,1,0,,15524.0,0.4678468406200409,0.5891938805580139,0.48574960231781006,0.7331671714782715,4016016.0,UT_2004,18
UT,Summit,80,2006,general,0,0,,11229.0,,,0.5165987014770508,0.5090593099594116,4024036.0,UT_2006,19
UT,Summit,80,2008,general,1,0,,17059.0,0.5781174302101135,0.2751847207546234,,0.7435455322265625,4032064.0,UT_2008,20
UT,Summit,80,2010,general,0,0,22975.0,12024.0,,,0.5476951003074646,0.5233514904975891,4040100.0,UT_2010,21
UT,Summit,80,2012,general,1,0,24180.0,17644.0,0.47605568170547485,0.4850476384162903,0.5164808630943298,0.7296939492225647,4048144.0,UT_2012,22
UT,Summit,80,2014,general,0,0,25480.0,10918.0,,,,0.428492933511734,4056196.0,UT_2014,23
UT,Summit,80,2016,general,1,1,26515.0,21037.0,0.5888652205467224,0.5143493413925171,0.5052841901779175,0.79339998960495,4064256.0,UT_2016,24
UT,Summit,80,2018,general,0,1,27945.0,20471.0,,,0.5272952318191528,0.7325460910797119,4072324.0,UT_2018,25
UT,Summit,80,2020,general,1,1,31005.0,26088.0,0.5978977094446187,,,0.8414126753749396,4080400.0,UT_2020,26
UT,Summit,80,2024,general,1,1,31005.0,26482.0,0.5753888560740303,0.5051464416662985,,0.8541203031769069,4096576.0,UT_2024,27
UT,Tooele,81,1996,general,1,0,25545.0,9964.0,0.5070493817329407,0.2852248251438141,,0.46137934923171997,3984016.0,UT_1996,14
UT,Tooele,81,1998,general,0,0,25545.0,8235.0,,,0.394086092710495,0.3493765890598297,3992004.0,UT_1998,15
UT,Tooele,81,2000,general,1,0,25545.0,12743.0,0.3388380706310272,0.47879886627197266,0.34671080112457275,0.4988451898097992,4000000.0,UT_2000,16
UT,Tooele,81,2002,general,0,0,,11357.0,,,,0.41269001364707947,4008004.0,UT_2002,17
UT,Tooele,81,2004,general,1,0,,16984.0,0.2532033622264862,0.4362988770008087,0.3062591850757599,0.5758481025695801,4016016.0,UT_2004,18
UT,Tooele,81,2006,general,0,0,,12387.0,,,0.30608972907066345,0.39363381266593933,4024036.0,UT_2006,19
UT,Tooele,81,2008,general,1,0,,17612.0,0.3464463949203491,0.19595645368099213,,0.5266308784484863,4032064.0,UT_2008,20
UT,Tooele,81,2010,general,0,0,34190.0,12079.0,,,0.33861657977104187,0.3532904386520386,4040100.0,UT_2010,21
UT,Tooele,81,2012,general,1,0,36045.0,19387.0,0.24074074625968933,0.2754282057285309,0.3030219078063965,0.5378554463386536,4048144.0,UT_2012,22
UT,Tooele,81,2014,general,0,0,37405.0,11384.0,,,,0.3043443262577057,4056196.0,UT_2014,23
UT,Tooele,81,2016,general,1,0,39180.0,22145.0,0.2904967665672302,0.26521632075309753,0.24447840452194214,0.565211832523346,4064256.0,UT_2016,24
UT,Tooele,81,2018,general,0,1,41755.0,22380.0,,,0.2759573757648468,0.5359837412834167,4072324.0,UT_2018,25
UT,Tooele,81,2020,general,1,1,53205.0,31518.0,0.29852788997563173,,,0.5923879334648999,4080400.0,UT_2020,26
UT,Tooele,81,2024,general,1,1,53205.0,34652.0,0.28931122140176735,0.2637852289183469,,0.6512921717883657,4096576.0,UT_2024,27
UT,Uintah,82,1996,general,1,0,16350.0,7846.0,0.26544836163520813,0.17088007926940918,,0.519411563873291,3984016.0,UT_1996,14
UT,Uintah,82,1998,general,0,0,16350.0,6314.0,,,0.21329499781131744,0.4014553129673004,3992004.0,UT_1998,15
UT,Uintah,82,2000,general,1,0,16350.0,8558.0,0.17081280052661896,0.3751864731311798,0.20134061574935913,0.5234251022338867,4000000.0,UT_2000,16
UT,Uintah,82,2002,general,0,0,,6177.0,,,,0.36394762992858887,4008004.0,UT_2002,17
UT,Uintah,82,2004,general,1,0,,10095.0,0.12939493358135223,0.24620279669761658,0.15627986192703247,0.5737606287002563,4016016.0,UT_2004,18
UT,Uintah,82,2006,general,0,0,,6141.0,,,0.14804722368717194,0.33710888028144836,4024036.0,UT_2006,19
UT,Uintah,82,2008,general,1,0,,10266.0,0.14763203263282776,0.10266198962926865,,0.5449365973472595,4032064.0,UT_2008,20
UT,Uintah,82,2010,general,0,0,20150.0,7575.0,,,0.12357217073440552,0.375930517911911,4040100.0,UT_2010,21
UT,Uintah,82,2012,general,1,0,21200.0,11690.0,0.08731827139854431,0.09979191422462463,0.11447596549987793,0.5514150857925415,4048144.0,UT_2012,22
UT,Uintah,82,2014,general,0,0,22480.0,5813.0,,,,0.2585854232311249,4056196.0,UT_2014,23
UT,Uintah,82,2016,general,1,1,23525.0,12938.0,0.09208699315786362,0.11485312134027481,0.10081008076667786,0.5499681234359741,4064256.0,UT_2016,24
UT,Uintah,82,2018,general,0,1,23630.0,10519.0,,,0.12498623132705688,0.44515445828437805,4072324.0,UT_2018,25
UT,Uintah,82,2020,general,1,1,24852.0,15307.0,0.11143125167515411,,,0.6159262835989056,4080400.0,UT_2020,26
UT,Uintah,82,2024,general,1,1,24852.0,16036.0,0.12552247443894282,0.12272258508078378,,0.6452599388379205,4096576.0,UT_2024,27
UT,Utah,83,1996,general,1,0,229250.0,102268.0,0.20798462629318237,0.11699877679347992,,0.5305977463722229,3984016.0,UT_1996,14
UT,Utah,83,1998,general,0,0,229250.0,66505.0,,,0.21486932039260864,0.3151962161064148,3992004.0,UT_1998,15
UT,Utah,83,2000,general,1,0,229250.0,122209.0,0.1433740258216858,0.3125496506690979,0.18154789507389069,0.5330817699432373,4000000.0,UT_2000,16
UT,Utah,83,2002,general,0,0,,79610.0,,,,0.32165080308914185,4008004.0,UT_2002,17
UT,Utah,83,2004,general,1,0,,151237.0,0.11918888241052628,0.2659446597099304,0.14475670456886292,0.5690760016441345,4016016.0,UT_2004,18
UT,Utah,83,2006,general,0,0,,87271.0,,,0.18107840418815613,0.3072778284549713,4024036.0,UT_2006,19
UT,Utah,83,2008,general,1,0,,162015.0,0.19478757679462433,0.10357643663883209,,0.5359982252120972,4032064.0,UT_2008,20
UT,Utah,83,2010,general,0,0,296120.0,103639.0,,,0.1696884036064148,0.3499898612499237,4040100.0,UT_2010,21
UT,Utah,83,2012,general,1,0,313865.0,179641.0,0.09918441623449326,0.13504642248153687,0.16548846662044525,0.5723511576652527,4048144.0,UT_2012,22
UT,Utah,83,2014,general,0,0,328045.0,88157.0,,,,0.26873448491096497,4056196.0,UT_2014,23
UT,Utah,83,2016,general,1,0,345235.0,204693.0,0.21821826696395874,0.1493283361196518,0.13766804337501526,0.5929091572761536,4064256.0,UT_2016,24
UT,Utah,83,2018,general,0,1,363520.0,178119.0,,,0.17584829032421112,0.48998403549194336,4072324.0,UT_2018,25
UT,Utah,83,2020,general,1,1,450907.0,284480.0,0.2828135170823337,,,0.630906151379331,4080400.0,UT_2020,26
UT,Utah,83,2024,general,1,1,450907.0,308981.0,0.2944978208333189,0.24169901965998333,,0.685243298507231,4096576.0,UT_2024,27
UT,Wasatch,84,1996,general,1,0,9630.0,4521.0,0.382091224193573,0.2135355919599533,,0.547557532787323,3984016.0,UT_1996,14
UT,Wasatch,84,1998,general,0,0,9630.0,4125.0,,,0.30896836519241333,0.46123743057250977,3992004.0,UT_1998,15
UT,Wasatch,84,2000,general,1,0,9630.0,5822.0,0.2787535488605499,0.4790354371070862,0.30849531292915344,0.6045690774917603,4000000.0,UT_2000,16
UT,Wasatch,84,2002,general,0,0,,5065.0,,,,0.49095314741134644,4008004.0,UT_2002,17
UT,Wasatch,84,2004,general,1,0,,7658.0,0.2520048916339874,0.4105619490146637,0.28068214654922485,0.6959709525108337,4016016.0,UT_2004,18
UT,Wasatch,84,2006,general,0,0,,6102.0,,,0.2809346914291382,0.5219845771789551,4024036.0,UT_2006,19
UT,Wasatch,84,2008,general,1,0,,8671.0,0.3475126028060913,0.17073170840740204,,0.7005925178527832,4032064.0,UT_2008,20
UT,Wasatch,84,2010,general,0,0,13380.0,6287.0,,,0.32237300276756287,0.46988043189048767,4040100.0,UT_2010,21
UT,Wasatch,84,2012,general,1,0,14160.0,9722.0,0.23281267285346985,0.255671888589859,0.29835277795791626,0.6865819096565247,4048144.0,UT_2012,22
UT,Wasatch,84,2014,general,0,0,15340.0,6639.0,,,,0.4327901005744934,4056196.0,UT_2014,23
UT,Wasatch,84,2016,general,1,1,17080.0,12381.0,0.33373284339904785,0.26762011647224426,0.25506073236465454,0.7248829007148743,4064256.0,UT_2016,24
UT,Wasatch,84,2018,general,0,1,19410.0,12375.0,,,0.29905977845191956,0.6375579833984375,4072324.0,UT_2018,25
UT,Wasatch,84,2020,general,1,1,24443.0,17581.0,0.3643269344011306,,,0.7192652293090046,4080400.0,UT_2020,26
UT,Wasatch,84,2024,general,1,1,24443.0,18979.0,0.35975270134788906,0.31292330847643157,,0.776459518062431,4096576.0,UT_2024,27
UT,Washington,85,1996,general,1,0,60335.0,26543.0,0.21449249982833862,0.14140763878822327,,0.5514282584190369,3984016.0,UT_1996,14
UT,Washington,85,1998,general,0,0,60335.0,20473.0,,,0.1928333044052124,0.37748685479164124,3992004.0,UT_1998,15
UT,Washington,85,2000,general,1,0,60335.0,32760.0,0.1765979379415512,0.29458245635032654,0.20594169199466705,0.5429684519767761,4000000.0,UT_2000,16
UT,Washington,85,2002,general,0,0,,26961.0,,,,0.40582525730133057,4008004.0,UT_2002,17
UT,Washington,85,2004,general,1,0,,44943.0,0.1741296947002411,0.2718367576599121,0.18811169266700745,0.6196043491363525,4016016.0,UT_2004,18
UT,Washington,85,2006,general,0,0,,29963.0,,,0.2306608259677887,0.38103896379470825,4024036.0,UT_2006,19
UT,Washington,85,2008,general,1,0,,50621.0,0.2248997688293457,0.13511814177036285,,0.5974036455154419,4032064.0,UT_2008,20
UT,Washington,85,2010,general,0,0,88745.0,36322.0,,,0.18026429414749146,0.4092850387096405,4040100.0,UT_2010,21
UT,Washington,85,2012,general,1,0,93020.0,54505.0,0.15719807147979736,0.18069157004356384,0.2182527780532837,0.5859492421150208,4048144.0,UT_2012,22
UT,Washington,85,2014,general,0,0,97290.0,30795.0,,,,0.3165279030799866,4056196.0,UT_2014,23
UT,Washington,85,2016,general,1,0,104620.0,63117.0,0.1943405419588089,0.1828898787498474,0.17480842769145966,0.6032976508140564,4064256.0,UT_2016,24
UT,Washington,85,2018,general,0,1,112440.0,61468.0,,,0.21628433465957642,0.5466737747192383,4072324.0,UT_2018,25
UT,Washington,85,2020,general,1,1,142420.0,90476.0,0.2337629805064675,,,0.6352759443898329,4080400.0,UT_2020,26
UT,Washington,85,2024,general,1,1,142420.0,99137.0,0.23381016210782055,0.22901824749509053,,0.6960890324392641,4096576.0,UT_2024,27
UT,Wayne,86,1996,general,1,0,1680.0,1160.0,0.2634194791316986,0.14399999380111694,,0.6969292163848877,3984016.0,UT_1996,14
UT,Wayne,86,1998,general,0,0,1680.0,1147.0,,,0.22899353504180908,0.685913622379303,3992004.0,UT_1998,15
UT,Wayne,86,2000,general,1,0,1680.0,1288.0,0.17489176988601685,0.38038885593414307,0.21702127158641815,0.7666666507720947,4000000.0,UT_2000,16
UT,Wayne,86,2002,general,0,0,,1375.0,,,,0.8146806955337524,4008004.0,UT_2002,17
UT,Wayne,86,2004,general,1,0,,1374.0,0.20805369317531586,0.3423019349575043,0.2172839492559433,0.8103538751602173,4016016.0,UT_2004,18
UT,Wayne,86,2006,general,0,0,,1192.0,,,0.19090908765792847,0.6998043060302734,4024036.0,UT_2006,19
UT,Wayne,86,2008,general,1,0,,1333.0,0.26274511218070984,0.18690095841884613,,0.7790259718894958,4032064.0,UT_2008,20
UT,Wayne,86,2010,general,0,0,1765.0,1170.0,,,0.2507149577140808,0.6628895401954651,4040100.0,UT_2010,21
UT,Wayne,86,2012,general,1,0,1890.0,1355.0,0.1648772954940796,0.18541504442691803,0.20425868034362793,0.7169312238693237,4048144.0,UT_2012,22
UT,Wayne,86,2014,general,0,1,1885.0,1186.0,,,,0.6291776895523071,4056196.0,UT_2014,23
UT,Wayne,86,2016,general,1,1,1910.0,1443.0,0.2190784215927124,0.1988430917263031,0.19417475163936615,0.755497395992279,4064256.0,UT_2016,24
UT,Wayne,86,2018,general,0,1,1925.0,1394.0,,,0.2109004706144333,0.724155843257904,4072324.0,UT_2018,25
UT,Wayne,86,2020,general,1,1,1959.0,1621.0,0.22898368883312423,,,0.8274629913221031,4080400.0,UT_2020,26
UT,Wayne,86,2024,general,1,1,1959.0,1674.0,0.23533045089561458,0.2367986798679868,,0.8545176110260337,4096576.0,UT_2024,27
UT,Weber,87,1996,general,1,0,128270.0,59060.0,0.438184529542923,0.26560714840888977,,0.4894159734249115,3984016.0,UT_1996,14
UT,Weber,87,1998,general,0,0,128270.0,42702.0,,,0.38421759009361267,0.3430645167827606,3992004.0,UT_1998,15
UT,Weber,87,2000,general,1,0,128270.0,64093.0,0.3362978398799896,0.46816208958625793,0.3560645878314972,0.4996725618839264,4000000.0,UT_2000,16
UT,Weber,87,2002,general,0,0,,43368.0,,,,0.328376829624176,4008004.0,UT_2002,17
UT,Weber,87,2004,general,1,0,,74384.0,0.2795063257217407,0.4475114941596985,0.3084670305252075,0.5474823713302612,4016016.0,UT_2004,18
UT,Weber,87,2006,general,0,0,,42496.0,,,0.360733300447464,0.3042745888233185,4024036.0,UT_2006,19
UT,Weber,87,2008,general,1,0,,74613.0,0.3587091863155365,0.1951330006122589,,0.5200921893119812,4032064.0,UT_2008,20
UT,Weber,87,2010,general,0,0,145695.0,46108.0,,,0.37654802203178406,0.31646934151649475,4040100.0,UT_2010,21
UT,Weber,87,2012,general,1,0,151240.0,76524.0,0.26788631081581116,0.2962813973426819,0.32767266035079956,0.5059772729873657,4048144.0,UT_2012,22
UT,Weber,87,2014,general,0,0,155905.0,37139.0,,,,0.2382155805826187,4056196.0,UT_2014,23
UT,Weber,87,2016,general,1,1,160300.0,86515.0,0.36503803730010986,0.31234070658683777,0.3046092689037323,0.539706826210022,4064256.0,UT_2016,24
UT,Weber,87,2018,general,0,1,166070.0,81826.0,,,0.33138662576675415,0.49271994829177856,4072324.0,UT_2018,25
UT,Weber,87,2020,general,1,1,188247.0,111442.0,0.38159671430178915,,,0.5919988100739986,4080400.0,UT_2020,26
UT,Weber,87,2024,general,1,1,188247.0,114612.0,0.3790710287074742,0.3413299057032367,,0.6088383878627548,4096576.0,UT_2024,27
WA,Adams,88,1996,general,1,0,8500.0,4700.0,0.4248046875,0.4012724757194519,,0.5596718788146973,3984016.0,WA_1996,28
WA,Adams,88,1998,general,0,0,8500.0,3767.0,,,0.4297475218772888,0.4458574652671814,3992004.0,WA_1998,29
WA,Adams,88,2000,general,1,0,8500.0,5056.0,0.2901361882686615,0.4611600637435913,0.27268993854522705,0.5948235392570496,4000000.0,WA_2000,30
WA,Adams,88,2002,general,0,0,,3651.0,,,,0.4269620478153229,4008004.0,WA_2002,31
WA,Adams,88,2004,general,1,0,,5204.0,0.25957363843917847,0.3051896095275879,0.32340511679649353,0.6049599051475525,4016016.0,WA_2004,32
WA,Adams,88,2006,general,0,1,,3714.0,,,0.37955182790756226,0.4291987717151642,4024036.0,WA_2006,33
WA,Adams,88,2008,general,1,1,,4936.0,0.3250942528247833,0.3017026484012604,,0.5670666694641113,4032064.0,WA_2008,34
WA,Adams,88,2010,general,0,1,8990.0,3925.0,,,0.2726067304611206,0.43659621477127075,4040100.0,WA_2010,35
WA,Adams,88,2012,general,1,1,,,0.32689449191093445,0.29780033230781555,0.3929401934146881,,4048144.0,WA_2012,36
WA,Adams,88,2014,general,0,1,,,,,,,4056196.0,WA_2014,37
WA,Adams,88,2016,general,1,1,,,0.2964399755001068,0.3272843658924103,0.39747700095176697,,4064256.0,WA_2016,38
WA,Adams,88,2018,general,0,1,,,,,0.3225425183773041,,4072324.0,WA_2018,39
WA,Adams,88,2020,general,1,1,9903.0,5862.0,0.31707743401503236,0.28412017167381975,,0.5919418358073311,4080400.0,WA_2020,40
WA,Adams,88,2022,general,0,1,9903.0,4131.0,,,0.23525127458120904,0.41714631929718266,4088484.0,WA_2022,41
WA,Adams,88,2024,general,1,1,9903.0,5365.0,0.2786288778245883,0.2653487930051321,,0.5417550237301828,4096576.0,WA_2024,42
WA,Asotin,89,1996,general,1,0,15210.0,7540.0,0.5393783450126648,0.508880615234375,,0.5114946961402893,3984016.0,WA_1996,28
WA,Asotin,89,1998,general,0,0,15210.0,6061.0,,,0.5206273198127747,0.40472620725631714,3992004.0,WA_1998,29
WA,Asotin,89,2000,general,1,0,15210.0,8166.0,0.35788097977638245,0.6058037877082825,0.36192578077316284,0.5368836522102356,4000000.0,WA_2000,30
WA,Asotin,89,2002,general,0,0,,6247.0,,,,0.40448200702667236,4008004.0,WA_2002,31
WA,Asotin,89,2004,general,1,0,,8961.0,0.3841879963874817,0.41804832220077515,0.4132533073425293,0.5715328454971313,4016016.0,WA_2004,32
WA,Asotin,89,2006,general,0,1,,7533.0,,,0.5236557722091675,0.47337663173675537,4024036.0,WA_2006,33
WA,Asotin,89,2008,general,1,1,,9941.0,0.43159541487693787,0.4391905963420868,,0.6156265139579773,4032064.0,WA_2008,34
WA,Asotin,89,2010,general,0,1,16485.0,8677.0,,,0.3920447826385498,0.5263572931289673,4040100.0,WA_2010,35
WA,Asotin,89,2012,general,1,1,,,0.41451796889305115,0.41498351097106934,0.4677121639251709,,4048144.0,WA_2012,36
WA,Asotin,89,2014,general,0,1,,,,,,,4056196.0,WA_2014,37
WA,Asotin,89,2016,general,1,1,,,0.35312676429748535,0.4251895844936371,0.43591585755348206,,4064256.0,WA_2016,38
WA,Asotin,89,2018,general,0,1,,,,,0.4182496964931488,,4072324.0,WA_2018,39
WA,Asotin,89,2020,general,1,1,17729.0,11951.0,0.36736105108479555,0.35577329166314725,,0.6740932934739692,4080400.0,WA_2020,40
WA,Asotin,89,2022,general,0,1,17729.0,9018.0,,,0.3532481954469739,0.508658130746235,4088484.0,WA_2022,41
WA,Asotin,89,2024,general,1,1,17729.0,11468.0,0.36821215948042574,0.3589241182757392,,0.646849794122624,4096576.0,WA_2024,42
WA,Benton,90,1996,general,1,0,93960.0,54608.0,0.4380255937576294,0.4833616316318512,,0.6241548657417297,3984016.0,WA_1996,28
WA,Benton,90,1998,general,0,0,93960.0,44085.0,,,0.4654484689235687,0.48591601848602295,3992004.0,WA_1998,29
WA,Benton,90,2000,general,1,0,93960.0,60607.0,0.337117075920105,0.49696406722068787,0.3069861829280853,0.6450297832489014,4000000.0,WA_2000,30
WA,Benton,90,2002,general,0,0,,41345.0,,,,0.42538440227508545,4008004.0,WA_2002,31
WA,Benton,90,2004,general,1,0,,67690.0,0.3270004093647003,0.30641597509384155,0.40064752101898193,0.6740092635154724,4016016.0,WA_2004,32
WA,Benton,90,2006,general,0,1,,50276.0,,,0.43531814217567444,0.4849930703639984,4024036.0,WA_2006,33
WA,Benton,90,2008,general,1,1,,73813.0,0.3669816851615906,0.30257701873779297,,0.690500795841217,4032064.0,WA_2008,34
WA,Benton,90,2010,general,0,1,111425.0,64030.0,,,0.3566802442073822,0.5746466517448425,4040100.0,WA_2010,35
WA,Benton,90,2012,general,1,1,,,0.3626652657985687,0.3496694266796112,0.42689117789268494,,4048144.0,WA_2012,36
WA,Benton,90,2014,general,0,1,,,,,,,4056196.0,WA_2014,37
WA,Benton,90,2016,general,1,1,,,0.358376145362854,0.38026827573776245,0.434713751077652,,4064256.0,WA_2016,38
WA,Benton,90,2018,general,0,1,,,,,0.37520134449005127,,4072324.0,WA_2018,39
WA,Benton,90,2020,general,1,1,144825.0,103033.0,0.39068950550615217,0.3617604716528416,,0.7114310374590023,4080400.0,WA_2020,40
WA,Benton,90,2022,general,0,1,144825.0,75749.0,,,0.3373798283545576,0.5230381494907648,4088484.0,WA_2022,41
WA,Benton,90,2024,general,1,1,144825.0,100693.0,0.3874013804170053,0.36083037974683546,,0.695273606076299,4096576.0,WA_2024,42
WA,Chelan,91,1996,general,1,0,43060.0,24150.0,0.4101059138774872,0.42225247621536255,,0.5907213091850281,3984016.0,WA_1996,28
WA,Chelan,91,1998,general,0,0,43060.0,21246.0,,,0.4295220971107483,0.5062053203582764,3992004.0,WA_1998,29
WA,Chelan,91,2000,general,1,0,43060.0,26837.0,0.3312854468822479,0.4232102930545807,0.3016798794269562,0.6232466101646423,4000000.0,WA_2000,30
WA,Chelan,91,2002,general,0,0,,20378.0,,,,0.4615744650363922,4008004.0,WA_2002,31
WA,Chelan,91,2004,general,1,0,,29618.0,0.3616550862789154,0.35339295864105225,0.40122777223587036,0.654718279838562,4016016.0,WA_2004,32
WA,Chelan,91,2006,general,0,1,,23518.0,,,0.42246463894844055,0.5076557397842407,4024036.0,WA_2006,33
WA,Chelan,91,2008,general,1,1,,32392.0,0.4390811324119568,0.3798912465572357,,0.683151364326477,4032064.0,WA_2008,34
WA,Chelan,91,2010,general,0,1,48095.0,28071.0,,,0.3675403594970703,0.5836573243141174,4040100.0,WA_2010,35
WA,Chelan,91,2012,general,1,1,,,0.41606906056404114,0.3640580475330353,0.46977919340133667,,4048144.0,WA_2012,36
WA,Chelan,91,2014,general,0,1,,,,,,,4056196.0,WA_2014,37
WA,Chelan,91,2016,general,1,1,,,0.41841650009155273,0.4102366864681244,0.4620538353919983,,4064256.0,WA_2016,38
WA,Chelan,91,2018,general,0,1,,,,,0.44058758020401,,4072324.0,WA_2018,39
WA,Chelan,91,2020,general,1,1,55974.0,43306.0,0.4596507898800333,0.41817163656726863,,0.7736806374388109,4080400.0,WA_2020,40
WA,Chelan,91,2022,general,0,1,55974.0,34273.0,,,0.42018944044904405,0.6123021402794154,4088484.0,WA_2022,41
WA,Chelan,91,2024,general,1,1,55974.0,42191.0,0.4513493621197252,0.4128869690424766,,0.7537606745989209,4096576.0,WA_2024,42
WA,Clallam,92,1996,general,1,0,49360.0,30508.0,0.5030578970909119,0.49313023686408997,,0.6531829833984375,3984016.0,WA_1996,28
WA,Clallam,92,1998,general,0,0,49360.0,28230.0,,,0.5378689169883728,0.5877168774604797,3992004.0,WA_1998,29
WA,Clallam,92,2000,general,1,0,49360.0,33013.0,0.45884114503860474,0.5538918972015381,0.43042513728141785,0.6688209176063538,4000000.0,WA_2000,30
WA,Clallam,92,2002,general,0,1,,27956.0,,,,0.5515454411506653,4008004.0,WA_2002,31
WA,Clallam,92,2004,general,1,1,,37363.0,0.47463807463645935,0.4628415107727051,0.507390022277832,0.7183350324630737,4016016.0,WA_2004,32
WA,Clallam,92,2006,general,0,1,,30884.0,,,0.5345067977905273,0.5790026187896729,4024036.0,WA_2006,33
WA,Clallam,92,2008,general,1,1,,39161.0,0.5168706178665161,0.49422144889831543,,0.7163597345352173,4032064.0,WA_2008,34
WA,Clallam,92,2010,general,0,1,56045.0,34079.0,,,0.47047320008277893,0.6080649495124817,4040100.0,WA_2010,35
WA,Clallam,92,2012,general,1,1,,,0.5019315481185913,0.4666329324245453,0.5388606786727905,,4048144.0,WA_2012,36
WA,Clallam,92,2014,general,0,1,,,,,,,4056196.0,WA_2014,37
WA,Clallam,92,2016,general,1,1,,,0.4846864640712738,0.4904465079307556,0.5201751589775085,,4064256.0,WA_2016,38
WA,Clallam,92,2018,general,0,1,,,,,0.5067273378372192,,4072324.0,WA_2018,39
WA,Clallam,92,2020,general,1,1,64145.0,49264.0,0.5173597304480673,0.497204423948088,,0.7680099773949646,4080400.0,WA_2020,40
WA,Clallam,92,2022,general,0,1,64145.0,40279.0,,,0.5172079134005226,0.6279367059006937,4088484.0,WA_2022,41
WA,Clallam,92,2024,general,1,1,64145.0,48663.0,0.540448674371176,0.5168273755987366,,0.7586405799360824,4096576.0,WA_2024,42
WA,Clark,93,1996,general,1,0,231810.0,114392.0,0.5275623798370361,0.5264818668365479,,0.5503348708152771,3984016.0,WA_1996,28
WA,Clark,93,1998,general,0,0,231810.0,98357.0,,,0.47847676277160645,0.44741398096084595,3992004.0,WA_1998,29
WA,Clark,93,2000,general,1,0,231810.0,137339.0,0.47886592149734497,0.5561323165893555,0.4598630666732788,0.5924636721611023,4000000.0,WA_2000,30
WA,Clark,93,2002,general,0,0,,93975.0,,,,0.38548222184181213,4008004.0,WA_2002,31
WA,Clark,93,2004,general,1,0,,172277.0,0.47292250394821167,0.4587532877922058,0.49458715319633484,0.6735855937004089,4016016.0,WA_2004,32
WA,Clark,93,2006,general,0,1,,116505.0,,,0.5414702296257019,0.4351477324962616,4024036.0,WA_2006,33
WA,Clark,93,2008,general,1,1,,184698.0,0.531029999256134,0.48989295959472656,,0.6603143811225891,4032064.0,WA_2008,34
WA,Clark,93,2010,general,0,1,284190.0,149045.0,,,0.4575335681438446,0.5244554877281189,4040100.0,WA_2010,35
WA,Clark,93,2012,general,1,1,,,0.5011565089225769,0.4691690504550934,0.5304595232009888,,4048144.0,WA_2012,36
WA,Clark,93,2014,general,0,1,,,,,,,4056196.0,WA_2014,37
WA,Clark,93,2016,general,1,1,,,0.5008531212806702,0.4805949330329895,0.5131756663322449,,4064256.0,WA_2016,38
WA,Clark,93,2018,general,0,1,,,,,0.5295863151550293,,4072324.0,WA_2018,39
WA,Clark,93,2020,general,1,1,378085.0,275403.0,0.5262932861263113,0.5096098532340143,,0.7284155679278469,4080400.0,WA_2020,40
WA,Clark,93,2022,general,0,1,378085.0,205616.0,,,0.5116843140883898,0.543835380932859,4088484.0,WA_2022,41
WA,Clark,93,2024,general,1,1,378085.0,276578.0,0.5359425757099444,0.5147972927595496,,0.7315233346998691,4096576.0,WA_2024,42
WA,Columbia,94,1996,general,1,0,3040.0,1997.0,0.43938496708869934,0.44098109006881714,,0.6696348786354065,3984016.0,WA_1996,28
WA,Columbia,94,1998,general,0,0,3040.0,1765.0,,,0.44158878922462463,0.5861623883247375,3992004.0,WA_1998,29
WA,Columbia,94,2000,general,1,0,3040.0,2133.0,0.25269871950149536,0.4598257541656494,0.22702965140342712,0.7016447186470032,4000000.0,WA_2000,30
WA,Columbia,94,2002,general,0,0,,1851.0,,,,0.6031498908996582,4008004.0,WA_2002,31
WA,Columbia,94,2004,general,1,0,,2145.0,0.29156625270843506,0.3285994231700897,0.3598834276199341,0.6924318671226501,4016016.0,WA_2004,32
WA,Columbia,94,2006,general,0,1,,1989.0,,,0.4012772738933563,0.6361407041549683,4024036.0,WA_2006,33
WA,Columbia,94,2008,general,1,1,,2287.0,0.3139588236808777,0.31475701928138733,,0.7247534990310669,4032064.0,WA_2008,34
WA,Columbia,94,2010,general,0,1,3120.0,2196.0,,,0.31206005811691284,0.7038461565971375,4040100.0,WA_2010,35
WA,Columbia,94,2012,general,1,1,,,0.2914595603942871,0.2953624427318573,0.36969155073165894,,4048144.0,WA_2012,36
WA,Columbia,94,2014,general,0,1,,,,,,,4056196.0,WA_2014,37
WA,Columbia,94,2016,general,1,1,,,0.26000988483428955,0.3157411515712738,0.38942089676856995,,4064256.0,WA_2016,38
WA,Columbia,94,2018,general,0,1,,,,,0.3324238359928131,,4072324.0,WA_2018,39
WA,Columbia,94,2020,general,1,1,3171.0,2495.0,0.27580511973575556,0.26386078510724403,,0.7868180384736676,4080400.0,WA_2020,40
WA,Columbia,94,2022,general,0,1,3171.0,2179.0,,,0.27318874019381634,0.6871649321980448,4088484.0,WA_2022,41
WA,Columbia,94,2024,general,1,1,3171.0,2485.0,0.2756463719766472,0.25866336633663367,,0.7836644591611479,4096576.0,WA_2024,42
WA,Cowlitz,95,1996,general,1,0,66395.0,33930.0,0.6167036890983582,0.5807438492774963,,0.5297194123268127,3984016.0,WA_1996,28
WA,Cowlitz,95,1998,general,0,0,66395.0,29469.0,,,0.5331722497940063,0.4518129825592041,3992004.0,WA_1998,29
WA,Cowlitz,95,2000,general,1,0,66395.0,37347.0,0.519369900226593,0.5891348719596863,0.4588291645050049,0.5624971985816956,4000000.0,WA_2000,30
WA,Cowlitz,95,2002,general,0,0,,27576.0,,,,0.4081335961818695,4008004.0,WA_2002,31
WA,Cowlitz,95,2004,general,1,0,,42723.0,0.5164090991020203,0.5019751787185669,0.5518414974212646,0.6215410232543945,4016016.0,WA_2004,32
WA,Cowlitz,95,2006,general,0,1,,31643.0,,,0.5804599523544312,0.45263558626174927,4024036.0,WA_2006,33
WA,Cowlitz,95,2008,general,1,1,,45793.0,0.5571108460426331,0.46384045481681824,,0.6442509293556213,4032064.0,WA_2008,34
WA,Cowlitz,95,2010,general,0,1,73145.0,37783.0,,,0.47128406167030334,0.5165493488311768,4040100.0,WA_2010,35
WA,Cowlitz,95,2012,general,1,1,,,0.522773265838623,0.4821244478225708,0.5642191171646118,,4048144.0,WA_2012,36
WA,Cowlitz,95,2014,general,0,1,,,,,,,4056196.0,WA_2014,37
WA,Cowlitz,95,2016,general,1,1,,,0.42543891072273254,0.428646445274353,0.4984429180622101,,4064256.0,WA_2016,38
WA,Cowlitz,95,2018,general,0,1,,,,,0.46285417675971985,,4072324.0,WA_2018,39
WA,Cowlitz,95,2020,general,1,1,84596.0,60280.0,0.4101641479044584,0.3722890758555962,,0.7125632417608397,4080400.0,WA_2020,40
WA,Cowlitz,95,2022,general,0,1,84596.0,44942.0,,,0.3885262337083658,0.5312544328337038,4088484.0,WA_2022,41
WA,Cowlitz,95,2024,general,1,1,84596.0,59325.0,0.3976134483058967,0.3806077898862113,,0.7012742919286964,4096576.0,WA_2024,42
WA,Douglas,96,1996,general,1,0,20475.0,11073.0,0.4078165590763092,0.4027199447154999,,0.5651572346687317,3984016.0,WA_1996,28
WA,Douglas,96,1998,general,0,0,20475.0,9251.0,,,0.42184725403785706,0.4617675542831421,3992004.0,WA_1998,29
WA,Douglas,96,2000,general,1,0,20475.0,12225.0,0.30987513065338135,0.40855351090431213,0.2708209156990051,0.5970696210861206,4000000.0,WA_2000,30
WA,Douglas,96,2002,general,0,0,,9227.0,,,,0.4411431849002838,4008004.0,WA_2002,31
WA,Douglas,96,2004,general,1,0,,13263.0,0.3260639011859894,0.33468949794769287,0.37577760219573975,0.6210077404975891,4016016.0,WA_2004,32
WA,Douglas,96,2006,general,0,1,,11295.0,,,0.39223426580429077,0.5181588530540466,4024036.0,WA_2006,33
WA,Douglas,96,2008,general,1,1,,15390.0,0.3912752568721771,0.33868303894996643,,0.692013680934906,4032064.0,WA_2008,34
WA,Douglas,96,2010,general,0,1,22935.0,13458.0,,,0.32662856578826904,0.5867887735366821,4040100.0,WA_2010,35
WA,Douglas,96,2012,general,1,1,,,0.3540538549423218,0.3188444674015045,0.4208676815032959,,4048144.0,WA_2012,36
WA,Douglas,96,2014,general,0,1,,,,,,,4056196.0,WA_2014,37
WA,Douglas,96,2016,general,1,1,,,0.3386819064617157,0.3479345142841339,0.40383264422416687,,4064256.0,WA_2016,38
WA,Douglas,96,2018,general,0,1,,,,,0.36169642210006714,,4072324.0,WA_2018,39
WA,Douglas,96,2020,general,1,1,28541.0,21308.0,0.3761436964268516,0.3395476483391691,,0.7465751024841456,4080400.0,WA_2020,40
WA,Douglas,96,2022,general,0,1,28541.0,16117.0,,,0.32802686400099496,0.5646964016677761,4088484.0,WA_2022,41
WA,Douglas,96,2024,general,1,1,28541.0,21182.0,0.36137527432333577,0.3351023140179767,,0.7421604008268806,4096576.0,WA_2024,42
WA,Ferry,97,1996,general,1,1,5225.0,2874.0,0.5231643319129944,0.44758498668670654,,0.5654388666152954,3984016.0,WA_1996,28
WA,Ferry,97,1998,general,0,1,5225.0,2818.0,,,0.5062381625175476,0.5467715859413147,3992004.0,WA_1998,29
WA,Ferry,97,2000,general,1,1,5225.0,3084.0,0.3295615315437317,0.43571925163269043,0.34179821610450745,0.5902392268180847,4000000.0,WA_2000,30
WA,Ferry,97,2002,general,0,1,,2765.0,,,,0.522081196308136,4008004.0,WA_2002,31
WA,Ferry,97,2004,general,1,1,,3385.0,0.37298136949539185,0.40213972330093384,0.42443129420280457,0.6306800842285156,4016016.0,WA_2004,32
WA,Ferry,97,2006,general,0,1,,2867.0,,,0.43193525075912476,0.5271835327148438,4024036.0,WA_2006,33
WA,Ferry,97,2008,general,1,1,,3575.0,0.4336387813091278,0.3832853138446808,,0.6488857865333557,4032064.0,WA_2008,34
WA,Ferry,97,2010,general,0,1,5715.0,3300.0,,,0.36008813977241516,0.5774278044700623,4040100.0,WA_2010,35
WA,Ferry,97,2012,general,1,1,,,0.3934326469898224,0.37982454895973206,0.43671441078186035,,4048144.0,WA_2012,36
WA,Ferry,97,2014,general,0,1,,,,,,,4056196.0,WA_2014,37
WA,Ferry,97,2016,general,1,1,,,0.3327272832393646,0.3765226900577545,0.42000553011894226,,4064256.0,WA_2016,38
WA,Ferry,97,2018,general,0,1,,,,,0.3810206353664398,,4072324.0,WA_2018,39
WA,Ferry,97,2020,general,1,1,6054.0,4367.0,0.34907211651397696,0.3095512082853855,,0.7213412619755534,4080400.0,WA_2020,40
WA,Ferry,97,2022,general,0,1,6054.0,3415.0,,,0.31103286384976525,0.5640898579451602,4088484.0,WA_2022,41
WA,Ferry,97,2024,general,1,1,6054.0,4119.0,0.3302360622802612,0.3095472440944882,,0.680376610505451,4096576.0,WA_2024,42
WA,Franklin,98,1996,general,1,0,24425.0,12654.0,0.45484551787376404,0.46659553050994873,,0.6185254454612732,3984016.0,WA_1996,28
WA,Franklin,98,1998,general,0,0,24425.0,10823.0,,,0.4440280497074127,0.48227256536483765,3992004.0,WA_1998,29
WA,Franklin,98,2000,general,1,0,24425.0,14305.0,0.3512493371963501,0.49724042415618896,0.32599925994873047,0.5856704115867615,4000000.0,WA_2000,30
WA,Franklin,98,2002,general,0,0,,10228.0,,,,0.3873019814491272,4008004.0,WA_2002,31
WA,Franklin,98,2004,general,1,0,,16523.0,0.3253684639930725,0.31881365180015564,0.3956078886985779,0.5819665789604187,4016016.0,WA_2004,32
WA,Franklin,98,2006,general,0,1,,13034.0,,,0.4300173819065094,0.4291028678417206,4024036.0,WA_2006,33
WA,Franklin,98,2008,general,1,1,,20001.0,0.37947210669517517,0.32406699657440186,,0.6181097030639648,4032064.0,WA_2008,34
WA,Franklin,98,2010,general,0,1,33570.0,17557.0,,,0.345306932926178,0.522996723651886,4040100.0,WA_2010,35
WA,Franklin,98,2012,general,1,1,,,0.3792106807231903,0.3650113642215729,0.4311012327671051,,4048144.0,WA_2012,36
WA,Franklin,98,2014,general,0,1,,,,,,,4056196.0,WA_2014,37
WA,Franklin,98,2016,general,1,1,,,0.4022270441055298,0.4034745693206787,0.4492759704589844,,4064256.0,WA_2016,38
WA,Franklin,98,2018,general,0,1,,,,,0.4026084542274475,,4072324.0,WA_2018,39
WA,Franklin,98,2020,general,1,1,56146.0,32404.0,0.4251250836546735,0.3964881855625407,,0.5771381754710933,4080400.0,WA_2020,40
WA,Franklin,98,2022,general,0,1,56146.0,22214.0,,,0.31636330870427104,0.3956470630142842,4088484.0,WA_2022,41
WA,Franklin,98,2024,general,1,1,56146.0,31897.0,0.38372618663222474,0.3665368146550336,,0.5681081466177466,4096576.0,WA_2024,42
WA,Garfield,99,1996,general,1,0,1765.0,1301.0,0.4437499940395355,0.4055555462837219,,0.7243427038192749,3984016.0,WA_1996,28
WA,Garfield,99,1998,general,0,0,1765.0,1314.0,,,0.4764188528060913,0.7379719018936157,3992004.0,WA_1998,29
WA,Garfield,99,2000,general,1,0,1765.0,1351.0,0.23400935530662537,0.49922481179237366,0.21896684169769287,0.7654390931129456,4000000.0,WA_2000,30
WA,Garfield,99,2002,general,0,0,,1012.0,,,,0.5784693360328674,4008004.0,WA_2002,31
WA,Garfield,99,2004,general,1,0,,1331.0,0.2807692289352417,0.3375394344329834,0.32350659370422363,0.7676385641098022,4016016.0,WA_2004,32
WA,Garfield,99,2006,general,0,1,,1236.0,,,0.4323858618736267,0.7193016409873962,4024036.0,WA_2006,33
WA,Garfield,99,2008,general,1,1,,1396.0,0.28455284237861633,0.32005900144577026,,0.8198368549346924,4032064.0,WA_2008,34
WA,Garfield,99,2010,general,0,1,1775.0,1210.0,,,0.2925989627838135,0.6816901564598083,4040100.0,WA_2010,35
WA,Garfield,99,2012,general,1,1,,,0.26901522278785706,0.26576218008995056,0.36385542154312134,,4048144.0,WA_2012,36
WA,Garfield,99,2014,general,0,1,,,,,,,4056196.0,WA_2014,37
WA,Garfield,99,2016,general,1,1,,,0.24690265953540802,0.29718875885009766,0.38663485646247864,,4064256.0,WA_2016,38
WA,Garfield,99,2018,general,0,1,,,,,0.3358490467071533,,4072324.0,WA_2018,39
WA,Garfield,99,2020,general,1,1,1859.0,1489.0,0.25505226480836235,0.23790047716428084,,0.800968262506724,4080400.0,WA_2020,40
WA,Garfield,99,2022,general,0,1,1859.0,1287.0,,,0.23909657320872274,0.6923076923076923,4088484.0,WA_2022,41
WA,Garfield,99,2024,general,1,1,1859.0,1352.0,0.25326170376055257,0.2193690388848129,,0.7272727272727273,4096576.0,WA_2024,42
WA,Grant,100,1996,general,1,0,42780.0,22168.0,0.4253692030906677,0.4104405343532562,,0.5495895743370056,3984016.0,WA_1996,28
WA,Grant,100,1998,general,0,0,42780.0,18134.0,,,0.41882750391960144,0.4363563358783722,3992004.0,WA_1998,29
WA,Grant,100,2000,general,1,0,42780.0,24084.0,0.30882418155670166,0.40973061323165894,0.29261964559555054,0.5629733800888062,4000000.0,WA_2000,30
WA,Grant,100,2002,general,0,0,,18401.0,,,,0.41818341612815857,4008004.0,WA_2002,31
WA,Grant,100,2004,general,1,0,,26263.0,0.3041285574436188,0.3097180426120758,0.359077513217926,0.5807257294654846,4016016.0,WA_2004,32
WA,Grant,100,2006,general,0,1,,20146.0,,,0.38205182552337646,0.43374478816986084,4024036.0,WA_2006,33
WA,Grant,100,2008,general,1,1,,27876.0,0.3588622212409973,0.31943225860595703,,0.5847839117050171,4032064.0,WA_2008,34
WA,Grant,100,2010,general,0,1,49280.0,24425.0,,,0.28968188166618347,0.4956371784210205,4040100.0,WA_2010,35
WA,Grant,100,2012,general,1,1,,,0.3339303135871887,0.3158855438232422,0.3871755599975586,,4048144.0,WA_2012,36
WA,Grant,100,2014,general,0,1,,,,,,,4056196.0,WA_2014,37
WA,Grant,100,2016,general,1,1,,,0.29664236307144165,0.32266172766685486,0.35948213934898376,,4064256.0,WA_2016,38
WA,Grant,100,2018,general,0,1,,,,,0.3079797625541687,,4072324.0,WA_2018,39
WA,Grant,100,2020,general,1,1,61010.0,37680.0,0.3230735587567996,0.2878905310420397,,0.6176036715292575,4080400.0,WA_2020,40
WA,Grant,100,2022,general,0,1,61010.0,26912.0,,,0.26867837475814854,0.44110801507949515,4088484.0,WA_2022,41
WA,Grant,100,2024,general,1,1,61010.0,36253.0,0.30758283046794943,0.29320312061514286,,0.5942140632683167,4096576.0,WA_2024,42
WA,Grays Harbor,101,1996,general,1,0,48330.0,26790.0,0.6484320759773254,0.6066439747810364,,0.5782430171966553,3984016.0,WA_1996,28
WA,Grays Harbor,101,1998,general,0,0,48330.0,21956.0,,,0.6284855604171753,0.4638918340206146,3992004.0,WA_1998,29
WA,Grays Harbor,101,2000,general,1,0,48330.0,26583.0,0.5423784255981445,0.6231335997581482,0.4610026180744171,0.5500310659408569,4000000.0,WA_2000,30
WA,Grays Harbor,101,2002,general,0,0,,18842.0,,,,0.3819582462310791,4008004.0,WA_2002,31
WA,Grays Harbor,101,2004,general,1,0,,28258.0,0.5311794281005859,0.5050025582313538,0.5852125883102417,0.5614544153213501,4016016.0,WA_2004,32
WA,Grays Harbor,101,2006,general,0,1,,22296.0,,,0.5993131399154663,0.4343658685684204,4024036.0,WA_2006,33
WA,Grays Harbor,101,2008,general,1,1,,29709.0,0.5746714472770691,0.5398476123809814,,0.5677240490913391,4032064.0,WA_2008,34
WA,Grays Harbor,101,2010,general,0,1,53625.0,26050.0,,,0.5173354148864746,0.48578089475631714,4040100.0,WA_2010,35
WA,Grays Harbor,101,2012,general,1,1,,,0.5725765824317932,0.5090097784996033,0.6145386695861816,,4048144.0,WA_2012,36
WA,Grays Harbor,101,2014,general,0,1,,,,,,,4056196.0,WA_2014,37
WA,Grays Harbor,101,2016,general,1,1,,,0.46076589822769165,0.48606351017951965,0.5337183475494385,,4064256.0,WA_2016,38
WA,Grays Harbor,101,2018,general,0,1,,,,,0.4781065583229065,,4072324.0,WA_2018,39
WA,Grays Harbor,101,2020,general,1,1,59336.0,38441.0,0.4661169455561226,0.4321252749554834,,0.6478529054873938,4080400.0,WA_2020,40
WA,Grays Harbor,101,2022,general,0,1,59336.0,29399.0,,,0.46387884576028376,0.49546649588782526,4088484.0,WA_2022,41
WA,Grays Harbor,101,2024,general,1,1,59336.0,37793.0,0.4689694750362091,0.4439380127620784,,0.6369320479978428,4096576.0,WA_2024,42
WA,Island,102,1996,general,1,0,51700.0,29040.0,0.4953145384788513,0.5258989334106445,,0.6168806552886963,3984016.0,WA_1996,28
WA,Island,102,1998,general,0,0,51700.0,25606.0,,,0.5451892614364624,0.5184683799743652,3992004.0,WA_1998,29
WA,Island,102,2000,general,1,0,51700.0,33550.0,0.4738664925098419,0.5522308945655823,0.45970243215560913,0.6489361524581909,4000000.0,WA_2000,30
WA,Island,102,2002,general,0,0,,26086.0,,,,0.48296475410461426,4008004.0,WA_2002,31
WA,Island,102,2004,general,1,0,,39076.0,0.4797471761703491,0.4579211175441742,0.5163122415542603,0.6937662363052368,4016016.0,WA_2004,32
WA,Island,102,2006,general,0,0,,30503.0,,,0.5565844178199768,0.5202035307884216,4024036.0,WA_2006,33
WA,Island,102,2008,general,1,1,,42597.0,0.5317230820655823,0.5024411082267761,,0.6988970637321472,4032064.0,WA_2008,34
WA,Island,102,2010,general,0,1,60290.0,36513.0,,,0.49740034341812134,0.6056228280067444,4040100.0,WA_2010,35
WA,Island,102,2012,general,1,1,,,0.5227953195571899,0.466695636510849,0.5548085570335388,,4048144.0,WA_2012,36
WA,Island,102,2014,general,0,1,,,,,,,4056196.0,WA_2014,37
WA,Island,102,2016,general,1,1,,,0.5316423773765564,0.5027331113815308,0.5452641844749451,,4064256.0,WA_2016,38
WA,Island,102,2018,general,0,1,,,,,0.5317639708518982,,4072324.0,WA_2018,39
WA,Island,102,2020,general,1,1,69508.0,53925.0,0.5622317596566524,0.528978720215795,,0.7758099787074869,4080400.0,WA_2020,40
WA,Island,102,2022,general,0,1,69508.0,43057.0,,,0.5512745896868816,0.619453875812856,4088484.0,WA_2022,41
WA,Island,102,2024,general,1,1,69508.0,52449.0,0.5853209920493652,0.5412145403813362,,0.7545750129481499,4096576.0,WA_2024,42
WA,Jefferson,103,1996,general,1,0,20535.0,14271.0,0.6079816222190857,0.5918396711349487,,0.7544806003570557,3984016.0,WA_1996,28
WA,Jefferson,103,1998,general,0,0,20535.0,12900.0,,,0.6190136671066284,0.6539924144744873,3992004.0,WA_1998,29
WA,Jefferson,103,2000,general,1,0,20535.0,15976.0,0.5760294795036316,0.6331160068511963,0.565385103225708,0.7779887914657593,4000000.0,WA_2000,30
WA,Jefferson,103,2002,general,0,0,,13746.0,,,,0.6439915895462036,4008004.0,WA_2002,31
WA,Jefferson,103,2004,general,1,0,,18772.0,0.6358159780502319,0.5934800505638123,0.6433733701705933,0.8473030924797058,4016016.0,WA_2004,32
WA,Jefferson,103,2006,general,0,1,,16259.0,,,0.6610301733016968,0.7079904079437256,4024036.0,WA_2006,33
WA,Jefferson,103,2008,general,1,1,,20225.0,0.6767439246177673,0.6361430883407593,,0.8506835103034973,4032064.0,WA_2008,34
WA,Jefferson,103,2010,general,0,1,24680.0,17738.0,,,0.629948079586029,0.7187196016311646,4040100.0,WA_2010,35
WA,Jefferson,103,2012,general,1,1,,,0.6654304265975952,0.6229407787322998,0.6878223419189453,,4048144.0,WA_2012,36
WA,Jefferson,103,2014,general,0,1,,,,,,,4056196.0,WA_2014,37
WA,Jefferson,103,2016,general,1,1,,,0.6770448684692383,0.6552718877792358,0.6875060796737671,,4064256.0,WA_2016,38
WA,Jefferson,103,2018,general,0,1,,,,,0.6878989934921265,,4072324.0,WA_2018,39
WA,Jefferson,103,2020,general,1,1,29206.0,24792.0,0.7128237000207168,0.6895264375278984,,0.8488666712319386,4080400.0,WA_2020,40
WA,Jefferson,103,2022,general,0,1,29206.0,21199.0,,,0.7076341290475066,0.7258440046565774,4088484.0,WA_2022,41
WA,Jefferson,103,2024,general,1,1,29206.0,24698.0,0.73409578270193,0.7017092971076572,,0.8456481544888037,4096576.0,WA_2024,42
WA,King,104,1996,general,1,0,1220300.0,750755.0,0.6421908736228943,0.6703198552131653,,0.6311352252960205,3984016.0,WA_1996,28
WA,King,104,1998,general,0,0,1220300.0,619104.0,,,0.6710795164108276,0.5138152837753296,3992004.0,WA_1998,29
WA,King,104,2000,general,1,0,1220300.0,799163.0,0.6357093453407288,0.6761716604232788,0.6001193523406982,0.6548905968666077,4000000.0,WA_2000,30
WA,King,104,2002,general,0,0,,548353.0,,,,0.4437645673751831,4008004.0,WA_2002,31
WA,King,104,2004,general,1,0,,899199.0,0.6584572196006775,0.5903136730194092,0.666122317314148,0.7187445759773254,4016016.0,WA_2004,32
WA,King,104,2006,general,0,0,,635753.0,,,0.6877080202102661,0.501994788646698,4024036.0,WA_2006,33
WA,King,104,2008,general,1,0,,930038.0,0.7139521241188049,0.6416319608688354,,0.7255504727363586,4032064.0,WA_2008,34
WA,King,104,2010,general,0,1,1299290.0,766477.0,,,0.6491736769676208,0.5899198651313782,4040100.0,WA_2010,35
WA,King,104,2012,general,1,1,,,0.7078533172607422,0.6235584616661072,0.7227450013160706,,4048144.0,WA_2012,36
WA,King,104,2014,general,0,1,,,,,,,4056196.0,WA_2014,37
WA,King,104,2016,general,1,1,,,0.7685374617576599,0.6784960031509399,0.7270057797431946,,4064256.0,WA_2016,38
WA,King,104,2018,general,0,1,,,,,0.7414831519126892,,4072324.0,WA_2018,39
WA,King,104,2020,general,1,1,1564199.0,1210507.0,0.7712092969093318,0.7429479000264569,,0.7738829905913506,4080400.0,WA_2020,40
WA,King,104,2022,general,0,1,1564199.0,890942.0,,,0.752185323043108,0.5695835376445069,4088484.0,WA_2022,41
WA,King,104,2024,general,1,1,1564199.0,1130502.0,0.7675209877590227,0.7172889334343403,,0.7227354064284659,4096576.0,WA_2024,42
WA,Kitsap,105,1996,general,1,0,165490.0,93315.0,0.5557624697685242,0.5483937859535217,,0.5816716551780701,3984016.0,WA_1996,28
WA,Kitsap,105,1998,general,0,0,165490.0,83958.0,,,0.5862959623336792,0.5152131915092468,3992004.0,WA_1998,29
WA,Kitsap,105,2000,general,1,0,165490.0,104235.0,0.5200302004814148,0.5804518461227417,0.49920031428337097,0.6298567652702332,4000000.0,WA_2000,30
WA,Kitsap,105,2002,general,0,0,,79011.0,,,,0.47024136781692505,4008004.0,WA_2002,31
WA,Kitsap,105,2004,general,1,0,,119443.0,0.5222844481468201,0.49325063824653625,0.5573701858520508,0.7003218531608582,4016016.0,WA_2004,32
WA,Kitsap,105,2006,general,0,1,,91073.0,,,0.5863751769065857,0.5261698961257935,4024036.0,WA_2006,33
WA,Kitsap,105,2008,general,1,1,,125881.0,0.5628562569618225,0.5073984265327454,,0.7167850732803345,4032064.0,WA_2008,34
WA,Kitsap,105,2010,general,0,1,183875.0,105747.0,,,0.5122767686843872,0.5751026272773743,4040100.0,WA_2010,35
WA,Kitsap,105,2012,general,1,1,,,0.5600675940513611,0.49719712138175964,0.5895380973815918,,4048144.0,WA_2012,36
WA,Kitsap,105,2014,general,0,1,,,,,,,4056196.0,WA_2014,37
WA,Kitsap,105,2016,general,1,1,,,0.5630181431770325,0.5262774229049683,0.5673279166221619,,4064256.0,WA_2016,38
WA,Kitsap,105,2018,general,0,1,,,,,0.5646623373031616,,4072324.0,WA_2018,39
WA,Kitsap,105,2020,general,1,1,215858.0,158672.0,0.5945534773445732,0.558826900301807,,0.7350758368927721,4080400.0,WA_2020,40
WA,Kitsap,105,2022,general,0,1,215858.0,123351.0,,,0.5763977476782073,0.5714451166970879,4088484.0,WA_2022,41
WA,Kitsap,105,2024,general,1,1,215858.0,156872.0,0.6082513874982595,0.5681581214016954,,0.7267370215604703,4096576.0,WA_2024,42
WA,Kittitas,106,1996,general,1,0,25480.0,12742.0,0.5220931172370911,0.5316547155380249,,0.5449957251548767,3984016.0,WA_1996,28
WA,Kittitas,106,1998,general,0,0,25480.0,11047.0,,,0.5085076689720154,0.45218992233276367,3992004.0,WA_1998,29
WA,Kittitas,106,2000,general,1,0,25480.0,14223.0,0.41652193665504456,0.46934598684310913,0.40855348110198975,0.5582025051116943,4000000.0,WA_2000,30
WA,Kittitas,106,2002,general,0,0,,10182.0,,,,0.3837919235229492,4008004.0,WA_2002,31
WA,Kittitas,106,2004,general,1,0,,16253.0,0.4264715313911438,0.39032629132270813,0.4618946611881256,0.5893038511276245,4016016.0,WA_2004,32
WA,Kittitas,106,2006,general,0,0,,12490.0,,,0.46445852518081665,0.43625566363334656,4024036.0,WA_2006,33
WA,Kittitas,106,2008,general,1,1,,18087.0,0.45883092284202576,0.3943566679954529,,0.6094002723693848,4032064.0,WA_2008,34
WA,Kittitas,106,2010,general,0,1,31165.0,15466.0,,,0.3862643837928772,0.4962618350982666,4040100.0,WA_2010,35
WA,Kittitas,106,2012,general,1,1,,,0.44831088185310364,0.39896026253700256,0.49220553040504456,,4048144.0,WA_2012,36
WA,Kittitas,106,2014,general,0,1,,,,,,,4056196.0,WA_2014,37
WA,Kittitas,106,2016,general,1,1,,,0.42577746510505676,0.41750770807266235,0.46177178621292114,,4064256.0,WA_2016,38
WA,Kittitas,106,2018,general,0,1,,,,,0.43102556467056274,,4072324.0,WA_2018,39
WA,Kittitas,106,2020,general,1,1,38188.0,26364.0,0.4474261537256131,0.40347179644389947,,0.6903739394574212,4080400.0,WA_2020,40
WA,Kittitas,106,2022,general,0,1,38188.0,20798.0,,,0.40059718743979966,0.5446213470200063,4088484.0,WA_2022,41
WA,Kittitas,106,2024,general,1,1,38188.0,26499.0,0.4246709880180711,0.3708167024869512,,0.6939090813868231,4096576.0,WA_2024,42
WA,Klickitat,107,1996,general,1,0,13390.0,7152.0,0.5469707250595093,0.49203774333000183,,0.5601601600646973,3984016.0,WA_1996,28
WA,Klickitat,107,1998,general,0,0,13390.0,6441.0,,,0.4624662697315216,0.4924730360507965,3992004.0,WA_1998,29
WA,Klickitat,107,2000,general,1,0,13390.0,8255.0,0.40189000964164734,0.5522850751876831,0.4160517752170563,0.6165048480033875,4000000.0,WA_2000,30
WA,Klickitat,107,2002,general,0,0,,6492.0,,,,0.4738301634788513,4008004.0,WA_2002,31
WA,Klickitat,107,2004,general,1,0,,9309.0,0.4458683133125305,0.45118582248687744,0.47583305835723877,0.6643485426902771,4016016.0,WA_2004,32
WA,Klickitat,107,2006,general,0,0,,7547.0,,,0.516247034072876,0.5269024968147278,4024036.0,WA_2006,33
WA,Klickitat,107,2008,general,1,1,,10333.0,0.5010596513748169,0.4541633427143097,,0.7060739398002625,4032064.0,WA_2008,34
WA,Klickitat,107,2010,general,0,1,14760.0,8905.0,,,0.4288681149482727,0.6033197641372681,4040100.0,WA_2010,35
WA,Klickitat,107,2012,general,1,1,,,0.46378856897354126,0.4406746029853821,0.5061850547790527,,4048144.0,WA_2012,36
WA,Klickitat,107,2014,general,0,1,,,,,,,4056196.0,WA_2014,37
WA,Klickitat,107,2016,general,1,1,,,0.4201141893863678,0.41913333535194397,0.47359660267829895,,4064256.0,WA_2016,38
WA,Klickitat,107,2018,general,0,1,,,,,0.4584153890609741,,4072324.0,WA_2018,39
WA,Klickitat,107,2020,general,1,1,18038.0,13560.0,0.4515762352227948,0.42396484956806674,,0.7517463133385076,4080400.0,WA_2020,40
WA,Klickitat,107,2022,general,0,1,18038.0,11455.0,,,0.41951560723966075,0.635048231511254,4088484.0,WA_2022,41
WA,Klickitat,107,2024,general,1,1,18038.0,13607.0,0.45185185185185184,0.42738059477320517,,0.7543519237165983,4096576.0,WA_2024,42
WA,Lewis,108,1996,general,1,0,48915.0,28166.0,0.4383300244808197,0.4215264916419983,,0.6009316444396973,3984016.0,WA_1996,28
WA,Lewis,108,1998,general,0,0,48915.0,25213.0,,,0.4059898257255554,0.5264468193054199,3992004.0,WA_1998,29
WA,Lewis,108,2000,general,1,0,48915.0,30596.0,0.34758925437927246,0.4330790340900421,0.3076147139072418,0.6254932284355164,4000000.0,WA_2000,30
WA,Lewis,108,2002,general,0,0,,23924.0,,,,0.47908151149749756,4008004.0,WA_2002,31
WA,Lewis,108,2004,general,1,0,,32948.0,0.3376353681087494,0.3295067250728607,0.3729594051837921,0.6465533375740051,4016016.0,WA_2004,32
WA,Lewis,108,2006,general,0,1,,25652.0,,,0.40540650486946106,0.49348166584968567,4024036.0,WA_2006,33
WA,Lewis,108,2008,general,1,1,,35225.0,0.4018642008304596,0.3546924591064453,,0.6645738482475281,4032064.0,WA_2008,34
WA,Lewis,108,2010,general,0,1,54690.0,31414.0,,,0.3371328115463257,0.5744011998176575,4040100.0,WA_2010,35
WA,Lewis,108,2012,general,1,1,,,0.3824133276939392,0.3503410518169403,0.4301155209541321,,4048144.0,WA_2012,36
WA,Lewis,108,2014,general,0,1,,,,,,,4056196.0,WA_2014,37
WA,Lewis,108,2016,general,1,1,,,0.30506226420402527,0.3216817378997803,0.3835766911506653,,4064256.0,WA_2016,38
WA,Lewis,108,2018,general,0,1,,,,,0.3270644545555115,,4072324.0,WA_2018,39
WA,Lewis,108,2020,general,1,1,64394.0,45309.0,0.3306688529070165,0.306268974228289,,0.7036214554151008,4080400.0,WA_2020,40
WA,Lewis,108,2022,general,0,1,64394.0,35992.0,,,0.3135840966673163,0.5589340621797062,4088484.0,WA_2022,41
WA,Lewis,108,2024,general,1,1,64394.0,45338.0,0.32985944463489886,0.3067023530723765,,0.7040718079324161,4096576.0,WA_2024,42
WA,Lincoln,109,1996,general,1,0,7590.0,5168.0,0.4111085832118988,0.38924428820610046,,0.6885566115379333,3984016.0,WA_1996,28
WA,Lincoln,109,1998,general,0,0,7590.0,4644.0,,,0.46366938948631287,0.6152804493904114,3992004.0,WA_1998,29
WA,Lincoln,109,2000,general,1,0,7590.0,5361.0,0.2855128049850464,0.4110913872718811,0.27055129408836365,0.7063241004943848,4000000.0,WA_2000,30
WA,Lincoln,109,2002,general,0,0,,4389.0,,,,0.5750618577003479,4008004.0,WA_2002,31
WA,Lincoln,109,2004,general,1,0,,5900.0,0.2981996238231659,0.33417630195617676,0.34564411640167236,0.768785297870636,4016016.0,WA_2004,32
WA,Lincoln,109,2006,general,0,1,,4898.0,,,0.41132158041000366,0.6347300410270691,4024036.0,WA_2006,33
WA,Lincoln,109,2008,general,1,1,,6058.0,0.3482433557510376,0.34662163257598877,,0.7807819247245789,4032064.0,WA_2008,34
WA,Lincoln,109,2010,general,0,1,7990.0,5536.0,,,0.3123359680175781,0.6928660869598389,4040100.0,WA_2010,35
WA,Lincoln,109,2012,general,1,1,,,0.2916666567325592,0.2956581711769104,0.3711925745010376,,4048144.0,WA_2012,36
WA,Lincoln,109,2014,general,0,1,,,,,,,4056196.0,WA_2014,37
WA,Lincoln,109,2016,general,1,1,,,0.23243647813796997,0.279778391122818,0.3361591696739197,,4064256.0,WA_2016,38
WA,Lincoln,109,2018,general,0,1,,,,,0.28755825757980347,,4072324.0,WA_2018,39
WA,Lincoln,109,2020,general,1,1,8883.0,7033.0,0.24959930059740637,0.21875,,0.7917370257795789,4080400.0,WA_2020,40
WA,Lincoln,109,2022,general,0,1,8883.0,6154.0,,,0.2317967095618179,0.6927839693797141,4088484.0,WA_2022,41
WA,Lincoln,109,2024,general,1,1,8883.0,7144.0,0.2414388489208633,0.22525838878663457,,0.8042328042328042,4096576.0,WA_2024,42
WA,Mason,110,1996,general,1,0,36865.0,21192.0,0.5852526426315308,0.5530214905738831,,0.6210514307022095,3984016.0,WA_1996,28
WA,Mason,110,1998,general,0,0,36865.0,18921.0,,,0.5931617617607117,0.5330776572227478,3992004.0,WA_1998,29
WA,Mason,110,2000,general,1,0,36865.0,22923.0,0.5146453380584717,0.5652992129325867,0.4801271855831146,0.6218093037605286,4000000.0,WA_2000,30
WA,Mason,110,2002,general,0,0,,17253.0,,,,0.451222687959671,4008004.0,WA_2002,31
WA,Mason,110,2004,general,1,0,,25839.0,0.5182267427444458,0.48515379428863525,0.5482810735702515,0.6523810029029846,4016016.0,WA_2004,32
WA,Mason,110,2006,general,0,1,,21504.0,,,0.5734999775886536,0.524765133857727,4024036.0,WA_2006,33
WA,Mason,110,2008,general,1,1,,28698.0,0.5443037748336792,0.4957508146762848,,0.677647590637207,4032064.0,WA_2008,34
WA,Mason,110,2010,general,0,1,45135.0,25347.0,,,0.48970726132392883,0.5615819096565247,4040100.0,WA_2010,35
WA,Mason,110,2012,general,1,1,,,0.5363851189613342,0.47251012921333313,0.5746546387672424,,4048144.0,WA_2012,36
WA,Mason,110,2014,general,0,1,,,,,,,4056196.0,WA_2014,37
WA,Mason,110,2016,general,1,1,,,0.46719905734062195,0.460706889629364,0.5205258727073669,,4064256.0,WA_2016,38
WA,Mason,110,2018,general,0,1,,,,,0.4783615469932556,,4072324.0,WA_2018,39
WA,Mason,110,2020,general,1,1,52127.0,37303.0,0.47997442952833597,0.4452298726527088,,0.7156176261822088,4080400.0,WA_2020,40
WA,Mason,110,2022,general,0,1,52127.0,29475.0,,,0.46878083636734835,0.5654459301321771,4088484.0,WA_2022,41
WA,Mason,110,2024,general,1,1,52127.0,36689.0,0.4870975043857167,0.4478194655960127,,0.7038387016325512,4096576.0,WA_2024,42
WA,Okanogan,111,1996,general,1,0,26180.0,13351.0,0.44953271746635437,0.42363202571868896,,0.5229306221008301,3984016.0,WA_1996,28
WA,Okanogan,111,1998,general,0,0,26180.0,11951.0,,,0.450449675321579,0.46222177147865295,3992004.0,WA_1998,29
WA,Okanogan,111,2000,general,1,0,26180.0,15066.0,0.31598514318466187,0.396616131067276,0.29826775193214417,0.5754774808883667,4000000.0,WA_2000,30
WA,Okanogan,111,2002,general,0,0,,11985.0,,,,0.45218828320503235,4008004.0,WA_2002,31
WA,Okanogan,111,2004,general,1,1,,16613.0,0.39567261934280396,0.3923042416572571,0.42554834485054016,0.6192205548286438,4016016.0,WA_2004,32
WA,Okanogan,111,2006,general,0,1,,13193.0,,,0.4712003767490387,0.485870361328125,4024036.0,WA_2006,33
WA,Okanogan,111,2008,general,1,1,,17134.0,0.46389615535736084,0.3927014172077179,,0.6235584616661072,4032064.0,WA_2008,34
WA,Okanogan,111,2010,general,0,1,28350.0,15043.0,,,0.39366424083709717,0.5306172966957092,4040100.0,WA_2010,35
WA,Okanogan,111,2012,general,1,1,,,0.4352991580963135,0.40550756454467773,0.4783731698989868,,4048144.0,WA_2012,36
WA,Okanogan,111,2014,general,0,1,,,,,,,4056196.0,WA_2014,37
WA,Okanogan,111,2016,general,1,1,,,0.3959014415740967,0.43160581588745117,0.46913936734199524,,4064256.0,WA_2016,38
WA,Okanogan,111,2018,general,0,1,,,,,0.4344247579574585,,4072324.0,WA_2018,39
WA,Okanogan,111,2020,general,1,1,29999.0,21282.0,0.42912246865959497,0.39250744997871434,,0.7094236474549152,4080400.0,WA_2020,40
WA,Okanogan,111,2022,general,0,1,29999.0,16604.0,,,0.4009656004828002,0.553485116170539,4088484.0,WA_2022,41
WA,Okanogan,111,2024,general,1,1,29999.0,20732.0,0.42285600119874134,0.402437226671908,,0.6910897029900996,4096576.0,WA_2024,42
WA,Pacific,112,1996,general,1,0,15945.0,9349.0,0.6622903943061829,0.6285430788993835,,0.5983359813690186,3984016.0,WA_1996,28
WA,Pacific,112,1998,general,0,0,15945.0,8108.0,,,0.6343217492103577,0.5136522054672241,3992004.0,WA_1998,29
WA,Pacific,112,2000,general,1,0,15945.0,9708.0,0.5477229356765747,0.6023793816566467,0.481933057308197,0.6088429093360901,4000000.0,WA_2000,30
WA,Pacific,112,2002,general,0,0,,7781.0,,,,0.48314186930656433,4008004.0,WA_2002,31
WA,Pacific,112,2004,general,1,0,,10621.0,0.5458643436431885,0.5241448879241943,0.5850585103034973,0.6529972553253174,4016016.0,WA_2004,32
WA,Pacific,112,2006,general,0,1,,8861.0,,,0.6150463223457336,0.5394824743270874,4024036.0,WA_2006,33
WA,Pacific,112,2008,general,1,1,,11145.0,0.572260320186615,0.5228128433227539,,0.6719927787780762,4032064.0,WA_2008,34
WA,Pacific,112,2010,general,0,1,16480.0,9981.0,,,0.5311083793640137,0.6056432127952576,4040100.0,WA_2010,35
WA,Pacific,112,2012,general,1,1,,,0.5593535900115967,0.517261266708374,0.6085659265518188,,4048144.0,WA_2012,36
WA,Pacific,112,2014,general,0,1,,,,,,,4056196.0,WA_2014,37
WA,Pacific,112,2016,general,1,1,,,0.46292585134506226,0.49464666843414307,0.5525534152984619,,4064256.0,WA_2016,38
WA,Pacific,112,2018,general,0,1,,,,,0.5089787244796753,,4072324.0,WA_2018,39
WA,Pacific,112,2020,general,1,1,19734.0,14064.0,0.4942169200552848,0.4660513701080346,,0.7126786257221039,4080400.0,WA_2020,40
WA,Pacific,112,2022,general,0,1,19734.0,11943.0,,,0.4846321800470272,0.6051991486774095,4088484.0,WA_2022,41
WA,Pacific,112,2024,general,1,1,19734.0,14244.0,0.493314058547163,0.4759053321927573,,0.7217999391912435,4096576.0,WA_2024,42
WA,Pend Oreille,113,1996,general,1,0,8550.0,5083.0,0.5137747526168823,0.46939191222190857,,0.6307321190834045,3984016.0,WA_1996,28
WA,Pend Oreille,113,1998,general,0,0,8550.0,4876.0,,,0.516846776008606,0.5871554613113403,3992004.0,WA_1998,29
WA,Pend Oreille,113,2000,general,1,0,8550.0,5482.0,0.39077043533325195,0.5029744505882263,0.3819923400878906,0.6411696076393127,4000000.0,WA_2000,30
WA,Pend Oreille,113,2002,general,0,0,,4769.0,,,,0.5422056317329407,4008004.0,WA_2002,31
WA,Pend Oreille,113,2004,general,1,1,,6268.0,0.3848075866699219,0.43251895904541016,0.45474427938461304,0.6932775974273682,4016016.0,WA_2004,32
WA,Pend Oreille,113,2006,general,0,1,,5297.0,,,0.4778003990650177,0.5703876614570618,4024036.0,WA_2006,33
WA,Pend Oreille,113,2008,general,1,1,,6652.0,0.4080267548561096,0.3965756595134735,,0.6978435516357422,4032064.0,WA_2008,34
WA,Pend Oreille,113,2010,general,0,1,9875.0,6007.0,,,0.3756072223186493,0.6083037853240967,4040100.0,WA_2010,35
WA,Pend Oreille,113,2012,general,1,1,,,0.38823530077934265,0.3705614507198334,0.4320373833179474,,4048144.0,WA_2012,36
WA,Pend Oreille,113,2014,general,0,1,,,,,,,4056196.0,WA_2014,37
WA,Pend Oreille,113,2016,general,1,1,,,0.30664342641830444,0.36606624722480774,0.40404775738716125,,4064256.0,WA_2016,38
WA,Pend Oreille,113,2018,general,0,1,,,,,0.361289381980896,,4072324.0,WA_2018,39
WA,Pend Oreille,113,2020,general,1,1,11230.0,8553.0,0.3116211993750751,0.29662417374881966,,0.7616206589492431,4080400.0,WA_2020,40
WA,Pend Oreille,113,2022,general,0,1,11230.0,6787.0,,,0.30010338207059517,0.6043633125556545,4088484.0,WA_2022,41
WA,Pend Oreille,113,2024,general,1,1,11230.0,8545.0,0.29697115964764087,0.2924976258309592,,0.7609082813891362,4096576.0,WA_2024,42
WA,Pierce,114,1996,general,1,0,487010.0,241604.0,0.5751660466194153,0.5542768239974976,,0.5268588662147522,3984016.0,WA_1996,28
WA,Pierce,114,1998,general,0,0,487010.0,209340.0,,,0.5853480696678162,0.4427737891674042,3992004.0,WA_1998,29
WA,Pierce,114,2000,general,1,0,487010.0,270898.0,0.5386044979095459,0.5664235949516296,0.4960554540157318,0.5562472939491272,4000000.0,WA_2000,30
WA,Pierce,114,2002,general,0,0,,192734.0,,,,0.38452377915382385,4008004.0,WA_2002,31
WA,Pierce,114,2004,general,1,0,,317012.0,0.5120512247085571,0.4794386327266693,0.5516355037689209,0.6150251626968384,4016016.0,WA_2004,32
WA,Pierce,114,2006,general,0,0,,216574.0,,,0.5764179825782776,0.4088899493217468,4024036.0,WA_2006,33
WA,Pierce,114,2008,general,1,0,,333824.0,0.5620577335357666,0.5110439658164978,,0.6137811541557312,4032064.0,WA_2008,34
WA,Pierce,114,2010,general,0,0,554975.0,272587.0,,,0.49793779850006104,0.49116986989974976,4040100.0,WA_2010,35
WA,Pierce,114,2012,general,1,1,,,0.5566785931587219,0.48541632294654846,0.597625195980072,,4048144.0,WA_2012,36
WA,Pierce,114,2014,general,0,1,,,,,,,4056196.0,WA_2014,37
WA,Pierce,114,2016,general,1,1,,,0.5402584075927734,0.5007618069648743,0.5544451475143433,,4064256.0,WA_2016,38
WA,Pierce,114,2018,general,0,1,,,,,0.5335913896560669,,4072324.0,WA_2018,39
WA,Pierce,114,2020,general,1,1,676964.0,464081.0,0.557884427908308,0.5187287173666288,,0.6855327609739956,4080400.0,WA_2020,40
WA,Pierce,114,2022,general,0,1,676964.0,332454.0,,,0.5284061599722469,0.49109553831518366,4088484.0,WA_2022,41
WA,Pierce,114,2024,general,1,1,676964.0,439581.0,0.5554783956084968,0.509176147336431,,0.6493417670659001,4096576.0,WA_2024,42
WA,San Juan,115,1996,general,1,0,11060.0,7432.0,0.5921435356140137,0.6319357752799988,,0.7084092497825623,3984016.0,WA_1996,28
WA,San Juan,115,1998,general,0,0,11060.0,7086.0,,,0.6419239044189453,0.6575995087623596,3992004.0,WA_1998,29
WA,San Juan,115,2000,general,1,0,11060.0,8475.0,0.5956129431724548,0.6673689484596252,0.5844765901565552,0.7662748694419861,4000000.0,WA_2000,30
WA,San Juan,115,2002,general,0,0,,7064.0,,,,0.6226836442947388,4008004.0,WA_2002,31
WA,San Juan,115,2004,general,1,0,,10145.0,0.6669703125953674,0.616030216217041,0.6683438420295715,0.8723963499069214,4016016.0,WA_2004,32
WA,San Juan,115,2006,general,0,1,,8304.0,,,0.6819113492965698,0.6970341801643372,4024036.0,WA_2006,33
WA,San Juan,115,2008,general,1,1,,10635.0,0.7137050032615662,0.677307665348053,,0.8718801736831665,4032064.0,WA_2008,34
WA,San Juan,115,2010,general,0,1,12455.0,9382.0,,,0.6523726582527161,0.753271758556366,4040100.0,WA_2010,35
WA,San Juan,115,2012,general,1,1,,,0.6960726976394653,0.6481694579124451,0.7037143111228943,,4048144.0,WA_2012,36
WA,San Juan,115,2014,general,0,1,,,,,,,4056196.0,WA_2014,37
WA,San Juan,115,2016,general,1,1,,,0.7273833751678467,0.6911182403564453,0.715900719165802,,4064256.0,WA_2016,38
WA,San Juan,115,2018,general,0,1,,,,,0.7259554266929626,,4072324.0,WA_2018,39
WA,San Juan,115,2020,general,1,1,15596.0,13197.0,0.7608355499921765,0.7352132049518569,,0.8461785073095666,4080400.0,WA_2020,40
WA,San Juan,115,2022,general,0,1,15596.0,11326.0,,,0.729861172517464,0.7262118491921006,4088484.0,WA_2022,41
WA,San Juan,115,2024,general,1,1,15596.0,13006.0,0.7674792823235981,0.7332914967053655,,0.8339317773788151,4096576.0,WA_2024,42
WA,Skagit,116,1996,general,1,0,71125.0,41849.0,0.5273550152778625,0.5280954241752625,,0.6257066130638123,3984016.0,WA_1996,28
WA,Skagit,116,1998,general,0,0,71125.0,35621.0,,,0.5486316084861755,0.5162172913551331,3992004.0,WA_1998,29
WA,Skagit,116,2000,general,1,0,71125.0,45835.0,0.47968071699142456,0.5475430488586426,0.44941040873527527,0.6444288492202759,4000000.0,WA_2000,30
WA,Skagit,116,2002,general,0,0,,33681.0,,,,0.4598332941532135,4008004.0,WA_2002,31
WA,Skagit,116,2004,general,1,0,,52705.0,0.4901697039604187,0.4606788456439972,0.517792820930481,0.6993093490600586,4016016.0,WA_2004,32
WA,Skagit,116,2006,general,0,1,,41641.0,,,0.5443006157875061,0.5373840928077698,4024036.0,WA_2006,33
WA,Skagit,116,2008,general,1,1,,56632.0,0.5490134954452515,0.50333571434021,,0.7113728523254395,4032064.0,WA_2008,34
WA,Skagit,116,2010,general,0,1,80625.0,48960.0,,,0.48551177978515625,0.6072558164596558,4040100.0,WA_2010,35
WA,Skagit,116,2012,general,1,1,,,0.5336408615112305,0.4732539653778076,0.5617493391036987,,4048144.0,WA_2012,36
WA,Skagit,116,2014,general,0,1,,,,,,,4056196.0,WA_2014,37
WA,Skagit,116,2016,general,1,1,,,0.5189981460571289,0.4962438941001892,0.5347372889518738,,4064256.0,WA_2016,38
WA,Skagit,116,2018,general,0,1,,,,,0.5148663520812988,,4072324.0,WA_2018,39
WA,Skagit,116,2020,general,1,1,97935.0,73423.0,0.5386543498465092,0.5002745442565342,,0.749711543370603,4080400.0,WA_2020,40
WA,Skagit,116,2022,general,0,1,97935.0,56849.0,,,0.5169458649268207,0.5804768468882422,4088484.0,WA_2022,41
WA,Skagit,116,2024,general,1,1,97935.0,70256.0,0.545709602634338,0.5042721427330128,,0.7173737683157196,4096576.0,WA_2024,42
WA,Skamania,117,1996,general,1,0,7075.0,3846.0,0.5541626214981079,0.520380437374115,,0.5814058780670166,3984016.0,WA_1996,28
WA,Skamania,117,1998,general,0,0,7075.0,3389.0,,,0.48002421855926514,0.49510592222213745,3992004.0,WA_1998,29
WA,Skamania,117,2000,general,1,0,7075.0,4328.0,0.4490266442298889,0.5646687746047974,0.44608989357948303,0.6117314696311951,4000000.0,WA_2000,30
WA,Skamania,117,2002,general,0,0,,3531.0,,,,0.48336756229400635,4008004.0,WA_2002,31
WA,Skamania,117,2004,general,1,1,,5193.0,0.46833693981170654,0.469314843416214,0.5242598652839661,0.6891838312149048,4016016.0,WA_2004,32
WA,Skamania,117,2006,general,0,1,,4160.0,,,0.5511363744735718,0.5357372760772705,4024036.0,WA_2006,33
WA,Skamania,117,2008,general,1,1,,5567.0,0.5274293422698975,0.4768458306789398,,0.6963102221488953,4032064.0,WA_2008,34
WA,Skamania,117,2010,general,0,1,8250.0,4666.0,,,0.46724024415016174,0.5655757784843445,4040100.0,WA_2010,35
WA,Skamania,117,2012,general,1,1,,,0.4944496750831604,0.45915865898132324,0.5313382148742676,,4048144.0,WA_2012,36
WA,Skamania,117,2014,general,0,1,,,,,,,4056196.0,WA_2014,37
WA,Skamania,117,2016,general,1,1,,,0.43255814909935,0.44452422857284546,0.47718799114227295,,4064256.0,WA_2016,38
WA,Skamania,117,2018,general,0,1,,,,,0.4770691394805908,,4072324.0,WA_2018,39
WA,Skamania,117,2020,general,1,1,10112.0,7312.0,0.45103857566765576,0.4318840579710145,,0.7231012658227848,4080400.0,WA_2020,40
WA,Skamania,117,2022,general,0,1,10112.0,6227.0,,,0.42128959639813474,0.6158030063291139,4088484.0,WA_2022,41
WA,Skamania,117,2024,general,1,1,10112.0,7355.0,0.4427405740011255,0.4266778289381889,,0.7273536392405063,4096576.0,WA_2024,42
WA,Snohomish,118,1996,general,1,0,414150.0,225026.0,0.572422206401825,0.5740016102790833,,0.5751789808273315,3984016.0,WA_1996,28
WA,Snohomish,118,1998,general,0,0,414150.0,189230.0,,,0.5814625024795532,0.46991613507270813,3992004.0,WA_1998,29
WA,Snohomish,118,2000,general,1,0,414150.0,253423.0,0.541795015335083,0.5799444317817688,0.5077789425849915,0.6119111180305481,4000000.0,WA_2000,30
WA,Snohomish,118,2002,general,0,0,,181075.0,,,,0.4254470467567444,4008004.0,WA_2002,31
WA,Snohomish,118,2004,general,1,0,,297187.0,0.5380882620811462,0.48869624733924866,0.5620488524436951,0.6799494028091431,4016016.0,WA_2004,32
WA,Snohomish,118,2006,general,0,1,,208243.0,,,0.5903717875480652,0.46427541971206665,4024036.0,WA_2006,33
WA,Snohomish,118,2008,general,1,1,,324179.0,0.5964472889900208,0.5267345309257507,,0.7047454714775085,4032064.0,WA_2008,34
WA,Snohomish,118,2010,general,0,1,478440.0,270662.0,,,0.5185620188713074,0.5657177567481995,4040100.0,WA_2010,35
WA,Snohomish,118,2012,general,1,1,,,0.586305558681488,0.5123302340507507,0.6049880385398865,,4048144.0,WA_2012,36
WA,Snohomish,118,2014,general,0,1,,,,,,,4056196.0,WA_2014,37
WA,Snohomish,118,2016,general,1,1,,,0.590869665145874,0.5225785374641418,0.5765047073364258,,4064256.0,WA_2016,38
WA,Snohomish,118,2018,general,0,1,,,,,0.5739468336105347,,4072324.0,WA_2018,39
WA,Snohomish,118,2020,general,1,1,585933.0,438796.0,0.6066982389473385,0.5633568222548905,,0.7488842580977688,4080400.0,WA_2020,40
WA,Snohomish,118,2022,general,0,1,585933.0,320633.0,,,0.5767600986962463,0.5472178559664671,4088484.0,WA_2022,41
WA,Snohomish,118,2024,general,1,1,585933.0,418221.0,0.5980496674720402,0.5511555192374503,,0.713769321748391,4096576.0,WA_2024,42
WA,Spokane,119,1996,general,1,0,302910.0,162781.0,0.5184272527694702,0.5329928398132324,,0.5660613179206848,3984016.0,WA_1996,28
WA,Spokane,119,1998,general,0,0,302910.0,129552.0,,,0.5358433723449707,0.4388040006160736,3992004.0,WA_1998,29
WA,Spokane,119,2000,general,1,0,302910.0,175041.0,0.4551716446876526,0.5875280499458313,0.43998733162879944,0.5778647065162659,4000000.0,WA_2000,30
WA,Spokane,119,2002,general,0,0,,132843.0,,,,0.4277240037918091,4008004.0,WA_2002,31
WA,Spokane,119,2004,general,1,0,,203886.0,0.43943625688552856,0.4617592394351959,0.4819730818271637,0.6406428217887878,4016016.0,WA_2004,32
WA,Spokane,119,2006,general,0,1,,157335.0,,,0.5170095562934875,0.482736200094223,4024036.0,WA_2006,33
WA,Spokane,119,2008,general,1,1,,222126.0,0.49409621953964233,0.48109838366508484,,0.6658564209938049,4032064.0,WA_2008,34
WA,Spokane,119,2010,general,0,1,342060.0,186250.0,,,0.43731313943862915,0.5444951057434082,4040100.0,WA_2010,35
WA,Spokane,119,2012,general,1,1,,,0.4701489210128784,0.43491387367248535,0.4992309510707855,,4048144.0,WA_2012,36
WA,Spokane,119,2014,general,0,1,,,,,,,4056196.0,WA_2014,37
WA,Spokane,119,2016,general,1,1,,,0.4525390565395355,0.4597393572330475,0.49246472120285034,,4064256.0,WA_2016,38
WA,Spokane,119,2018,general,0,1,,,,,0.4922903776168823,,4072324.0,WA_2018,39
WA,Spokane,119,2020,general,1,1,419776.0,295430.0,0.4774724714339473,0.4498005954819853,,0.7037801112974539,4080400.0,WA_2020,40
WA,Spokane,119,2022,general,0,1,419776.0,221531.0,,,0.4555606817194963,0.5277362212227473,4088484.0,WA_2022,41
WA,Spokane,119,2024,general,1,1,419776.0,287082.0,0.4743671813121833,0.4531551880895556,,0.683893314529654,4096576.0,WA_2024,42
WA,Stevens,120,1996,general,1,0,28190.0,16984.0,0.42630577087402344,0.4061588943004608,,0.6272559762001038,3984016.0,WA_1996,28
WA,Stevens,120,1998,general,0,0,28190.0,13900.0,,,0.42681390047073364,0.5030156970024109,3992004.0,WA_1998,29
WA,Stevens,120,2000,general,1,0,28190.0,18376.0,0.32979416847229004,0.4293230175971985,0.335165798664093,0.651862382888794,4000000.0,WA_2000,30
WA,Stevens,120,2002,general,0,0,,14644.0,,,,0.5094155669212341,4008004.0,WA_2002,31
WA,Stevens,120,2004,general,1,0,,20606.0,0.3439027965068817,0.36252397298812866,0.394976943731308,0.7031964063644409,4016016.0,WA_2004,32
WA,Stevens,120,2006,general,0,1,,17383.0,,,0.4288672208786011,0.5821500420570374,4024036.0,WA_2006,33
WA,Stevens,120,2008,general,1,1,,22756.0,0.39290833473205566,0.3502185642719269,,0.7481424808502197,4032064.0,WA_2008,34
WA,Stevens,120,2010,general,0,1,32045.0,20091.0,,,0.32788485288619995,0.6269620656967163,4040100.0,WA_2010,35
WA,Stevens,120,2012,general,1,1,,,0.3618142008781433,0.3378525972366333,0.3921400010585785,,4048144.0,WA_2012,36
WA,Stevens,120,2014,general,0,1,,,,,,,4056196.0,WA_2014,37
WA,Stevens,120,2016,general,1,1,,,0.2755638360977173,0.3107961118221283,0.3546562194824219,,4064256.0,WA_2016,38
WA,Stevens,120,2018,general,0,1,,,,,0.3222862184047699,,4072324.0,WA_2018,39
WA,Stevens,120,2020,general,1,1,37662.0,28430.0,0.2835389011465982,0.261282912175296,,0.7548722850618661,4080400.0,WA_2020,40
WA,Stevens,120,2022,general,0,1,37662.0,22919.0,,,0.2654747333449904,0.6085444214327439,4088484.0,WA_2022,41
WA,Stevens,120,2024,general,1,1,37662.0,28246.0,0.27356044838792126,0.2598016398725339,,0.749986724018905,4096576.0,WA_2024,42
WA,Thurston,121,1996,general,1,0,149950.0,88566.0,0.6040845513343811,0.6109826564788818,,0.643705427646637,3984016.0,WA_1996,28
WA,Thurston,121,1998,general,0,0,149950.0,79202.0,,,0.621442973613739,0.550898015499115,3992004.0,WA_1998,29
WA,Thurston,121,2000,general,1,0,149950.0,98644.0,0.5583188533782959,0.6246355175971985,0.5409266352653503,0.6578459739685059,4000000.0,WA_2000,30
WA,Thurston,121,2002,general,0,0,,73859.0,,,,0.4730575382709503,4008004.0,WA_2002,31
WA,Thurston,121,2004,general,1,0,,113996.0,0.566240668296814,0.5440237522125244,0.5878958106040955,0.7023254632949829,4016016.0,WA_2004,32
WA,Thurston,121,2006,general,0,1,,85011.0,,,0.6174761652946472,0.5045362710952759,4024036.0,WA_2006,33
WA,Thurston,121,2008,general,1,1,,128006.0,0.6107301712036133,0.5787528157234192,,0.7328261733055115,4032064.0,WA_2008,34
WA,Thurston,121,2010,general,0,1,180595.0,107344.0,,,0.5616211295127869,0.5943907499313354,4040100.0,WA_2010,35
WA,Thurston,121,2012,general,1,1,,,0.6003454327583313,0.5375296473503113,0.6281610727310181,,4048144.0,WA_2012,36
WA,Thurston,121,2014,general,0,1,,,,,,,4056196.0,WA_2014,37
WA,Thurston,121,2016,general,1,1,,,0.5859038233757019,0.5489915609359741,0.5976250171661377,,4064256.0,WA_2016,38
WA,Thurston,121,2018,general,0,1,,,,,0.5854014158248901,,4072324.0,WA_2018,39
WA,Thurston,121,2020,general,1,1,227096.0,168134.0,0.5967693115483214,0.5638185876110666,,0.7403653080635502,4080400.0,WA_2020,40
WA,Thurston,121,2022,general,0,1,227096.0,126106.0,,,0.5819782281983794,0.5552981998802269,4088484.0,WA_2022,41
WA,Thurston,121,2024,general,1,1,227096.0,164537.0,0.6056728608059767,0.5582666502523698,,0.7245261915665622,4096576.0,WA_2024,42
WA,Wahkiakum,122,1996,general,1,0,2915.0,1867.0,0.598833441734314,0.5646599531173706,,0.6570087671279907,3984016.0,WA_1996,28
WA,Wahkiakum,122,1998,general,0,0,2915.0,1908.0,,,0.5327957272529602,0.6628836393356323,3992004.0,WA_1998,29
WA,Wahkiakum,122,2000,general,1,0,2915.0,2013.0,0.4373638331890106,0.5908607840538025,0.4081414043903351,0.6905660629272461,4000000.0,WA_2000,30
WA,Wahkiakum,122,2002,general,0,0,,1892.0,,,,0.6409937739372253,4008004.0,WA_2002,31
WA,Wahkiakum,122,2004,general,1,0,,2255.0,0.4657846689224243,0.47466540336608887,0.51615971326828,0.754601240158081,4016016.0,WA_2004,32
WA,Wahkiakum,122,2006,general,0,1,,1871.0,,,0.5794606804847717,0.6185123920440674,4024036.0,WA_2006,33
WA,Wahkiakum,122,2008,general,1,1,,2343.0,0.5035938620567322,0.4192139804363251,,0.7652694582939148,4032064.0,WA_2008,34
WA,Wahkiakum,122,2010,general,0,1,3105.0,2096.0,,,0.4514060318470001,0.6750402450561523,4040100.0,WA_2010,35
WA,Wahkiakum,122,2012,general,1,1,,,0.4943515658378601,0.428254097700119,0.553200900554657,,4048144.0,WA_2012,36
WA,Wahkiakum,122,2014,general,0,1,,,,,,,4056196.0,WA_2014,37
WA,Wahkiakum,122,2016,general,1,1,,,0.38235294818878174,0.3997451066970825,0.48124468326568604,,4064256.0,WA_2016,38
WA,Wahkiakum,122,2018,general,0,1,,,,,0.4465538561344147,,4072324.0,WA_2018,39
WA,Wahkiakum,122,2020,general,1,1,3817.0,2981.0,0.40089470061940813,0.3717948717948718,,0.7809798270893372,4080400.0,WA_2020,40
WA,Wahkiakum,122,2022,general,0,1,3817.0,2565.0,,,0.3936669272869429,0.6719937123395336,4088484.0,WA_2022,41
WA,Wahkiakum,122,2024,general,1,1,3817.0,3062.0,0.4066193853427896,0.3856143856143856,,0.8022006811632172,4096576.0,WA_2024,42
WA,Walla Walla,123,1996,general,1,0,38895.0,19855.0,0.46942707896232605,0.5010578632354736,,0.5209234952926636,3984016.0,WA_1996,28
WA,Walla Walla,123,1998,general,0,0,38895.0,15959.0,,,0.4747996926307678,0.41446566581726074,3992004.0,WA_1998,29
WA,Walla Walla,123,2000,general,1,0,38895.0,21642.0,0.35077103972435,0.5224224925041199,0.348895400762558,0.556421160697937,4000000.0,WA_2000,30
WA,Walla Walla,123,2002,general,0,0,,15438.0,,,,0.3929744064807892,4008004.0,WA_2002,31
WA,Walla Walla,123,2004,general,1,0,,23269.0,0.3656775951385498,0.35913535952568054,0.44888588786125183,0.5864902138710022,4016016.0,WA_2004,32
WA,Walla Walla,123,2006,general,0,1,,18302.0,,,0.4829927980899811,0.4568076729774475,4024036.0,WA_2006,33
WA,Walla Walla,123,2008,general,1,1,,25062.0,0.415488600730896,0.3832206130027771,,0.6195031404495239,4032064.0,WA_2008,34
WA,Walla Walla,123,2010,general,0,1,40460.0,21598.0,,,0.3883771598339081,0.5338111519813538,4040100.0,WA_2010,35
WA,Walla Walla,123,2012,general,1,1,,,0.400065541267395,0.38034239411354065,0.46448683738708496,,4048144.0,WA_2012,36
WA,Walla Walla,123,2014,general,0,1,,,,,,,4056196.0,WA_2014,37
WA,Walla Walla,123,2016,general,1,1,,,0.4152495265007019,0.41840922832489014,0.4936753213405609,,4064256.0,WA_2016,38
WA,Walla Walla,123,2018,general,0,1,,,,,0.46348610520362854,,4072324.0,WA_2018,39
WA,Walla Walla,123,2020,general,1,1,46523.0,31261.0,0.4549684280491858,0.43065220909532287,,0.6719472089074221,4080400.0,WA_2020,40
WA,Walla Walla,123,2022,general,0,1,46523.0,24260.0,,,0.4143039907556436,0.5214625024181587,4088484.0,WA_2022,41
WA,Walla Walla,123,2024,general,1,1,46523.0,29568.0,0.45854034007417255,0.4258356784954355,,0.6355566064097328,4096576.0,WA_2024,42
WA,Whatcom,124,1996,general,1,0,118550.0,65518.0,0.5170825123786926,0.5402050018310547,,0.6042795181274414,3984016.0,WA_1996,28
WA,Whatcom,124,1998,general,0,0,118550.0,57090.0,,,0.5540525913238525,0.503054678440094,3992004.0,WA_1998,29
WA,Whatcom,124,2000,general,1,0,118550.0,74671.0,0.4981411099433899,0.5945007801055908,0.4795830249786377,0.629869282245636,4000000.0,WA_2000,30
WA,Whatcom,124,2002,general,0,0,,55066.0,,,,0.4454697370529175,4008004.0,WA_2002,31
WA,Whatcom,124,2004,general,1,0,,91515.0,0.5450069904327393,0.5120364427566528,0.5583064556121826,0.7112011909484863,4016016.0,WA_2004,32
WA,Whatcom,124,2006,general,0,1,,69782.0,,,0.5748428106307983,0.5217735767364502,4024036.0,WA_2006,33
WA,Whatcom,124,2008,general,1,1,,101399.0,0.5915827751159668,0.5467326641082764,,0.7305228114128113,4032064.0,WA_2008,34
WA,Whatcom,124,2010,general,0,1,144535.0,86993.0,,,0.5248705148696899,0.6018819212913513,4040100.0,WA_2010,35
WA,Whatcom,124,2012,general,1,1,,,0.5720798969268799,0.5310038924217224,0.5948826670646667,,4048144.0,WA_2012,36
WA,Whatcom,124,2014,general,0,1,,,,,,,4056196.0,WA_2014,37
WA,Whatcom,124,2016,general,1,1,,,0.5977867841720581,0.566377580165863,0.5943803191184998,,4064256.0,WA_2016,38
WA,Whatcom,124,2018,general,0,1,,,,,0.5976898670196533,,4072324.0,WA_2018,39
WA,Whatcom,124,2020,general,1,1,178126.0,138620.0,0.6236349134171705,0.5961493718008376,,0.7782131749435792,4080400.0,WA_2020,40
WA,Whatcom,124,2022,general,0,1,178126.0,111170.0,,,0.5942083828882402,0.6241087769331821,4088484.0,WA_2022,41
WA,Whatcom,124,2024,general,1,1,178126.0,137868.0,0.6286035560117125,0.5978899298111656,,0.7739914442585586,4096576.0,WA_2024,42
WA,Whitman,125,1996,general,1,0,31340.0,16134.0,0.5188625454902649,0.5560290217399597,,0.5270634889602661,3984016.0,WA_1996,28
WA,Whitman,125,1998,general,0,0,31340.0,13141.0,,,0.5440784096717834,0.42423775792121887,3992004.0,WA_1998,29
WA,Whitman,125,2000,general,1,0,31340.0,16408.0,0.4196106195449829,0.5771740078926086,0.4124833941459656,0.5235481858253479,4000000.0,WA_2000,30
WA,Whitman,125,2002,general,0,0,,10931.0,,,,0.3447781503200531,4008004.0,WA_2002,31
WA,Whitman,125,2004,general,1,0,,18122.0,0.46861571073532104,0.4519225060939789,0.4732655882835388,0.5650959610939026,4016016.0,WA_2004,32
WA,Whitman,125,2006,general,0,1,,13214.0,,,0.5123604536056519,0.4074203372001648,4024036.0,WA_2006,33
WA,Whitman,125,2008,general,1,1,,17826.0,0.5281239151954651,0.4845587909221649,,0.5435124635696411,4032064.0,WA_2008,34
WA,Whitman,125,2010,general,0,1,34430.0,13817.0,,,0.43040239810943604,0.40130698680877686,4040100.0,WA_2010,35
WA,Whitman,125,2012,general,1,1,,,0.4857954680919647,0.438289999961853,0.49765536189079285,,4048144.0,WA_2012,36
WA,Whitman,125,2014,general,0,1,,,,,,,4056196.0,WA_2014,37
WA,Whitman,125,2016,general,1,1,,,0.5238922238349915,0.4953175485134125,0.542323648929596,,4064256.0,WA_2016,38
WA,Whitman,125,2018,general,0,1,,,,,0.54347825050354,,4072324.0,WA_2018,39
WA,Whitman,125,2020,general,1,1,37497.0,21126.0,0.5522690237519134,0.5179752660339373,,0.5634050724057925,4080400.0,WA_2020,40
WA,Whitman,125,2022,general,0,1,37497.0,15707.0,,,0.4992343032159265,0.4188868442808758,4088484.0,WA_2022,41
WA,Whitman,125,2024,general,1,1,37497.0,20027.0,0.546430992231086,0.5121084429100878,,0.5340960610182148,4096576.0,WA_2024,42
WA,Yakima,126,1996,general,1,0,129575.0,64164.0,0.48132872581481934,0.47759363055229187,,0.5034510493278503,3984016.0,WA_1996,28
WA,Yakima,126,1998,general,0,0,129575.0,53958.0,,,0.4702032804489136,0.41986849904060364,3992004.0,WA_1998,29
WA,Yakima,126,2000,general,1,0,129575.0,70606.0,0.39277368783950806,0.49649545550346375,0.39609602093696594,0.5449044704437256,4000000.0,WA_2000,30
WA,Yakima,126,2002,general,0,0,,48537.0,,,,0.3715371787548065,4008004.0,WA_2002,31
WA,Yakima,126,2004,general,1,0,,73647.0,0.39643025398254395,0.3494790494441986,0.4438157081604004,0.5591956377029419,4016016.0,WA_2004,32
WA,Yakima,126,2006,general,0,1,,55584.0,,,0.4559422731399536,0.4186645448207855,4024036.0,WA_2006,33
WA,Yakima,126,2008,general,1,1,,78191.0,0.4461697041988373,0.39266517758369446,,0.5842634439468384,4032064.0,WA_2008,34
WA,Yakima,126,2010,general,0,1,136075.0,63163.0,,,0.36783134937286377,0.46417784690856934,4040100.0,WA_2010,35
WA,Yakima,126,2012,general,1,1,,,0.4402168095111847,0.4166688621044159,0.5004521608352661,,4048144.0,WA_2012,36
WA,Yakima,126,2014,general,0,1,,,,,,,4056196.0,WA_2014,37
WA,Yakima,126,2016,general,1,1,,,0.4284912347793579,0.4497684836387634,0.48158642649650574,,4064256.0,WA_2016,38
WA,Yakima,126,2018,general,0,1,,,,,0.41849106550216675,,4072324.0,WA_2018,39
WA,Yakima,126,2020,general,1,1,153356.0,96193.0,0.46065461838820493,0.432046530672238,,0.6272529278280602,4080400.0,WA_2020,40
WA,Yakima,126,2022,general,0,1,153356.0,62865.0,,,0.35933938050981207,0.4099285323039203,4088484.0,WA_2022,41
WA,Yakima,126,2024,general,1,1,153356.0,88751.0,0.4264470107117132,0.4022535275845073,,0.5787253188659067,4096576.0,WA_2024,42
