state,county,county_id,year,prim_or_gen,treat,turnout_share,state_year,period,post_2018,dem_share,dem_share_gov,dem_share_pres,cvap,ballots_cast,vbm_share,share_votes_dem,office,year2,state_year_id
CA,Alameda,1,1998,general,0,0.44512438774108887,CA_1998,original,0,0.7649454474449158,0.7649454474449158,,896920.0,397047.0,0.19162971,0.63319427,,3992004,0
CA,Alameda,1,2000,general,0,,CA_2000,original,0,,,0.7419142127037048,,,,0.615645,,4000000,1
CA,Alameda,1,2002,general,0,0.3841375410556793,CA_2002,original,0,0.7387482523918152,0.7387482523918152,,,346434.0,0.21160452,0.62179816,,4008004,2
CA,Alameda,1,2004,general,0,0.6263000965118408,CA_2004,original,0,,,0.7634834051132202,,567915.0,0.365479,0.6020465,,4016016,3
CA,Alameda,1,2006,general,0,0.455890029668808,CA_2006,original,0,0.6071346402168274,0.6071346402168274,,,415638.0,0.5121404,0.6146564,,4024036,4
CA,Alameda,1,2008,general,0,0.6857087016105652,CA_2008,original,0,,,0.8035770058631897,,628545.0,0.48334965,0.5999034,,4032064,5
CA,Alameda,1,2010,general,0,0.499699205160141,CA_2010,original,0,0.7659573554992676,0.7659573554992676,,937530.0,468483.0,0.54111886,0.6084111,,4040100,6
CA,Alameda,1,2012,general,0,0.6206293106079102,CA_2012,original,0,,,0.8127905130386353,970755.0,602479.0,0.5534616,0.60467654,,4048144,7
CA,Alameda,1,2014,general,0,0.3646825850009918,CA_2014,original,0,0.8217055201530457,0.8217055201530457,,1005255.0,366599.0,0.6207955,0.6162622,,4056196,8
CA,Alameda,1,2016,general,0,0.6442309617996216,CA_2016,original,0,,,0.8429475426673889,1040380.0,670245.0,0.66391844,0.59712166,,4064256,9
CA,Alameda,1,2018,general,0,0.5491510629653931,CA_2018,original,0,0.8055204153060913,0.8055204153060913,,1069835.0,587501.0,0.7285111,0.60148245,,4072324,10
CA,Alameda,1,2020,general,0,0.6799638128861429,CA_2020,extension,1,0.8192111601553381,,0.8192111601553381,1133000.0,770399.0,,,presidential,4080400,11
CA,Alameda,1,2022,general,1,0.49641394527802296,CA_2022,extension,1,0.842863434884876,0.842863434884876,,1133000.0,562437.0,,,governor,4088484,12
CA,Alameda,1,2024,general,1,0.6663724624889673,CA_2024,extension,1,0.8013698630136986,,0.8013698630136986,1133000.0,755000.0,,,presidential,4096576,13
CA,Alpine,2,1998,general,0,0.6208726167678833,CA_1998,original,0,0.5357142686843872,0.5357142686843872,,920.0,585.0,1.0,0.5285714,,3992004,0
CA,Alpine,2,2000,general,0,,CA_2000,original,0,,,0.4853479862213135,,,,0.46349207,,4000000,1
CA,Alpine,2,2002,general,0,0.6482673287391663,CA_2002,original,0,0.4810924232006073,0.4810924232006073,,,582.0,1.0,0.4703833,,4008004,2
CA,Alpine,2,2004,general,0,0.8154822587966919,CA_2004,original,0,,,0.5453216433525085,,714.0,1.0,0.44951922,,4016016,3
CA,Alpine,2,2006,general,0,0.651562511920929,CA_2006,original,0,0.4249512553215027,0.4249512553215027,,,556.0,1.0,0.45179063,,4024036,4
CA,Alpine,2,2008,general,0,0.8386363983154297,CA_2008,original,0,,,0.6261127591133118,,697.0,1.0,0.4476386,,4032064,5
CA,Alpine,2,2010,general,0,0.6778442859649658,CA_2010,original,0,0.5831809639930725,0.5831809639930725,,835.0,566.0,1.0,0.46296296,,4040100,6
CA,Alpine,2,2012,general,0,0.7288888692855835,CA_2012,original,0,,,0.6223999857902527,900.0,656.0,1.0,0.45124283,,4048144,7
CA,Alpine,2,2014,general,0,0.49263158440589905,CA_2014,original,0,0.6187363862991333,0.6187363862991333,,950.0,468.0,1.0,0.45112783,,4056196,8
CA,Alpine,2,2016,general,0,0.6938547492027283,CA_2016,original,0,,,0.6061705946922302,895.0,621.0,1.0,0.44620812,,4064256,9
CA,Alpine,2,2018,general,0,0.6994413137435913,CA_2018,original,0,0.6276422739028931,0.6276422739028931,,895.0,626.0,1.0,0.4463668,,4072324,10
CA,Alpine,2,2020,general,0,0.95,CA_2020,extension,1,0.543451652386781,,0.543451652386781,900.0,855.0,,,presidential,4080400,11
CA,Alpine,2,2022,general,0,0.69,CA_2022,extension,1,0.5743589743589743,0.5743589743589743,,900.0,621.0,,,governor,4088484,12
CA,Alpine,2,2024,general,0,0.9333333333333333,CA_2024,extension,1,0.5125,,0.5125,900.0,840.0,,,presidential,4096576,13
CA,Amador,3,1998,general,0,0.5096403956413269,CA_1998,original,0,0.5051940083503723,0.5051940083503723,,27430.0,13651.0,0.29543623,0.33200055,,3992004,0
CA,Amador,3,2000,general,0,,CA_2000,original,0,,,0.40253543853759766,,,,0.321756,,4000000,1
CA,Amador,3,2002,general,0,0.47986701130867004,CA_2002,original,0,0.38805317878723145,0.38805317878723145,,,13472.0,0.34887174,0.3231766,,4008004,2
CA,Amador,3,2004,general,0,0.6298294067382812,CA_2004,original,0,,,0.370636910200119,,18088.0,0.4050752,0.31101716,,4016016,3
CA,Amador,3,2006,general,0,0.5182313323020935,CA_2006,original,0,0.23772060871124268,0.23772060871124268,,,15217.0,0.48590392,0.3219586,,4024036,4
CA,Amador,3,2008,general,0,0.6333691477775574,CA_2008,original,0,,,0.42522042989730835,,19006.0,0.51836264,0.31263638,,4032064,5
CA,Amador,3,2010,general,0,0.5431475639343262,CA_2010,original,0,0.44230392575263977,0.44230392575263977,,30500.0,16566.0,0.585597,0.30765343,,4040100,6
CA,Amador,3,2012,general,0,0.5869073271751404,CA_2012,original,0,,,0.39915844798088074,30475.0,17886.0,0.6118193,0.3078486,,4048144,7
CA,Amador,3,2014,general,0,0.4340023100376129,CA_2014,original,0,0.44554221630096436,0.44554221630096436,,30145.0,13083.0,0.6529848,0.31480858,,4056196,8
CA,Amador,3,2016,general,0,0.604794979095459,CA_2016,original,0,,,0.36412152647972107,30240.0,18289.0,0.6783859,0.2968178,,4064256,9
CA,Amador,3,2018,general,0,0.5715571045875549,CA_2018,original,0,0.35451599955558777,0.35451599955558777,,31115.0,17784.0,0.71935445,0.30297926,,4072324,10
CA,Amador,3,2020,general,1,0.8250322580645161,CA_2020,extension,1,0.37212023401250754,,0.37212023401250754,31000.0,25576.0,,,presidential,4080400,11
CA,Amador,3,2022,general,1,0.6641290322580645,CA_2022,extension,1,0.3488031511968488,0.3488031511968488,,31000.0,20588.0,,,governor,4088484,12
CA,Amador,3,2024,general,1,0.8225806451612904,CA_2024,extension,1,0.3441295546558704,,0.3441295546558704,31000.0,25500.0,,,presidential,4096576,13
CA,Butte,4,1998,general,0,0.4619593918323517,CA_1998,original,0,0.4798651933670044,0.4798651933670044,,146805.0,66217.0,0.29524142,0.35580483,,3992004,0
CA,Butte,4,2000,general,0,,CA_2000,original,0,,,0.4073997139930725,,,,0.35107183,,4000000,1
CA,Butte,4,2002,general,0,0.4159896671772003,CA_2002,original,0,0.37276336550712585,0.37276336550712585,,,62511.0,0.29671577,0.3496971,,4008004,2
CA,Butte,4,2004,general,0,0.6307366490364075,CA_2004,original,0,,,0.4510466456413269,,96967.0,0.41442966,0.3517789,,4016016,3
CA,Butte,4,2006,general,0,0.4471835494041443,CA_2006,original,0,0.2905559837818146,0.2905559837818146,,,70298.0,0.5092037,0.35843673,,4024036,4
CA,Butte,4,2008,general,0,0.6186202764511108,CA_2008,original,0,,,0.5120509266853333,,99392.0,0.4943758,0.3591844,,4032064,5
CA,Butte,4,2010,general,0,0.4741244316101074,CA_2010,original,0,0.46611037850379944,0.46611037850379944,,163320.0,77434.0,0.5700726,0.35427392,,4040100,6
CA,Butte,4,2012,general,0,0.5531086325645447,CA_2012,original,0,,,0.48961538076400757,165830.0,91722.0,0.6190227,0.35975122,,4048144,7
CA,Butte,4,2014,general,0,0.3769459128379822,CA_2014,original,0,0.4779096245765686,0.4779096245765686,,168430.0,63489.0,0.7222983,0.34798333,,4056196,8
CA,Butte,4,2016,general,0,0.5794766545295715,CA_2016,original,0,,,0.4793740212917328,170635.0,98879.0,0.6982676,0.36175826,,4064256,9
CA,Butte,4,2018,general,0,0.5183961987495422,CA_2018,original,0,0.46773213148117065,0.46773213148117065,,173840.0,90118.0,0.73960805,0.3719577,,4072324,10
CA,Butte,4,2020,general,1,0.6775892857142857,CA_2020,extension,1,0.4573643410852713,,0.4573643410852713,168000.0,113835.0,,,presidential,4080400,11
CA,Butte,4,2022,general,1,0.5146011904761905,CA_2022,extension,1,0.43151742390824877,0.43151742390824877,,168000.0,86453.0,,,governor,4088484,12
CA,Butte,4,2024,general,1,0.6666666666666666,CA_2024,extension,1,0.42452830188679247,,0.42452830188679247,168000.0,112000.0,,,presidential,4096576,13
CA,Calaveras,5,1998,general,0,0.5514640212059021,CA_1998,original,0,0.4744648039340973,0.4744648039340973,,30920.0,16365.0,0.36455852,0.34375,,3992004,0
CA,Calaveras,5,2000,general,0,,CA_2000,original,0,,,0.4009156823158264,,,,0.32199237,,4000000,1
CA,Calaveras,5,2002,general,0,0.48354634642601013,CA_2002,original,0,0.3840073049068451,0.3840073049068451,,,15553.0,0.3799267,0.31426105,,4008004,2
CA,Calaveras,5,2004,general,0,0.6741020083427429,CA_2004,original,0,,,0.37858089804649353,,22521.0,0.46836287,0.30248833,,4016016,3
CA,Calaveras,5,2006,general,0,0.5286937355995178,CA_2006,original,0,0.25166577100753784,0.25166577100753784,,,18321.0,0.57889855,0.30683446,,4024036,4
CA,Calaveras,5,2008,general,0,0.657088041305542,CA_2008,original,0,,,0.4332832992076874,,23588.0,0.5852552,0.30244064,,4032064,5
CA,Calaveras,5,2010,general,0,0.5596606135368347,CA_2010,original,0,0.4206720292568207,0.4206720292568207,,35945.0,20117.0,0.6285231,0.2995884,,4040100,6
CA,Calaveras,5,2012,general,0,0.614615797996521,CA_2012,original,0,,,0.4121702015399933,35920.0,22077.0,0.67051685,0.29519415,,4048144,7
CA,Calaveras,5,2014,general,0,0.45367708802223206,CA_2014,original,0,0.437273234128952,0.437273234128952,,35490.0,16101.0,0.70610523,0.29875812,,4056196,8
CA,Calaveras,5,2016,general,0,0.6758280396461487,CA_2016,original,0,,,0.37026333808898926,35475.0,23975.0,0.7021481,0.28695253,,4064256,9
CA,Calaveras,5,2018,general,0,0.6063044667243958,CA_2018,original,0,0.3593243956565857,0.3593243956565857,,36165.0,21927.0,0.7495781,0.28669104,,4072324,10
CA,Calaveras,5,2020,general,1,0.8377894736842105,CA_2020,extension,1,0.3761662425784563,,0.3761662425784563,38000.0,31836.0,,,presidential,4080400,11
CA,Calaveras,5,2022,general,1,0.6609736842105263,CA_2022,extension,1,0.34985009993337773,0.34985009993337773,,38000.0,25117.0,,,governor,4088484,12
CA,Calaveras,5,2024,general,1,0.8289473684210527,CA_2024,extension,1,0.3465346534653465,,0.3465346534653465,38000.0,31500.0,,,presidential,4096576,13
CA,Colusa,6,1998,general,0,0.5285165309906006,CA_1998,original,0,0.449022501707077,0.449022501707077,,9685.0,4966.0,0.2754732,0.37574553,,3992004,0
CA,Colusa,6,2000,general,0,,CA_2000,original,0,,,0.32471156120300293,,,,0.342246,,4000000,1
CA,Colusa,6,2002,general,0,0.4687238931655884,CA_2002,original,0,0.2932295501232147,0.2932295501232147,,,4675.0,0.28470588,0.2864992,,4008004,2
CA,Colusa,6,2004,general,0,0.6119201183319092,CA_2004,original,0,,,0.3197569251060486,,6280.0,0.34044585,0.29718563,,4016016,3
CA,Colusa,6,2006,general,0,0.4791660010814667,CA_2006,original,0,0.23149506747722626,0.23149506747722626,,,5056.0,0.42563292,0.2873633,,4024036,4
CA,Colusa,6,2008,general,0,0.6025521159172058,CA_2008,original,0,,,0.40764835476875305,,6532.0,0.49341702,0.3155806,,4032064,5
CA,Colusa,6,2010,general,0,0.46863695979118347,CA_2010,original,0,0.3800849914550781,0.3800849914550781,,11335.0,5312.0,0.43524095,0.29445922,,4040100,6
CA,Colusa,6,2012,general,0,0.5217987298965454,CA_2012,original,0,,,0.39120879769325256,11675.0,6092.0,0.558109,0.30363816,,4048144,7
CA,Colusa,6,2014,general,0,0.3698870837688446,CA_2014,original,0,0.4272749125957489,0.4272749125957489,,11955.0,4422.0,0.60153776,0.2814971,,4056196,8
CA,Colusa,6,2016,general,0,0.5571545362472534,CA_2016,original,0,,,0.42836445569992065,12230.0,6814.0,0.61740535,0.31741485,,4064256,9
CA,Colusa,6,2018,general,0,0.470088928937912,CA_2018,original,0,0.34686794877052307,0.34686794877052307,,12370.0,5815.0,0.55631983,0.300141,,4072324,10
CA,Colusa,6,2020,general,0,0.6803846153846154,CA_2020,extension,1,0.30945157526254374,,0.30945157526254374,13000.0,8845.0,,,presidential,4080400,11
CA,Colusa,6,2022,general,0,0.5474615384615384,CA_2022,extension,1,0.28788321167883213,0.28788321167883213,,13000.0,7117.0,,,governor,4088484,12
CA,Colusa,6,2024,general,0,0.676923076923077,CA_2024,extension,1,0.2823529411764706,,0.2823529411764706,13000.0,8800.0,,,presidential,4096576,13
CA,Contra Costa,7,1998,general,0,0.5068112015724182,CA_1998,original,0,0.647189736366272,0.647189736366272,,613960.0,306712.0,0.3065612,0.52411187,,3992004,0
CA,Contra Costa,7,2000,general,0,,CA_2000,original,0,,,0.6134297251701355,,,,0.51918876,,4000000,1
CA,Contra Costa,7,2002,general,0,0.44013071060180664,CA_2002,original,0,0.5987165570259094,0.5987165570259094,,,274087.0,0.31883672,0.5630152,,4008004,2
CA,Contra Costa,7,2004,general,0,0.6624255776405334,CA_2004,original,0,,,0.630737841129303,,418335.0,0.35880575,0.5148154,,4016016,3
CA,Contra Costa,7,2006,general,0,0.4813462495803833,CA_2006,original,0,0.44778385758399963,0.44778385758399963,,,308206.0,0.48506844,0.52265376,,4024036,4
CA,Contra Costa,7,2008,general,0,0.7038823962211609,CA_2008,original,0,,,0.6923090815544128,,456876.0,0.4758337,0.51939803,,4032064,5
CA,Contra Costa,7,2010,general,0,0.5351688861846924,CA_2010,original,0,0.6307303309440613,0.6307303309440613,,659020.0,352687.0,0.5316499,0.5169025,,4040100,6
CA,Contra Costa,7,2012,general,0,0.6474348902702332,CA_2012,original,0,,,0.6805431842803955,682915.0,442143.0,0.5562748,0.52084464,,4048144,7
CA,Contra Costa,7,2014,general,0,0.36510711908340454,CA_2014,original,0,0.6864557266235352,0.6864557266235352,,709400.0,259007.0,0.6394306,0.52451116,,4056196,8
CA,Contra Costa,7,2016,general,0,0.6587091684341431,CA_2016,original,0,,,0.7335833311080933,730755.0,481355.0,0.6426006,0.51758015,,4064256,9
CA,Contra Costa,7,2018,general,0,0.5624243021011353,CA_2018,original,0,0.6819776296615601,0.6819776296615601,,752720.0,423348.0,0.68600065,0.5212793,,4072324,10
CA,Contra Costa,7,2020,general,0,0.6787411042944785,CA_2020,extension,1,0.7279510116544854,,0.7279510116544854,815000.0,553174.0,,,presidential,4080400,11
CA,Contra Costa,7,2022,general,0,0.507038036809816,CA_2022,extension,1,0.7446409129193287,0.7446409129193287,,815000.0,413236.0,,,governor,4088484,12
CA,Contra Costa,7,2024,general,0,0.6687116564417178,CA_2024,extension,1,0.7019230769230769,,0.7019230769230769,815000.0,545000.0,,,presidential,4096576,13
CA,Del Norte,8,1998,general,0,0.38972628116607666,CA_1998,original,0,0.5530620813369751,0.5530620813369751,,19745.0,7570.0,0.34108323,0.36403033,,3992004,0
CA,Del Norte,8,2000,general,0,,CA_2000,original,0,,,0.40782415866851807,,,,0.35027948,,4000000,1
CA,Del Norte,8,2002,general,0,0.34700295329093933,CA_2002,original,0,0.4857855439186096,0.4857855439186096,,,6963.0,0.35013643,0.35937035,,4008004,2
CA,Del Norte,8,2004,general,0,0.4655366837978363,CA_2004,original,0,,,0.42084774374961853,,9491.0,0.35075334,0.3460026,,4016016,3
CA,Del Norte,8,2006,general,0,0.3297223150730133,CA_2006,original,0,0.4102106988430023,0.4102106988430023,,,6828.0,0.50219685,0.36254612,,4024036,4
CA,Del Norte,8,2008,general,0,0.4604971706867218,CA_2008,original,0,,,0.4653390645980835,,9684.0,0.48440728,0.34746796,,4032064,5
CA,Del Norte,8,2010,general,0,0.39752262830734253,CA_2010,original,0,0.5482186079025269,0.5482186079025269,,20990.0,8344.0,0.5487776,0.34528175,,4040100,6
CA,Del Norte,8,2012,general,0,0.416170597076416,CA_2012,original,0,,,0.451041042804718,21335.0,8879.0,0.5922964,0.34197566,,4048144,7
CA,Del Norte,8,2014,general,0,0.3472413122653961,CA_2014,original,0,0.49637115001678467,0.49637115001678467,,21115.0,7332.0,0.5935625,0.33416048,,4056196,8
CA,Del Norte,8,2016,general,0,0.4647519588470459,CA_2016,original,0,,,0.4043392539024353,21065.0,9790.0,0.62686414,0.32871807,,4064256,9
CA,Del Norte,8,2018,general,0,0.40946143865585327,CA_2018,original,0,0.41318443417549133,0.41318443417549133,,20610.0,8439.0,0.6565944,0.33230928,,4072324,10
CA,Del Norte,8,2020,general,0,0.6869473684210526,CA_2020,extension,1,0.39570133932151735,,0.39570133932151735,19000.0,13052.0,,,presidential,4080400,11
CA,Del Norte,8,2022,general,0,0.5218947368421053,CA_2022,extension,1,0.3744671781756181,0.3744671781756181,,19000.0,9916.0,,,governor,4088484,12
CA,Del Norte,8,2024,general,0,0.6789473684210526,CA_2024,extension,1,0.36585365853658536,,0.36585365853658536,19000.0,12900.0,,,presidential,4096576,13
CA,El Dorado,9,1998,general,0,0.5527136325836182,CA_1998,original,0,0.4543895125389099,0.4543895125389099,,109920.0,58603.0,0.3030391,0.31761175,,3992004,0
CA,El Dorado,9,2000,general,0,,CA_2000,original,0,,,0.38409140706062317,,,,0.30821002,,4000000,1
CA,El Dorado,9,2002,general,0,0.5013521313667297,CA_2002,original,0,0.3326977789402008,0.3326977789402008,,,57060.0,0.31142658,0.30491242,,4008004,2
CA,El Dorado,9,2004,general,0,0.7418071627616882,CA_2004,original,0,,,0.37878289818763733,,87314.0,0.39432395,0.3004547,,4016016,3
CA,El Dorado,9,2006,general,0,0.566133975982666,CA_2006,original,0,0.2260286808013916,0.2260286808013916,,,68840.0,0.51024115,0.30869105,,4024036,4
CA,El Dorado,9,2008,general,0,0.7481937408447266,CA_2008,original,0,,,0.44614335894584656,,93890.0,0.5472255,0.30217606,,4032064,5
CA,El Dorado,9,2010,general,0,0.5981358289718628,CA_2010,original,0,0.407219797372818,0.407219797372818,,131425.0,78610.0,0.70527923,0.29830942,,4040100,6
CA,El Dorado,9,2012,general,0,0.6723772883415222,CA_2012,original,0,,,0.4082471430301666,133260.0,89601.0,0.7142108,0.2988616,,4048144,7
CA,El Dorado,9,2014,general,0,0.4671934247016907,CA_2014,original,0,0.45496177673339844,0.45496177673339844,,134790.0,62973.0,0.7733632,0.30320078,,4056196,8
CA,El Dorado,9,2016,general,0,0.7085146903991699,CA_2016,original,0,,,0.42502713203430176,136940.0,97024.0,0.7616157,0.3000459,,4064256,9
CA,El Dorado,9,2018,general,0,0.6431102752685547,CA_2018,original,0,0.4058387577533722,0.4058387577533722,,141080.0,90730.0,0.79038906,0.30662578,,4072324,10
CA,El Dorado,9,2020,general,1,0.8155562913907285,CA_2020,extension,1,0.42010576655449,,0.42010576655449,151000.0,123149.0,,,presidential,4080400,11
CA,El Dorado,9,2022,general,1,0.6545099337748345,CA_2022,extension,1,0.3936373276776246,0.3936373276776246,,151000.0,98831.0,,,governor,4088484,12
CA,El Dorado,9,2024,general,1,0.8079470198675497,CA_2024,extension,1,0.3898305084745763,,0.3898305084745763,151000.0,122000.0,,,presidential,4096576,13
CA,Fresno,10,1998,general,0,0.41109761595726013,CA_1998,original,0,0.4908267855644226,0.4908267855644226,,446270.0,178119.0,0.27606264,0.39121944,,3992004,0
CA,Fresno,10,2000,general,0,,CA_2000,original,0,,,0.44754496216773987,,,,0.3839206,,4000000,1
CA,Fresno,10,2002,general,0,0.34779173135757446,CA_2002,original,0,0.4072269797325134,0.4072269797325134,,,159728.0,0.3100646,0.37384072,,4008004,2
CA,Fresno,10,2004,general,0,0.5291720032691956,CA_2004,original,0,,,0.4207928478717804,,249905.0,0.38460216,0.3762526,,4016016,3
CA,Fresno,10,2006,general,0,0.3700731694698334,CA_2006,original,0,0.3150659203529358,0.3150659203529358,,,179578.0,0.46323603,0.37990028,,4024036,4
CA,Fresno,10,2008,general,0,0.5530510544776917,CA_2008,original,0,,,0.5106285810470581,,275554.0,0.45320335,0.39380857,,4032064,5
CA,Fresno,10,2010,general,0,0.3955248296260834,CA_2010,original,0,0.45004016160964966,0.45004016160964966,,516405.0,204251.0,0.52867305,0.3803543,,4040100,6
CA,Fresno,10,2012,general,0,0.49359920620918274,CA_2012,original,0,,,0.5091456174850464,530090.0,261652.0,0.5431222,0.39361316,,4048144,7
CA,Fresno,10,2014,general,0,0.2973029613494873,CA_2014,original,0,0.47623008489608765,0.47623008489608765,,549675.0,163420.0,0.60285765,0.38275295,,4056196,8
CA,Fresno,10,2016,general,0,0.5155609846115112,CA_2016,original,0,,,0.5325784683227539,566160.0,291890.0,0.5485046,0.39636713,,4064256,9
CA,Fresno,10,2018,general,0,0.4422621428966522,CA_2018,original,0,0.4908371567726135,0.4908371567726135,,581040.0,256972.0,0.6358319,0.3953216,,4072324,10
CA,Fresno,10,2020,general,1,0.541966129032258,CA_2020,extension,1,0.49371061411096007,,0.49371061411096007,620000.0,336019.0,,,presidential,4080400,11
CA,Fresno,10,2022,general,1,0.4292951612903226,CA_2022,extension,1,0.4797145688800793,0.4797145688800793,,620000.0,266163.0,,,governor,4088484,12
CA,Fresno,10,2024,general,1,0.5403225806451613,CA_2024,extension,1,0.46875,,0.46875,620000.0,335000.0,,,presidential,4096576,13
CA,Glenn,11,1998,general,0,0.5102277994155884,CA_1998,original,0,0.43209877610206604,0.43209877610206604,,15375.0,7652.0,0.24124412,0.2979351,,3992004,0
CA,Glenn,11,2000,general,0,,CA_2000,original,0,,,0.3012178838253021,,,,0.28719053,,4000000,1
CA,Glenn,11,2002,general,0,0.4232269525527954,CA_2002,original,0,0.2830505669116974,0.2830505669116974,,,6667.0,0.28348583,0.27248678,,4008004,2
CA,Glenn,11,2004,general,0,0.590370237827301,CA_2004,original,0,,,0.3219391703605652,,9523.0,0.43610206,0.2729107,,4016016,3
CA,Glenn,11,2006,general,0,0.4643109440803528,CA_2006,original,0,0.19747081398963928,0.19747081398963928,,,7665.0,0.43313763,0.27119967,,4024036,4
CA,Glenn,11,2008,general,0,0.5953413248062134,CA_2008,original,0,,,0.3871837556362152,,10053.0,0.3678504,0.28402367,,4032064,5
CA,Glenn,11,2010,general,0,0.4732148051261902,CA_2010,original,0,0.3320915997028351,0.3320915997028351,,17155.0,8118.0,0.40712,0.27117842,,4040100,6
CA,Glenn,11,2012,general,0,0.5358209013938904,CA_2012,original,0,,,0.36952871084213257,17420.0,9334.0,0.74105424,0.27765444,,4048144,7
CA,Glenn,11,2014,general,0,0.3569115102291107,CA_2014,original,0,0.343965083360672,0.343965083360672,,17290.0,6171.0,0.7899854,0.25450492,,4056196,8
CA,Glenn,11,2016,general,0,0.5784907937049866,CA_2016,original,0,,,0.3462103307247162,16830.0,9736.0,0.7830731,0.27968103,,4064256,9
CA,Glenn,11,2018,general,0,0.49964475631713867,CA_2018,original,0,0.2909265458583832,0.2909265458583832,,16890.0,8439.0,0.8277047,0.26871356,,4072324,10
CA,Glenn,11,2020,general,0,0.7075555555555556,CA_2020,extension,1,0.2850433233460199,,0.2850433233460199,18000.0,12736.0,,,presidential,4080400,11
CA,Glenn,11,2022,general,0,0.5581111111111111,CA_2022,extension,1,0.25840616966580976,0.25840616966580976,,18000.0,10046.0,,,governor,4088484,12
CA,Glenn,11,2024,general,0,0.7055555555555556,CA_2024,extension,1,0.2601626016260163,,0.2601626016260163,18000.0,12700.0,,,presidential,4096576,13
CA,Humboldt,12,1998,general,0,0.505641520023346,CA_1998,original,0,0.5748952627182007,0.5748952627182007,,94715.0,47339.0,0.22702211,0.51215374,,3992004,0
CA,Humboldt,12,2000,general,0,,CA_2000,original,0,,,0.5169752240180969,,,,0.47936398,,4000000,1
CA,Humboldt,12,2002,general,0,0.4580603539943695,CA_2002,original,0,0.5474632978439331,0.5474632978439331,,,43886.0,0.25301918,0.4938587,,4008004,2
CA,Humboldt,12,2004,general,0,0.6855919361114502,CA_2004,original,0,,,0.596339225769043,,66435.0,0.29112667,0.4727547,,4016016,3
CA,Humboldt,12,2006,general,0,0.5015357732772827,CA_2006,original,0,0.46295443177223206,0.46295443177223206,,,49148.0,0.39912102,0.4870594,,4024036,4
CA,Humboldt,12,2008,general,0,0.6495012640953064,CA_2008,original,0,,,0.6463968753814697,,64358.0,0.40633643,0.47526518,,4032064,5
CA,Humboldt,12,2010,general,0,0.5044757127761841,CA_2010,original,0,0.6089728474617004,0.6089728474617004,,102665.0,51792.0,0.47864535,0.4752106,,4040100,6
CA,Humboldt,12,2012,general,0,0.559814989566803,CA_2012,original,0,,,0.6466912031173706,103770.0,58092.0,0.51946914,0.47638002,,4048144,7
CA,Humboldt,12,2014,general,0,0.3690163791179657,CA_2014,original,0,0.6461277604103088,0.6461277604103088,,104410.0,38529.0,0.5719588,0.48611692,,4056196,8
CA,Humboldt,12,2016,general,0,0.5804035663604736,CA_2016,original,0,,,0.6437476873397827,105070.0,60983.0,0.5762262,0.4763183,,4064256,9
CA,Humboldt,12,2018,general,0,0.5069734454154968,CA_2018,original,0,0.6449405550956726,0.6449405550956726,,105400.0,53435.0,0.66514456,0.48433796,,4072324,10
CA,Humboldt,12,2020,general,0,0.684495145631068,CA_2020,extension,1,0.622250596622433,,0.622250596622433,103000.0,70503.0,,,presidential,4080400,11
CA,Humboldt,12,2022,general,1,0.532242718446602,CA_2022,extension,1,0.6354461441038529,0.6354461441038529,,103000.0,54821.0,,,governor,4088484,12
CA,Humboldt,12,2024,general,1,0.6699029126213593,CA_2024,extension,1,0.59375,,0.59375,103000.0,69000.0,,,presidential,4096576,13
CA,Imperial,13,1998,general,0,0.3352932929992676,CA_1998,original,0,0.6068454384803772,0.6068454384803772,,74450.0,24387.0,0.14790668,0.4990327,,3992004,0
CA,Imperial,13,2000,general,0,,CA_2000,original,0,,,0.5529218316078186,,,,0.50463337,,4000000,1
CA,Imperial,13,2002,general,0,0.29491904377937317,CA_2002,original,0,0.5698624849319458,0.5698624849319458,,,22463.0,0.1868851,0.50516796,,4008004,2
CA,Imperial,13,2004,general,0,0.44644981622695923,CA_2004,original,0,,,0.5306315422058105,,34771.0,0.24048777,0.50162476,,4016016,3
CA,Imperial,13,2006,general,0,0.28741204738616943,CA_2006,original,0,0.4916858673095703,0.4916858673095703,,,22878.0,0.31235248,0.511188,,4024036,4
CA,Imperial,13,2008,general,0,0.4897274076938629,CA_2008,original,0,,,0.63301020860672,,39823.0,0.32250208,0.50365174,,4032064,5
CA,Imperial,13,2010,general,0,0.311119943857193,CA_2010,original,0,0.6372677683830261,0.6372677683830261,,88040.0,27391.0,0.3658866,0.4967907,,4040100,6
CA,Imperial,13,2012,general,0,0.4277290999889374,CA_2012,original,0,,,0.6629915833473206,92430.0,39535.0,0.49955735,0.5027579,,4048144,7
CA,Imperial,13,2014,general,0,0.22504830360412598,CA_2014,original,0,0.6426149606704712,0.6426149606704712,,95735.0,21545.0,0.62422836,0.49323598,,4056196,8
CA,Imperial,13,2016,general,0,0.4926448464393616,CA_2016,original,0,,,0.7199973464012146,99250.0,48895.0,0.551447,0.5030191,,4064256,9
CA,Imperial,13,2018,general,0,0.33029624819755554,CA_2018,original,0,0.6167336106300354,0.6167336106300354,,102620.0,33895.0,0.6192654,0.4952861,,4072324,10
CA,Imperial,13,2020,general,0,0.4864380952380952,CA_2020,extension,1,0.5363510824093254,,0.5363510824093254,105000.0,51076.0,,,presidential,4080400,11
CA,Imperial,13,2022,general,1,0.37234285714285714,CA_2022,extension,1,0.5705407085146054,0.5705407085146054,,105000.0,39096.0,,,governor,4088484,12
CA,Imperial,13,2024,general,1,0.4857142857142857,CA_2024,extension,1,0.5102040816326531,,0.5102040816326531,105000.0,51000.0,,,presidential,4096576,13
CA,Inyo,14,1998,general,0,0.5342320799827576,CA_1998,original,0,0.4771636426448822,0.4771636426448822,,12850.0,6891.0,0.22623712,0.31610942,,3992004,0
CA,Inyo,14,2000,general,0,,CA_2000,original,0,,,0.3600814640522003,,,,0.3292299,,4000000,1
CA,Inyo,14,2002,general,0,0.5045655965805054,CA_2002,original,0,0.3721175789833069,0.3721175789833069,,,6459.0,0.26505652,0.315007,,4008004,2
CA,Inyo,14,2004,general,0,0.6842728853225708,CA_2004,original,0,,,0.3968724012374878,,8726.0,0.32615173,0.31283772,,4016016,3
CA,Inyo,14,2006,general,0,0.5216740965843201,CA_2006,original,0,0.3115941882133484,0.3115941882133484,,,6627.0,0.4190433,0.31295043,,4024036,4
CA,Inyo,14,2008,general,0,0.6815786957740784,CA_2008,original,0,,,0.45281878113746643,,8625.0,0.43188405,0.31204668,,4032064,5
CA,Inyo,14,2010,general,0,0.5386767387390137,CA_2010,original,0,0.46897411346435547,0.46897411346435547,,13225.0,7124.0,0.47080293,0.3077063,,4040100,6
CA,Inyo,14,2012,general,0,0.5987504720687866,CA_2012,original,0,,,0.44086575508117676,13605.0,8146.0,0.63577217,0.3122749,,4048144,7
CA,Inyo,14,2014,general,0,0.410723477602005,CA_2014,original,0,0.42678210139274597,0.42678210139274597,,13615.0,5592.0,0.704578,0.3111801,,4056196,8
CA,Inyo,14,2016,general,0,0.609127402305603,CA_2016,original,0,,,0.42617857456207275,13695.0,8342.0,0.6062095,0.31407368,,4064256,9
CA,Inyo,14,2018,general,0,0.5411420464515686,CA_2018,original,0,0.44670888781547546,0.44670888781547546,,13660.0,7392.0,0.71699136,0.32286432,,4072324,10
CA,Inyo,14,2020,general,0,0.7642142857142857,CA_2020,extension,1,0.4407933112969084,,0.4407933112969084,14000.0,10699.0,,,presidential,4080400,11
CA,Inyo,14,2022,general,0,0.5919285714285715,CA_2022,extension,1,0.41309823677581864,0.41309823677581864,,14000.0,8287.0,,,governor,4088484,12
CA,Inyo,14,2024,general,0,0.7571428571428571,CA_2024,extension,1,0.4117647058823529,,0.4117647058823529,14000.0,10600.0,,,presidential,4096576,13
CA,Kern,15,1998,general,0,0.3830912411212921,CA_1998,original,0,0.4305362403392792,0.4305362403392792,,385495.0,142972.0,0.20407492,0.31268603,,3992004,0
CA,Kern,15,2000,general,0,,CA_2000,original,0,,,0.37360328435897827,,,,0.31356212,,4000000,1
CA,Kern,15,2002,general,0,0.35201025009155273,CA_2002,original,0,0.3587774336338043,0.3587774336338043,,,140024.0,0.19590212,0.30838278,,4008004,2
CA,Kern,15,2004,general,0,0.5236802101135254,CA_2004,original,0,,,0.3282126188278198,,214747.0,0.25456467,0.3073828,,4016016,3
CA,Kern,15,2006,general,0,0.36149823665618896,CA_2006,original,0,0.24701422452926636,0.24701422452926636,,,152683.0,0.35501006,0.3111191,,4024036,4
CA,Kern,15,2008,general,0,0.5426290035247803,CA_2008,original,0,,,0.4094501733779907,,235854.0,0.41197944,0.32639185,,4032064,5
CA,Kern,15,2010,general,0,0.3809960186481476,CA_2010,original,0,0.39692097902297974,0.39692097902297974,,461535.0,175843.0,0.47921157,0.30500907,,4040100,6
CA,Kern,15,2012,general,0,0.4686640799045563,CA_2012,original,0,,,0.41411206126213074,477950.0,223998.0,0.5639693,0.3255557,,4048144,7
CA,Kern,15,2014,general,0,0.2762496769428253,CA_2014,original,0,0.40900319814682007,0.40900319814682007,,492330.0,136006.0,0.646817,0.31724235,,4056196,8
CA,Kern,15,2016,general,0,0.497914582490921,CA_2016,original,0,,,0.43232882022857666,504215.0,251056.0,0.53588843,0.3272736,,4064256,9
CA,Kern,15,2018,general,0,0.39914670586586,CA_2018,original,0,0.41060197353363037,0.41060197353363037,,515640.0,205816.0,0.65303475,0.32281864,,4072324,10
CA,Kern,15,2020,general,0,0.5330425925925926,CA_2020,extension,1,0.3554198725073319,,0.3554198725073319,540000.0,287843.0,,,presidential,4080400,11
CA,Kern,15,2022,general,0,0.4237888888888889,CA_2022,extension,1,0.32692473802650424,0.32692473802650424,,540000.0,228846.0,,,governor,4088484,12
CA,Kern,15,2024,general,0,0.5314814814814814,CA_2024,extension,1,0.33212996389891697,,0.33212996389891697,540000.0,287000.0,,,presidential,4096576,13
CA,Kings,16,1998,general,0,0.29460448026657104,CA_1998,original,0,0.5150856375694275,0.5150856375694275,,79865.0,23051.0,0.14867035,0.34197265,,3992004,0
CA,Kings,16,2000,general,0,,CA_2000,original,0,,,0.40269166231155396,,,,0.3421606,,4000000,1
CA,Kings,16,2002,general,0,0.26760390400886536,CA_2002,original,0,0.38903340697288513,0.38903340697288513,,,21806.0,0.22970742,0.3380723,,4008004,2
CA,Kings,16,2004,general,0,0.396872878074646,CA_2004,original,0,,,0.3402751684188843,,32983.0,0.34672406,0.33303338,,4016016,3
CA,Kings,16,2006,general,0,0.27602335810661316,CA_2006,original,0,0.2880101799964905,0.2880101799964905,,,23387.0,0.3443366,0.33288035,,4024036,4
CA,Kings,16,2008,general,0,0.4143049120903015,CA_2008,original,0,,,0.42798271775245667,,35775.0,0.642348,0.3438085,,4032064,5
CA,Kings,16,2010,general,0,0.30157092213630676,CA_2010,original,0,0.43338099122047424,0.43338099122047424,,89120.0,26876.0,0.6960485,0.32137007,,4040100,6
CA,Kings,16,2012,general,0,0.3544946610927582,CA_2012,original,0,,,0.42345839738845825,90385.0,32041.0,0.758216,0.33856037,,4048144,7
CA,Kings,16,2014,general,0,0.24952590465545654,CA_2014,original,0,0.3919917643070221,0.3919917643070221,,91225.0,22763.0,0.7875939,0.3231739,,4056196,8
CA,Kings,16,2016,general,0,0.3813459575176239,CA_2016,original,0,,,0.42942288517951965,91830.0,35019.0,0.77612156,0.3337664,,4064256,9
CA,Kings,16,2018,general,0,0.3289552927017212,CA_2018,original,0,0.4057717025279999,0.4057717025279999,,93040.0,30606.0,0.7978174,0.32863706,,4072324,10
CA,Kings,16,2020,general,0,0.505964705882353,CA_2020,extension,1,0.3739119980764607,,0.3739119980764607,85000.0,43007.0,,,presidential,4080400,11
CA,Kings,16,2022,general,1,0.3966823529411765,CA_2022,extension,1,0.35341440019802595,0.35341440019802595,,85000.0,33718.0,,,governor,4088484,12
CA,Kings,16,2024,general,1,0.5058823529411764,CA_2024,extension,1,0.3493975903614458,,0.3493975903614458,85000.0,43000.0,,,presidential,4096576,13
CA,Lake,17,1998,general,0,0.4631940722465515,CA_1998,original,0,0.6218553185462952,0.6218553185462952,,42605.0,19247.0,0.2920455,0.4608985,,3992004,0
CA,Lake,17,2000,general,0,,CA_2000,original,0,,,0.551967442035675,,,,0.42631835,,4000000,1
CA,Lake,17,2002,general,0,0.37306541204452515,CA_2002,original,0,0.534754753112793,0.534754753112793,,,16287.0,0.29053846,0.42830056,,4008004,2
CA,Lake,17,2004,general,0,0.562207818031311,CA_2004,original,0,,,0.5422546863555908,,25136.0,0.43694302,0.41678804,,4016016,3
CA,Lake,17,2006,general,0,0.43182429671287537,CA_2006,original,0,0.39145928621292114,0.39145928621292114,,,19761.0,0.52203834,0.42666563,,4024036,4
CA,Lake,17,2008,general,0,0.5524642467498779,CA_2008,original,0,,,0.599217414855957,,25863.0,0.5325755,0.41970444,,4032064,5
CA,Lake,17,2010,general,0,0.45590919256210327,CA_2010,original,0,0.5654966831207275,0.5654966831207275,,47130.0,21487.0,0.57537115,0.41926467,,4040100,6
CA,Lake,17,2012,general,0,0.4940035343170166,CA_2012,original,0,,,0.5886061787605286,47945.0,23685.0,0.62056154,0.41762555,,4048144,7
CA,Lake,17,2014,general,0,0.3751765787601471,CA_2014,original,0,0.6127907633781433,0.6127907633781433,,48140.0,18061.0,0.6668512,0.40681362,,4056196,8
CA,Lake,17,2016,general,0,0.5223864912986755,CA_2016,original,0,,,0.5202913880348206,48020.0,25085.0,0.6745864,0.4032112,,4064256,9
CA,Lake,17,2018,general,0,0.44905856251716614,CA_2018,original,0,0.5139250159263611,0.5139250159263611,,47800.0,21465.0,0.7181924,0.40636352,,4072324,10
CA,Lake,17,2020,general,0,0.636795918367347,CA_2020,extension,1,0.4855954554676405,,0.4855954554676405,49000.0,31203.0,,,presidential,4080400,11
CA,Lake,17,2022,general,0,0.48989795918367346,CA_2022,extension,1,0.47476718403547674,0.47476718403547674,,49000.0,24005.0,,,governor,4088484,12
CA,Lake,17,2024,general,0,0.6326530612244898,CA_2024,extension,1,0.46075085324232085,,0.46075085324232085,49000.0,31000.0,,,presidential,4096576,13
CA,Lassen,18,1998,general,0,0.32134658098220825,CA_1998,original,0,0.48262694478034973,0.48262694478034973,,26190.0,8400.0,0.18011905,0.27890012,,3992004,0
CA,Lassen,18,2000,general,0,,CA_2000,original,0,,,0.2963625490665436,,,,0.2528935,,4000000,1
CA,Lassen,18,2002,general,0,0.2999618947505951,CA_2002,original,0,0.34994956851005554,0.34994956851005554,,,7871.0,0.25473255,0.26432136,,4008004,2
CA,Lassen,18,2004,general,0,0.43895018100738525,CA_2004,original,0,,,0.2798652946949005,,11540.0,0.3545927,0.2342476,,4016016,3
CA,Lassen,18,2006,general,0,0.33306756615638733,CA_2006,original,0,0.29346469044685364,0.29346469044685364,,,8773.0,0.45993388,0.24490161,,4024036,4
CA,Lassen,18,2008,general,0,0.43615004420280457,CA_2008,original,0,,,0.323967844247818,,11510.0,0.4420504,0.22654666,,4032064,5
CA,Lassen,18,2010,general,0,0.3503614366054535,CA_2010,original,0,0.45678433775901794,0.45678433775901794,,26975.0,9451.0,0.36874405,0.22231627,,4040100,6
CA,Lassen,18,2012,general,0,0.3951745629310608,CA_2012,original,0,,,0.29500433802604675,27355.0,10810.0,0.7495837,0.21481222,,4048144,7
CA,Lassen,18,2014,general,0,0.26053813099861145,CA_2014,original,0,0.3243916630744934,0.3243916630744934,,26760.0,6972.0,0.7657774,0.219329,,4056196,8
CA,Lassen,18,2016,general,0,0.42774587869644165,CA_2016,original,0,,,0.22698509693145752,25265.0,10807.0,0.42731562,0.20189242,,4064256,9
CA,Lassen,18,2018,general,0,0.36317360401153564,CA_2018,original,0,0.2265971601009369,0.2265971601009369,,25145.0,9132.0,0.4479851,0.20002258,,4072324,10
CA,Lassen,18,2020,general,0,0.6292727272727273,CA_2020,extension,1,0.23381080274544913,,0.23381080274544913,22000.0,13844.0,,,presidential,4080400,11
CA,Lassen,18,2022,general,0,0.4994090909090909,CA_2022,extension,1,0.20176019683921642,0.20176019683921642,,22000.0,10987.0,,,governor,4088484,12
CA,Lassen,18,2024,general,0,0.6272727272727273,CA_2024,extension,1,0.21641791044776118,,0.21641791044776118,22000.0,13800.0,,,presidential,4096576,13
CA,Los Angeles,19,1998,general,0,0.4207468032836914,CA_1998,original,0,0.6782702803611755,0.6782702803611755,,4992965.0,2058862.0,0.19805893,0.53126293,,3992004,0
CA,Los Angeles,19,2000,general,0,,CA_2000,original,0,,,0.6623613238334656,,,,0.54292566,,4000000,1
CA,Los Angeles,19,2002,general,0,0.35037654638290405,CA_2002,original,0,0.6157734990119934,0.6157734990119934,,,1784320.0,0.20157932,0.5500561,,4008004,2
CA,Los Angeles,19,2004,general,0,0.5942735075950623,CA_2004,original,0,,,0.6393300890922546,,3085582.0,0.22741026,0.5308093,,4016016,3
CA,Los Angeles,19,2006,general,0,0.38420140743255615,CA_2006,original,0,0.5157940983772278,0.5157940983772278,,,2033119.0,0.26136345,0.54155564,,4024036,4
CA,Los Angeles,19,2008,general,0,0.624707043170929,CA_2008,original,0,,,0.7059215307235718,,3368057.0,0.24056065,0.536841,,4032064,5
CA,Los Angeles,19,2010,general,0,0.42974239587783813,CA_2010,original,0,0.6600602269172668,0.6600602269172668,,5531465.0,2377105.0,0.28549474,0.5392871,,4040100,6
CA,Los Angeles,19,2012,general,0,0.5664738416671753,CA_2012,original,0,,,0.7146145701408386,5713775.0,3236704.0,0.3014882,0.53988034,,4048144,7
CA,Los Angeles,19,2014,general,0,0.2560562789440155,CA_2014,original,0,0.668436586856842,0.668436586856842,,5931645.0,1518835.0,0.37991157,0.5390722,,4056196,8
CA,Los Angeles,19,2016,general,0,0.5787736773490906,CA_2016,original,0,,,0.7619920969009399,6123490.0,3544115.0,0.3621914,0.5407505,,4064256,9
CA,Los Angeles,19,2018,general,0,0.4820210933685303,CA_2018,original,0,0.7190161347389221,0.7190161347389221,,6272375.0,3023417.0,0.44661817,0.54365706,,4072324,10
CA,Los Angeles,19,2020,general,1,0.6263979710144928,CA_2020,extension,1,0.7255831056567208,,0.7255831056567208,6900000.0,4322146.0,,,presidential,4080400,11
CA,Los Angeles,19,2022,general,1,0.4286598550724638,CA_2022,extension,1,0.75240122775602,0.75240122775602,,6900000.0,2957753.0,,,governor,4088484,12
CA,Los Angeles,19,2024,general,1,0.6086956521739131,CA_2024,extension,1,0.7037037037037037,,0.7037037037037037,6900000.0,4200000.0,,,presidential,4096576,13
CA,Madera,20,1998,general,0,0.39344286918640137,CA_1998,original,0,0.42237594723701477,0.42237594723701477,,71505.0,27181.0,0.29303557,0.32171625,,3992004,0
CA,Madera,20,2000,general,0,,CA_2000,original,0,,,0.36482635140419006,,,,0.31585532,,4000000,1
CA,Madera,20,2002,general,0,0.36353060603141785,CA_2002,original,0,0.3393351137638092,0.3393351137638092,,,26874.0,0.35778075,0.30962315,,4008004,2
CA,Madera,20,2004,general,0,0.5136027336120605,CA_2004,original,0,,,0.3515070974826813,,39211.0,0.4569126,0.31128514,,4016016,3
CA,Madera,20,2006,general,0,0.39097315073013306,CA_2006,original,0,0.2586797773838043,0.2586797773838043,,,30795.0,0.5421984,0.30876374,,4024036,4
CA,Madera,20,2008,general,0,0.530048668384552,CA_2008,original,0,,,0.43221378326416016,,43032.0,0.54003996,0.3232445,,4032064,5
CA,Madera,20,2010,general,0,0.4134846031665802,CA_2010,original,0,0.3937765061855316,0.3937765061855316,,84615.0,34987.0,0.59239143,0.30978602,,4040100,6
CA,Madera,20,2012,general,0,0.4699609577655792,CA_2012,original,0,,,0.41209158301353455,85805.0,40325.0,0.6117049,0.31913623,,4048144,7
CA,Madera,20,2014,general,0,0.3137502074241638,CA_2014,original,0,0.3721780776977539,0.3721780776977539,,87235.0,27370.0,0.6722689,0.29953858,,4056196,8
CA,Madera,20,2016,general,0,0.49964380264282227,CA_2016,original,0,,,0.4216560125350952,88435.0,44186.0,0.6557507,0.31960905,,4064256,9
CA,Madera,20,2018,general,1,0.4268360733985901,CA_2018,original,0,0.39031797647476196,0.39031797647476196,,91295.0,38968.0,0.8862143,0.31677067,,4072324,10
CA,Madera,20,2020,general,1,0.6197319587628866,CA_2020,extension,1,0.3636285468615649,,0.3636285468615649,97000.0,60114.0,,,presidential,4080400,11
CA,Madera,20,2022,general,1,0.4904020618556701,CA_2022,extension,1,0.3423548004741209,0.3423548004741209,,97000.0,47569.0,,,governor,4088484,12
CA,Madera,20,2024,general,1,0.6185567010309279,CA_2024,extension,1,0.33620689655172414,,0.33620689655172414,97000.0,60000.0,,,presidential,4096576,13
CA,Marin,21,1998,general,0,0.5863632559776306,CA_1998,original,0,0.7190564274787903,0.7190564274787903,,175745.0,103369.0,0.23152009,0.6058642,,3992004,0
CA,Marin,21,2000,general,0,,CA_2000,original,0,,,0.6941240429878235,,,,0.5939856,,4000000,1
CA,Marin,21,2002,general,0,0.5241274237632751,CA_2002,original,0,0.6687918901443481,0.6687918901443481,,,91828.0,0.38071176,0.6042978,,4008004,2
CA,Marin,21,2004,general,0,0.7822415232658386,CA_2004,original,0,,,0.742386519908905,,136625.0,0.48701188,0.58206934,,4016016,3
CA,Marin,21,2006,general,0,0.6239554286003113,CA_2006,original,0,0.5101233720779419,0.5101233720779419,,,108640.0,0.57745767,0.59584683,,4024036,4
CA,Marin,21,2008,general,0,0.8141939043998718,CA_2008,original,0,,,0.7938767075538635,,141321.0,0.5869616,0.5797999,,4032064,5
CA,Marin,21,2010,general,0,0.6671761274337769,CA_2010,original,0,0.7218323945999146,0.7218323945999146,,173395.0,115685.0,0.6036392,0.58732086,,4040100,6
CA,Marin,21,2012,general,0,0.7680939435958862,CA_2012,original,0,,,0.7638710737228394,176330.0,135438.0,0.6505486,0.58203036,,4048144,7
CA,Marin,21,2014,general,0,0.4997822940349579,CA_2014,original,0,0.7935447692871094,0.7935447692871094,,179150.0,89536.0,0.7100608,0.5924954,,4056196,8
CA,Marin,21,2016,general,0,0.7827140688896179,CA_2016,original,0,,,0.8331443071365356,182750.0,143041.0,0.7021903,0.58012205,,4064256,9
CA,Marin,21,2018,general,0,0.7176244258880615,CA_2018,original,0,0.7948949933052063,0.7948949933052063,,184545.0,132434.0,0.73583823,0.5854886,,4072324,10
CA,Marin,21,2020,general,0,0.7408634146341463,CA_2020,extension,1,0.8123979755619455,,0.8123979755619455,205000.0,151877.0,,,presidential,4080400,11
CA,Marin,21,2022,general,1,0.5763512195121951,CA_2022,extension,1,0.8281773170905464,0.8281773170905464,,205000.0,118152.0,,,governor,4088484,12
CA,Marin,21,2024,general,1,0.7219512195121951,CA_2024,extension,1,0.7943262411347518,,0.7943262411347518,205000.0,148000.0,,,presidential,4096576,13
CA,Mariposa,22,1998,general,0,0.5585224032402039,CA_1998,original,0,0.4380466341972351,0.4380466341972351,,13190.0,7249.0,0.26720926,0.31137234,,3992004,0
CA,Mariposa,22,2000,general,0,,CA_2000,original,0,,,0.37332627177238464,,,,0.31084338,,4000000,1
CA,Mariposa,22,2002,general,0,0.4986153542995453,CA_2002,original,0,0.36366745829582214,0.36366745829582214,,,6682.0,0.298264,0.30510375,,4008004,2
CA,Mariposa,22,2004,general,0,0.6853399276733398,CA_2004,original,0,,,0.3840066194534302,,9329.0,0.36434773,0.30061018,,4016016,3
CA,Mariposa,22,2006,general,0,0.5612249970436096,CA_2006,original,0,0.2812013030052185,0.2812013030052185,,,7758.0,0.55323535,0.30767718,,4024036,4
CA,Mariposa,22,2008,general,0,0.6951468586921692,CA_2008,original,0,,,0.4362630248069763,,9756.0,0.5524805,0.30085748,,4032064,5
CA,Mariposa,22,2010,general,0,0.5772649049758911,CA_2010,original,0,0.4054018557071686,0.4054018557071686,,14515.0,8379.0,0.60460675,0.29415554,,4040100,6
CA,Mariposa,22,2012,general,0,0.6179226040840149,CA_2012,original,0,,,0.40495485067367554,14730.0,9102.0,0.5807515,0.2990099,,4048144,7
CA,Mariposa,22,2014,general,0,0.46710848808288574,CA_2014,original,0,0.3822854459285736,0.3822854459285736,,14335.0,6696.0,0.70206094,0.29664212,,4056196,8
CA,Mariposa,22,2016,general,0,0.6573968529701233,CA_2016,original,0,,,0.3758276104927063,14060.0,9243.0,0.70691335,0.29305398,,4064256,9
CA,Mariposa,22,2018,general,0,0.595214307308197,CA_2018,original,0,0.38694384694099426,0.38694384694099426,,14000.0,8333.0,0.7397096,0.30323073,,4072324,10
CA,Mariposa,22,2020,general,1,0.8085714285714286,CA_2020,extension,1,0.3885135135135135,,0.3885135135135135,14000.0,11320.0,,,presidential,4080400,11
CA,Mariposa,22,2022,general,1,0.6405714285714286,CA_2022,extension,1,0.3614373764391208,0.3614373764391208,,14000.0,8968.0,,,governor,4088484,12
CA,Mariposa,22,2024,general,1,0.8,CA_2024,extension,1,0.3611111111111111,,0.3611111111111111,14000.0,11200.0,,,presidential,4096576,13
CA,Mendocino,23,1998,general,0,0.5032239556312561,CA_1998,original,0,0.6551435589790344,0.6551435589790344,,59080.0,29518.0,0.24154752,0.5318814,,3992004,0
CA,Mendocino,23,2000,general,0,,CA_2000,original,0,,,0.5754514336585999,,,,0.5210211,,4000000,1
CA,Mendocino,23,2002,general,0,0.43346279859542847,CA_2002,original,0,0.5652559399604797,0.5652559399604797,,,25792.0,0.23608096,0.53610206,,4008004,2
CA,Mendocino,23,2004,general,0,0.6491841673851013,CA_2004,original,0,,,0.6530530452728271,,38902.0,0.30818468,0.5188994,,4016016,3
CA,Mendocino,23,2006,general,0,0.5223320722579956,CA_2006,original,0,0.49618595838546753,0.49618595838546753,,,31521.0,0.20392755,0.5259878,,4024036,4
CA,Mendocino,23,2008,general,0,0.6677758693695068,CA_2008,original,0,,,0.7219945788383484,,40580.0,0.22195663,0.5152189,,4032064,5
CA,Mendocino,23,2010,general,0,0.5245319604873657,CA_2010,original,0,0.6794345378875732,0.6794345378875732,,61960.0,32500.0,0.7939692,0.52004504,,4040100,6
CA,Mendocino,23,2012,general,0,0.5840550661087036,CA_2012,original,0,,,0.7060059309005737,61775.0,36080.0,0.80471176,0.51537675,,4048144,7
CA,Mendocino,23,2014,general,0,0.4071114659309387,CA_2014,original,0,0.717566728591919,0.717566728591919,,61450.0,25017.0,0.82503897,0.52803034,,4056196,8
CA,Mendocino,23,2016,general,0,0.6268004775047302,CA_2016,original,0,,,0.6697303652763367,61790.0,38730.0,0.8441518,0.5079519,,4064256,9
CA,Mendocino,23,2018,general,0,0.5501012206077576,CA_2018,original,0,0.6630945801734924,0.6630945801734924,,61745.0,33966.0,0.86863333,0.5159042,,4072324,10
CA,Mendocino,23,2020,general,0,0.6450298507462686,CA_2020,extension,1,0.6649698758145826,,0.6649698758145826,67000.0,43217.0,,,presidential,4080400,11
CA,Mendocino,23,2022,general,0,0.5042089552238807,CA_2022,extension,1,0.6790920716112532,0.6790920716112532,,67000.0,33782.0,,,governor,4088484,12
CA,Mendocino,23,2024,general,0,0.6343283582089553,CA_2024,extension,1,0.6423173803526449,,0.6423173803526449,67000.0,42500.0,,,presidential,4096576,13
CA,Merced,24,1998,general,0,0.3821471333503723,CA_1998,original,0,0.547308623790741,0.547308623790741,,109900.0,40449.0,0.23748425,0.41459218,,3992004,0
CA,Merced,24,2000,general,0,,CA_2000,original,0,,,0.4654296636581421,,,,0.4144061,,4000000,1
CA,Merced,24,2002,general,0,0.36650967597961426,CA_2002,original,0,0.484971284866333,0.484971284866333,,,41765.0,0.24589968,0.4153696,,4008004,2
CA,Merced,24,2004,general,0,0.49787017703056335,CA_2004,original,0,,,0.42768579721450806,,58752.0,0.35151145,0.4109709,,4016016,3
CA,Merced,24,2006,general,0,0.3517696261405945,CA_2006,original,0,0.3484276533126831,0.3484276533126831,,,42937.0,0.4089946,0.4091724,,4024036,4
CA,Merced,24,2008,general,0,0.5129354596138,CA_2008,original,0,,,0.5424563884735107,,64688.0,0.40294954,0.42684755,,4032064,5
CA,Merced,24,2010,general,0,0.36591342091560364,CA_2010,original,0,0.4873741865158081,0.4873741865158081,,133425.0,48822.0,0.46606037,0.41447708,,4040100,6
CA,Merced,24,2012,general,0,0.4587079584598541,CA_2012,original,0,,,0.5447627902030945,136915.0,62804.0,0.5266703,0.43144512,,4048144,7
CA,Merced,24,2014,general,0,0.2725875675678253,CA_2014,original,0,0.5012832880020142,0.5012832880020142,,141870.0,38672.0,0.584066,0.3986608,,4056196,8
CA,Merced,24,2016,general,0,0.4989592134952545,CA_2016,original,0,,,0.5650495290756226,145565.0,72631.0,0.47808787,0.4390049,,4064256,9
CA,Merced,24,2018,general,0,0.4035140573978424,CA_2018,original,0,0.5199216604232788,0.5199216604232788,,149115.0,60170.0,0.55132127,0.43237993,,4072324,10
CA,Merced,24,2020,general,0,0.5343878787878787,CA_2020,extension,1,0.4899404531200451,,0.4899404531200451,165000.0,88174.0,,,presidential,4080400,11
CA,Merced,24,2022,general,1,0.4230606060606061,CA_2022,extension,1,0.47085492227979275,0.47085492227979275,,165000.0,69805.0,,,governor,4088484,12
CA,Merced,24,2024,general,1,0.5303030303030303,CA_2024,extension,1,0.4642857142857143,,0.4642857142857143,165000.0,87500.0,,,presidential,4096576,13
CA,Modoc,25,1998,general,0,0.53691565990448,CA_1998,original,0,0.4348355531692505,0.4348355531692505,,6710.0,3586.0,0.19102064,0.25662482,,3992004,0
CA,Modoc,25,2000,general,0,,CA_2000,original,0,,,0.24144098162651062,,,,0.25220093,,4000000,1
CA,Modoc,25,2002,general,0,0.5138618350028992,CA_2002,original,0,0.2940215468406677,0.2940215468406677,,,3464.0,0.19168591,0.24707195,,4008004,2
CA,Modoc,25,2004,general,0,0.66551274061203,CA_2004,original,0,,,0.26208940148353577,,4507.0,0.2334147,0.24024251,,4016016,3
CA,Modoc,25,2006,general,0,0.5648701190948486,CA_2006,original,0,0.20354729890823364,0.20354729890823364,,,3843.0,0.29716367,0.23837453,,4024036,4
CA,Modoc,25,2008,general,0,0.6591611504554749,CA_2008,original,0,,,0.3057754933834076,,4505.0,0.31831297,0.23774432,,4032064,5
CA,Modoc,25,2010,general,0,0.5456981658935547,CA_2010,original,0,0.29056602716445923,0.29056602716445923,,7090.0,3869.0,0.35642284,0.22143318,,4040100,6
CA,Modoc,25,2012,general,0,0.5711673498153687,CA_2012,original,0,,,0.28575101494789124,7110.0,4061.0,0.69835013,0.22355348,,4048144,7
CA,Modoc,25,2014,general,0,0.4214337468147278,CA_2014,original,0,0.2719886898994446,0.2719886898994446,,6905.0,2910.0,0.7257732,0.22271806,,4056196,8
CA,Modoc,25,2016,general,0,0.5723122358322144,CA_2016,original,0,,,0.24545200169086456,6790.0,3886.0,0.7159032,0.21952613,,4064256,9
CA,Modoc,25,2018,general,0,0.519227921962738,CA_2018,original,0,0.23781903088092804,0.23781903088092804,,6735.0,3497.0,0.77838147,0.21697006,,4072324,10
CA,Modoc,25,2020,general,0,0.744,CA_2020,extension,1,0.20297324083250742,,0.20297324083250742,7000.0,5208.0,,,presidential,4080400,11
CA,Modoc,25,2022,general,0,0.5964285714285714,CA_2022,extension,1,0.17787742899850523,0.17787742899850523,,7000.0,4175.0,,,governor,4088484,12
CA,Modoc,25,2024,general,0,0.7428571428571429,CA_2024,extension,1,0.18811881188118812,,0.18811881188118812,7000.0,5200.0,,,presidential,4096576,13
CA,Mono,26,1998,general,0,0.3949664533138275,CA_1998,original,0,0.5001524090766907,0.5001524090766907,,8960.0,3531.0,0.2302464,0.39032257,,3992004,0
CA,Mono,26,2000,general,0,,CA_2000,original,0,,,0.43780606985092163,,,,0.36453414,,4000000,1
CA,Mono,26,2002,general,0,0.34565702080726624,CA_2002,original,0,0.4067278206348419,0.4067278206348419,,,3104.0,0.22229381,0.3791209,,4008004,2
CA,Mono,26,2004,general,0,0.6013333201408386,CA_2004,original,0,,,0.5006667971611023,,5412.0,0.28806356,0.35758707,,4016016,3
CA,Mono,26,2006,general,0,0.42838138341903687,CA_2006,original,0,0.33686622977256775,0.33686622977256775,,,3864.0,0.15113872,0.3625365,,4024036,4
CA,Mono,26,2008,general,0,0.6217920184135437,CA_2008,original,0,,,0.5678355097770691,,5621.0,0.33730653,0.36403295,,4032064,5
CA,Mono,26,2010,general,0,0.4868861436843872,CA_2010,original,0,0.4937910735607147,0.4937910735607147,,9265.0,4511.0,0.3662159,0.35781595,,4040100,6
CA,Mono,26,2012,general,0,0.5406832098960876,CA_2012,original,0,,,0.5446392893791199,9660.0,5223.0,0.5986981,0.36333406,,4048144,7
CA,Mono,26,2014,general,0,0.33635395765304565,CA_2014,original,0,0.5309043526649475,0.5309043526649475,,9380.0,3155.0,0.6491284,0.35664138,,4056196,8
CA,Mono,26,2016,general,0,0.5875736474990845,CA_2016,original,0,,,0.5677723288536072,9335.0,5485.0,0.61020964,0.37039226,,4064256,9
CA,Mono,26,2018,general,0,0.508041262626648,CA_2018,original,0,0.5575932264328003,0.5575932264328003,,9700.0,4928.0,0.66254056,0.37717324,,4072324,10
CA,Mono,26,2020,general,0,0.7308,CA_2020,extension,1,0.556777603199543,,0.556777603199543,10000.0,7308.0,,,presidential,4080400,11
CA,Mono,26,2022,general,0,0.5621,CA_2022,extension,1,0.5551621319418562,0.5551621319418562,,10000.0,5621.0,,,governor,4088484,12
CA,Mono,26,2024,general,0,0.71,CA_2024,extension,1,0.5294117647058824,,0.5294117647058824,10000.0,7100.0,,,presidential,4096576,13
CA,Monterey,27,1998,general,0,0.4258533716201782,CA_1998,original,0,0.6223248243331909,0.6223248243331909,,217070.0,92431.0,0.36291936,0.50930977,,3992004,0
CA,Monterey,27,2000,general,0,,CA_2000,original,0,,,0.6070982813835144,,,,0.51388866,,4000000,1
CA,Monterey,27,2002,general,0,0.4119652807712555,CA_2002,original,0,0.5987478494644165,0.5987478494644165,,,89434.0,0.43655658,0.5200054,,4008004,2
CA,Monterey,27,2004,general,0,0.5838040709495544,CA_2004,original,0,,,0.611322820186615,,126751.0,0.50164497,0.51077485,,4016016,3
CA,Monterey,27,2006,general,0,0.41189438104629517,CA_2006,original,0,0.4327715337276459,0.4327715337276459,,,89436.0,0.5801691,0.51374274,,4024036,4
CA,Monterey,27,2008,general,0,0.6050118207931519,CA_2008,original,0,,,0.6951119899749756,,131381.0,0.5880074,0.52133596,,4032064,5
CA,Monterey,27,2010,general,0,0.46448880434036255,CA_2010,original,0,0.6308470368385315,0.6308470368385315,,218410.0,101449.0,0.6517856,0.5196606,,4040100,6
CA,Monterey,27,2012,general,0,0.5597723126411438,CA_2012,original,0,,,0.6892195343971252,223130.0,124902.0,0.70314324,0.52267444,,4048144,7
CA,Monterey,27,2014,general,0,0.3303573429584503,CA_2014,original,0,0.6943279504776001,0.6943279504776001,,227375.0,75115.0,0.76368237,0.5084738,,4056196,8
CA,Monterey,27,2016,general,0,0.5971992015838623,CA_2016,original,0,,,0.7185501456260681,229575.0,137102.0,0.7483188,0.5188396,,4064256,9
CA,Monterey,27,2018,general,0,0.5098541378974915,CA_2018,original,0,0.6598257422447205,0.6598257422447205,,230715.0,117631.0,0.7595532,0.51686996,,4072324,10
CA,Monterey,27,2020,general,0,0.5660357142857143,CA_2020,extension,1,0.7061939583305983,,0.7061939583305983,280000.0,158490.0,,,presidential,4080400,11
CA,Monterey,27,2022,general,0,0.4232821428571429,CA_2022,extension,1,0.7122403369275837,0.7122403369275837,,280000.0,118519.0,,,governor,4088484,12
CA,Monterey,27,2024,general,0,0.5571428571428572,CA_2024,extension,1,0.6868686868686869,,0.6868686868686869,280000.0,156000.0,,,presidential,4096576,13
CA,Napa,28,1998,general,0,0.5426124334335327,CA_1998,original,0,0.6294571161270142,0.6294571161270142,,81325.0,43680.0,0.27241302,0.48483586,,3992004,0
CA,Napa,28,2000,general,0,,CA_2000,original,0,,,0.5765852928161621,,,,0.4816858,,4000000,1
CA,Napa,28,2002,general,0,0.46121418476104736,CA_2002,original,0,0.565050482749939,0.565050482749939,,,37889.0,0.2692866,0.48889476,,4008004,2
CA,Napa,28,2004,general,0,0.6880896091461182,CA_2004,original,0,,,0.604145348072052,,57095.0,0.38201243,0.4767854,,4016016,3
CA,Napa,28,2006,general,0,0.5187486410140991,CA_2006,original,0,0.4158121347427368,0.4158121347427368,,,43472.0,0.44614926,0.48847565,,4024036,4
CA,Napa,28,2008,general,0,0.7133166193962097,CA_2008,original,0,,,0.6659866571426392,,60366.0,0.27503893,0.48329285,,4032064,5
CA,Napa,28,2010,general,0,0.5542857050895691,CA_2010,original,0,0.5996102094650269,0.5996102094650269,,86275.0,47821.0,0.30338135,0.47927058,,4040100,6
CA,Napa,28,2012,general,0,0.6557735204696655,CA_2012,original,0,,,0.6475196480751038,87945.0,57672.0,0.89161116,0.48118556,,4048144,7
CA,Napa,28,2014,general,0,0.42814069986343384,CA_2014,original,0,0.6818625330924988,0.6818625330924988,,90545.0,38766.0,0.93816745,0.48314738,,4056196,8
CA,Napa,28,2016,general,0,0.6803075671195984,CA_2016,original,0,,,0.6924394965171814,92980.0,63255.0,0.9283851,0.48187032,,4064256,9
CA,Napa,28,2018,general,1,0.60208660364151,CA_2018,original,0,0.648002564907074,0.648002564907074,,94890.0,57132.0,0.99926484,0.4818875,,4072324,10
CA,Napa,28,2020,general,1,0.6608598130841121,CA_2020,extension,1,0.6596393529567753,,0.6596393529567753,107000.0,70712.0,,,presidential,4080400,11
CA,Napa,28,2022,general,1,0.5063738317757009,CA_2022,extension,1,0.679188035861097,0.679188035861097,,107000.0,54182.0,,,governor,4088484,12
CA,Napa,28,2024,general,1,0.6448598130841121,CA_2024,extension,1,0.6363636363636364,,0.6363636363636364,107000.0,69000.0,,,presidential,4096576,13
CA,Nevada,29,1998,general,0,0.5801384449005127,CA_1998,original,0,0.47049030661582947,0.47049030661582947,,69110.0,39296.0,0.26575223,0.37467882,,3992004,0
CA,Nevada,29,2000,general,0,,CA_2000,original,0,,,0.4046441316604614,,,,0.3758181,,4000000,1
CA,Nevada,29,2002,general,0,0.5724667310714722,CA_2002,original,0,0.393323689699173,0.393323689699173,,,40350.0,0.3091202,0.37366268,,4008004,2
CA,Nevada,29,2004,general,0,0.7585421800613403,CA_2004,original,0,,,0.4568949341773987,,54508.0,0.49611065,0.37579808,,4016016,3
CA,Nevada,29,2006,general,0,0.6007646322250366,CA_2006,original,0,0.292874276638031,0.292874276638031,,,43996.0,0.5519593,0.3843157,,4024036,4
CA,Nevada,29,2008,general,0,0.7529643774032593,CA_2008,original,0,,,0.5272107720375061,,56177.0,0.69505316,0.3813117,,4032064,5
CA,Nevada,29,2010,general,0,0.6544100046157837,CA_2010,original,0,0.47914981842041016,0.47914981842041016,,75850.0,49637.0,0.73846126,0.37928292,,4040100,6
CA,Nevada,29,2012,general,0,0.6764732599258423,CA_2012,original,0,,,0.4967471659183502,77125.0,52173.0,0.7355337,0.38174793,,4048144,7
CA,Nevada,29,2014,general,0,0.510617196559906,CA_2014,original,0,0.5463211536407471,0.5463211536407471,,77610.0,39629.0,0.76322895,0.387065,,4056196,8
CA,Nevada,29,2016,general,0,0.726110577583313,CA_2016,original,0,,,0.5271965861320496,78225.0,56800.0,0.77917254,0.38496837,,4064256,9
CA,Nevada,29,2018,general,1,0.6967692971229553,CA_2018,original,0,0.5293472409248352,0.5293472409248352,,78930.0,54996.0,0.9443778,0.39026302,,4072324,10
CA,Nevada,29,2020,general,1,0.8265731707317073,CA_2020,extension,1,0.47451631755405865,,0.47451631755405865,82000.0,67779.0,,,presidential,4080400,11
CA,Nevada,29,2022,general,1,0.6643292682926829,CA_2022,extension,1,0.45759075269648586,0.45759075269648586,,82000.0,54475.0,,,governor,4088484,12
CA,Nevada,29,2024,general,1,0.823170731707317,CA_2024,extension,1,0.4496124031007752,,0.4496124031007752,82000.0,67500.0,,,presidential,4096576,13
CA,Orange,30,1998,general,0,0.4509422779083252,CA_1998,original,0,0.46187007427215576,0.46187007427215576,,1631415.0,721094.0,0.25130844,0.30559605,,3992004,0
CA,Orange,30,2000,general,0,,CA_2000,original,0,,,0.4199029505252838,,,,0.30889753,,4000000,1
CA,Orange,30,2002,general,0,0.3980748951435089,CA_2002,original,0,0.37633174657821655,0.37633174657821655,,,662296.0,0.2879015,0.30459112,,4008004,2
CA,Orange,30,2004,general,0,0.6452557444572449,CA_2004,original,0,,,0.39510929584503174,,1094405.0,0.3903016,0.30811632,,4016016,3
CA,Orange,30,2006,general,0,0.4375971555709839,CA_2006,original,0,0.2675919830799103,0.2675919830799103,,,756348.0,0.48221585,0.3138643,,4024036,4
CA,Orange,30,2008,general,0,0.6631611585617065,CA_2008,original,0,,,0.4869283139705658,,1167657.0,0.46544147,0.3256207,,4032064,5
CA,Orange,30,2010,general,0,0.5007930994033813,CA_2010,original,0,0.39667680859565735,0.39667680859565735,,1793565.0,898205.0,0.5189873,0.31533957,,4040100,6
CA,Orange,30,2012,general,0,0.609391987323761,CA_2012,original,0,,,0.46807920932769775,1859565.0,1133204.0,0.5128697,0.3289497,,4048144,7
CA,Orange,30,2014,general,0,0.3310832381248474,CA_2014,original,0,0.4443131983280182,0.4443131983280182,,1934130.0,640358.0,0.60573304,0.31647474,,4056196,8
CA,Orange,30,2016,general,0,0.6236518025398254,CA_2016,original,0,,,0.5460174679756165,1987335.0,1239405.0,0.5830249,0.34525692,,4064256,9
CA,Orange,30,2018,general,0,0.5420293211936951,CA_2018,original,0,0.5014293789863586,0.5014293789863586,,2041825.0,1106729.0,0.6445173,0.34966478,,4072324,10
CA,Orange,30,2020,general,1,0.6830665217391304,CA_2020,extension,1,0.5378411134594648,,0.5378411134594648,2300000.0,1571053.0,,,presidential,4080400,11
CA,Orange,30,2022,general,1,0.48187521739130434,CA_2022,extension,1,0.5478255308140884,0.5478255308140884,,2300000.0,1108313.0,,,governor,4088484,12
CA,Orange,30,2024,general,1,0.6782608695652174,CA_2024,extension,1,0.52,,0.52,2300000.0,1560000.0,,,presidential,4096576,13
CA,Placer,31,1998,general,0,0.5557373762130737,CA_1998,original,0,0.447900652885437,0.447900652885437,,175125.0,89784.0,0.2917112,0.31313938,,3992004,0
CA,Placer,31,2000,general,0,,CA_2000,original,0,,,0.378050297498703,,,,0.30439582,,4000000,1
CA,Placer,31,2002,general,0,0.5262129306793213,CA_2002,original,0,0.32708510756492615,0.32708510756492615,,,99292.0,0.3253535,0.29711872,,4008004,2
CA,Placer,31,2004,general,0,0.763859748840332,CA_2004,original,0,,,0.36671683192253113,,154497.0,0.39419535,0.29669476,,4016016,3
CA,Placer,31,2006,general,0,0.5822402238845825,CA_2006,original,0,0.2251400649547577,0.2251400649547577,,,125662.0,0.5059923,0.30417502,,4024036,4
CA,Placer,31,2008,general,0,0.7638245820999146,CA_2008,original,0,,,0.4424625635147095,,175215.0,0.55577433,0.30025768,,4032064,5
CA,Placer,31,2010,general,0,0.6092192530632019,CA_2010,original,0,0.4013354182243347,0.4013354182243347,,238305.0,145180.0,0.5900675,0.29676,,4040100,6
CA,Placer,31,2012,general,0,0.6907931566238403,CA_2012,original,0,,,0.4007340669631958,250085.0,172757.0,0.66906697,0.2963961,,4048144,7
CA,Placer,31,2014,general,0,0.44176098704338074,CA_2014,original,0,0.45408302545547485,0.45408302545547485,,261560.0,115547.0,0.7269856,0.29958332,,4056196,8
CA,Placer,31,2016,general,0,0.7025273442268372,CA_2016,original,0,,,0.43587493896484375,271235.0,190550.0,0.6935975,0.29776195,,4064256,9
CA,Placer,31,2018,general,0,0.6329575777053833,CA_2018,original,0,0.4119662344455719,0.4119662344455719,,280785.0,177725.0,0.73613167,0.3040568,,4072324,10
CA,Placer,31,2020,general,0,0.8473766666666667,CA_2020,extension,1,0.42390477670284016,,0.42390477670284016,300000.0,254213.0,,,presidential,4080400,11
CA,Placer,31,2022,general,1,0.6834433333333333,CA_2022,extension,1,0.40067045396386713,0.40067045396386713,,300000.0,205033.0,,,governor,4088484,12
CA,Placer,31,2024,general,1,0.8433333333333334,CA_2024,extension,1,0.40329218106995884,,0.40329218106995884,300000.0,253000.0,,,presidential,4096576,13
CA,Plumas,32,1998,general,0,0.5509131550788879,CA_1998,original,0,0.4570179581642151,0.4570179581642151,,15885.0,8698.0,0.32490227,0.34554335,,3992004,0
CA,Plumas,32,2000,general,0,,CA_2000,original,0,,,0.35282114148139954,,,,0.3127355,,4000000,1
CA,Plumas,32,2002,general,0,0.5067055821418762,CA_2002,original,0,0.37608569860458374,0.37608569860458374,,,8098.0,0.37873548,0.31181568,,4008004,2
CA,Plumas,32,2004,general,0,0.7023738026618958,CA_2004,original,0,,,0.3742069900035858,,11293.0,0.46382716,0.3081129,,4016016,3
CA,Plumas,32,2006,general,0,0.5561050772666931,CA_2006,original,0,0.2626286745071411,0.2626286745071411,,,8995.0,0.5626459,0.31654176,,4024036,4
CA,Plumas,32,2008,general,0,0.6864078640937805,CA_2008,original,0,,,0.4386046528816223,,11169.0,0.58742946,0.3050095,,4032064,5
CA,Plumas,32,2010,general,0,0.5868207216262817,CA_2010,original,0,0.39990711212158203,0.39990711212158203,,16010.0,9395.0,0.6900479,0.30077583,,4040100,6
CA,Plumas,32,2012,general,0,0.6403281688690186,CA_2012,original,0,,,0.41305017471313477,15845.0,10146.0,0.7105263,0.30142787,,4048144,7
CA,Plumas,32,2014,general,0,0.4680452346801758,CA_2014,original,0,0.41745248436927795,0.41745248436927795,,15475.0,7243.0,0.7622532,0.3046762,,4056196,8
CA,Plumas,32,2016,general,0,0.663189172744751,CA_2016,original,0,,,0.3895708918571472,15145.0,10044.0,1.0,0.29577157,,4064256,9
CA,Plumas,32,2018,general,0,0.6161417365074158,CA_2018,original,0,0.3715367913246155,0.3715367913246155,,15240.0,9390.0,1.0,0.29891244,,4072324,10
CA,Plumas,32,2020,general,0,0.7996875,CA_2020,extension,1,0.3870627384140898,,0.3870627384140898,16000.0,12795.0,,,presidential,4080400,11
CA,Plumas,32,2022,general,0,0.6203125,CA_2022,extension,1,0.35675163261006954,0.35675163261006954,,16000.0,9925.0,,,governor,4088484,12
CA,Plumas,32,2024,general,0,0.79375,CA_2024,extension,1,0.36065573770491804,,0.36065573770491804,16000.0,12700.0,,,presidential,4096576,13
CA,Riverside,33,1998,general,0,0.40035280585289,CA_1998,original,0,0.5279732942581177,0.5279732942581177,,918775.0,343458.0,0.2477712,0.36585078,,3992004,0
CA,Riverside,33,2000,general,0,,CA_2000,original,0,,,0.46619459986686707,,,,0.3725711,,4000000,1
CA,Riverside,33,2002,general,0,0.31638675928115845,CA_2002,original,0,0.4331727623939514,0.4331727623939514,,,309952.0,0.28938028,0.3664673,,4008004,2
CA,Riverside,33,2004,general,0,0.5405784845352173,CA_2004,original,0,,,0.41504573822021484,,562498.0,0.34299678,0.35935295,,4016016,3
CA,Riverside,33,2006,general,0,0.3549533188343048,CA_2006,original,0,0.31488314270973206,0.31488314270973206,,,390958.0,0.40870118,0.36695355,,4024036,4
CA,Riverside,33,2008,general,0,0.5652523040771484,CA_2008,original,0,,,0.5117910504341125,,657005.0,0.4152769,0.37785244,,4032064,5
CA,Riverside,33,2010,general,0,0.3952890634536743,CA_2010,original,0,0.4575873911380768,0.4575873911380768,,1244760.0,492040.0,0.48118243,0.36690834,,4040100,6
CA,Riverside,33,2012,general,0,0.5069015026092529,CA_2012,original,0,,,0.5084488391876221,1321020.0,669627.0,0.55480886,0.38253444,,4048144,7
CA,Riverside,33,2014,general,0,0.2565416395664215,CA_2014,original,0,0.4708596169948578,0.4708596169948578,,1394565.0,357764.0,0.6510856,0.37038174,,4056196,8
CA,Riverside,33,2016,general,0,0.5292897820472717,CA_2016,original,0,,,0.5286107063293457,1453255.0,769193.0,0.6559537,0.38840726,,4064256,9
CA,Riverside,33,2018,general,0,0.42738839983940125,CA_2018,original,0,0.4981326460838318,0.4981326460838318,,1522140.0,650545.0,0.700857,0.38700098,,4072324,10
CA,Riverside,33,2020,general,0,0.5679642424242424,CA_2020,extension,1,0.4970814257865657,,0.4970814257865657,1650000.0,937141.0,,,presidential,4080400,11
CA,Riverside,33,2022,general,1,0.4367381818181818,CA_2022,extension,1,0.4805257799083206,0.4805257799083206,,1650000.0,720618.0,,,governor,4088484,12
CA,Riverside,33,2024,general,1,0.5666666666666667,CA_2024,extension,1,0.4777777777777778,,0.4777777777777778,1650000.0,935000.0,,,presidential,4096576,13
CA,Sacramento,34,1998,general,0,0.47627338767051697,CA_1998,original,0,0.5913274884223938,0.5913274884223938,,796640.0,369395.0,0.2201248,0.46093246,,3992004,0
CA,Sacramento,34,2000,general,0,,CA_2000,original,0,,,0.5210241675376892,,,,0.45077363,,4000000,1
CA,Sacramento,34,2002,general,0,0.40484878420829773,CA_2002,original,0,0.466896116733551,0.466896116733551,,,331039.0,0.34384468,0.44215888,,4008004,2
CA,Sacramento,34,2004,general,0,0.574691891670227,CA_2004,original,0,,,0.501183807849884,,482012.0,0.33286515,0.44144028,,4016016,3
CA,Sacramento,34,2006,general,0,0.42820653319358826,CA_2006,original,0,0.36104607582092285,0.36104607582092285,,,368162.0,0.47560313,0.44453153,,4024036,4
CA,Sacramento,34,2008,general,0,0.6206246614456177,CA_2008,original,0,,,0.5970808863639832,,546660.0,0.4418688,0.45113572,,4032064,5
CA,Sacramento,34,2010,general,0,0.4720572233200073,CA_2010,original,0,0.5960648655891418,0.5960648655891418,,907820.0,428543.0,0.52752,0.4505958,,4040100,6
CA,Sacramento,34,2012,general,0,0.5562309622764587,CA_2012,original,0,,,0.5974012613296509,938540.0,522045.0,0.5862023,0.4539373,,4048144,7
CA,Sacramento,34,2014,general,0,0.3409025967121124,CA_2014,original,0,0.6232825517654419,0.6232825517654419,,970415.0,330817.0,0.66256875,0.45532852,,4056196,8
CA,Sacramento,34,2016,general,0,0.5758376717567444,CA_2016,original,0,,,0.632057785987854,999780.0,575711.0,0.6471945,0.45204914,,4064256,9
CA,Sacramento,34,2018,general,1,0.5086389780044556,CA_2018,original,0,0.58809494972229,0.58809494972229,,1027550.0,522652.0,0.9420666,0.45232043,,4072324,10
CA,Sacramento,34,2020,general,1,0.6240218181818182,CA_2020,extension,1,0.6131452635666912,,0.6131452635666912,1100000.0,686424.0,,,presidential,4080400,11
CA,Sacramento,34,2022,general,1,0.4684381818181818,CA_2022,extension,1,0.6285205974771539,0.6285205974771539,,1100000.0,515282.0,,,governor,4088484,12
CA,Sacramento,34,2024,general,1,0.6181818181818182,CA_2024,extension,1,0.5923076923076923,,0.5923076923076923,1100000.0,680000.0,,,presidential,4096576,13
CA,San Benito,35,1998,general,0,0.4393724203109741,CA_1998,original,0,0.6025764346122742,0.6025764346122742,,30395.0,13302.0,0.19320403,0.47841275,,3992004,0
CA,San Benito,35,2000,general,0,,CA_2000,original,0,,,0.565527081489563,,,,0.4823093,,4000000,1
CA,San Benito,35,2002,general,0,0.41638538241386414,CA_2002,original,0,0.5395112633705139,0.5395112633705139,,,12706.0,0.2992287,0.47539744,,4008004,2
CA,San Benito,35,2004,general,0,0.6297045946121216,CA_2004,original,0,,,0.5310798287391663,,19291.0,0.31885335,0.4654686,,4016016,3
CA,San Benito,35,2006,general,0,0.4762152433395386,CA_2006,original,0,0.3968254029750824,0.3968254029750824,,,14646.0,0.41055578,0.4707626,,4024036,4
CA,San Benito,35,2008,general,0,0.647190272808075,CA_2008,original,0,,,0.6161203384399414,,19982.0,0.4329897,0.47131374,,4032064,5
CA,San Benito,35,2010,general,0,0.5351148843765259,CA_2010,original,0,0.5428515672683716,0.5428515672683716,,30685.0,16420.0,0.46632156,0.46663284,,4040100,6
CA,San Benito,35,2012,general,0,0.5917307138442993,CA_2012,original,0,,,0.6056179404258728,32530.0,19249.0,0.64699465,0.47564706,,4048144,7
CA,San Benito,35,2014,general,0,0.40734291076660156,CA_2014,original,0,0.6352491974830627,0.6352491974830627,,34455.0,14035.0,0.6757392,0.47788393,,4056196,8
CA,San Benito,35,2016,general,0,0.6303369402885437,CA_2016,original,0,,,0.6149199604988098,35765.0,22544.0,0.7091022,0.47237423,,4064256,9
CA,San Benito,35,2018,general,0,0.5535483956336975,CA_2018,original,0,0.5612026453018188,0.5612026453018188,,37200.0,20592.0,0.8516414,0.4696186,,4072324,10
CA,San Benito,35,2020,general,0,0.6733953488372093,CA_2020,extension,1,0.5384643153676762,,0.5384643153676762,43000.0,28956.0,,,presidential,4080400,11
CA,San Benito,35,2022,general,1,0.5128139534883721,CA_2022,extension,1,0.5401445875424905,0.5401445875424905,,43000.0,22051.0,,,governor,4088484,12
CA,San Benito,35,2024,general,1,0.6627906976744186,CA_2024,extension,1,0.5147058823529411,,0.5147058823529411,43000.0,28500.0,,,presidential,4096576,13
CA,San Bernardino,36,1998,general,0,0.35972270369529724,CA_1998,original,0,0.5479674339294434,0.5479674339294434,,989410.0,342735.0,0.21219893,0.39802057,,3992004,0
CA,San Bernardino,36,2000,general,0,,CA_2000,original,0,,,0.4919726252555847,,,,0.4012772,,4000000,1
CA,San Bernardino,36,2002,general,0,0.28688913583755493,CA_2002,original,0,0.4503297805786133,0.4503297805786133,,,294361.0,0.2297451,0.39177978,,4008004,2
CA,San Bernardino,36,2004,general,0,0.4972217082977295,CA_2004,original,0,,,0.44051674008369446,,528387.0,0.2702205,0.39204594,,4016016,3
CA,San Bernardino,36,2006,general,0,0.32603713870048523,CA_2006,original,0,0.350251704454422,0.350251704454422,,,358417.0,0.38549232,0.3930664,,4024036,4
CA,San Bernardino,36,2008,general,0,0.5425601601600647,CA_2008,original,0,,,0.5322965979576111,,616320.0,0.37186038,0.40788853,,4032064,5
CA,San Bernardino,36,2010,general,0,0.3787015378475189,CA_2010,original,0,0.4941982626914978,0.4941982626914978,,1175860.0,445300.0,0.4400045,0.39327016,,4040100,6
CA,San Bernardino,36,2012,general,0,0.4826270639896393,CA_2012,original,0,,,0.5376682877540588,1221670.0,589611.0,0.48046425,0.40955055,,4048144,7
CA,San Bernardino,36,2014,general,0,0.23105065524578094,CA_2014,original,0,0.4685559868812561,0.4685559868812561,,1269345.0,293283.0,0.60045755,0.38431057,,4056196,8
CA,San Bernardino,36,2016,general,0,0.5130760073661804,CA_2016,original,0,,,0.556850254535675,1311445.0,672871.0,0.5730014,0.41382673,,4064256,9
CA,San Bernardino,36,2018,general,0,0.40512901544570923,CA_2018,original,0,0.5153512358665466,0.5153512358665466,,1347820.0,546041.0,0.61693716,0.41130003,,4072324,10
CA,San Bernardino,36,2020,general,0,0.5310121428571428,CA_2020,extension,1,0.5191477141396241,,0.5191477141396241,1400000.0,743417.0,,,presidential,4080400,11
CA,San Bernardino,36,2022,general,0,0.4025192857142857,CA_2022,extension,1,0.5033056970204776,0.5033056970204776,,1400000.0,563527.0,,,governor,4088484,12
CA,San Bernardino,36,2024,general,0,0.5321428571428571,CA_2024,extension,1,0.4965034965034965,,0.4965034965034965,1400000.0,745000.0,,,presidential,4096576,13
CA,San Diego,37,1998,general,0,0.43825554847717285,CA_1998,original,0,0.5165495872497559,0.5165495872497559,,1788075.0,769911.0,0.30760437,0.3662991,,3992004,0
CA,San Diego,37,2000,general,0,,CA_2000,original,0,,,0.479160338640213,,,,0.36312407,,4000000,1
CA,San Diego,37,2002,general,0,0.376107394695282,CA_2002,original,0,0.43953123688697815,0.43953123688697815,,,684285.0,0.27558985,0.36075246,,4008004,2
CA,San Diego,37,2004,general,0,0.6187039017677307,CA_2004,original,0,,,0.4689987301826477,,1145035.0,0.30169296,0.35789856,,4016016,3
CA,San Diego,37,2006,general,0,0.4195914566516876,CA_2006,original,0,0.3157781660556793,0.3157781660556793,,,789676.0,0.40961608,0.36409533,,4024036,4
CA,San Diego,37,2008,general,0,0.6511950492858887,CA_2008,original,0,,,0.5519822835922241,,1245947.0,0.4600268,0.36950785,,4032064,5
CA,San Diego,37,2010,general,0,0.4709450304508209,CA_2010,original,0,0.46927410364151,0.46927410364151,,1967030.0,926363.0,0.55072904,0.36153945,,4040100,6
CA,San Diego,37,2012,general,0,0.5917328000068665,CA_2012,original,0,,,0.5387696027755737,2033460.0,1203265.0,0.5609795,0.3707896,,4048144,7
CA,San Diego,37,2014,general,0,0.3293055295944214,CA_2014,original,0,0.51067054271698,0.51067054271698,,2102710.0,692434.0,0.6495868,0.36448884,,4056196,8
CA,San Diego,37,2016,general,0,0.6192657947540283,CA_2016,original,0,,,0.6062071919441223,2174370.0,1346513.0,0.63641196,0.38032553,,4064256,9
CA,San Diego,37,2018,general,0,0.524703323841095,CA_2018,original,0,0.5685797929763794,0.5685797929763794,,2237310.0,1173924.0,0.68511164,0.38790974,,4072324,10
CA,San Diego,37,2020,general,0,0.64136875,CA_2020,extension,1,0.6139288638495616,,0.6139288638495616,2400000.0,1539285.0,,,presidential,4080400,11
CA,San Diego,37,2022,general,1,0.48496666666666666,CA_2022,extension,1,0.6233894406084114,0.6233894406084114,,2400000.0,1163920.0,,,governor,4088484,12
CA,San Diego,37,2024,general,1,0.6354166666666666,CA_2024,extension,1,0.5958904109589042,,0.5958904109589042,2400000.0,1525000.0,,,presidential,4096576,13
CA,San Francisco,38,1998,general,0,0.45854610204696655,CA_1998,original,0,0.8407407402992249,0.8407407402992249,,553675.0,250719.0,0.2667528,0.6581776,,3992004,0
CA,San Francisco,38,2000,general,0,,CA_2000,original,0,,,0.8242900967597961,,,,0.63516957,,4000000,1
CA,San Francisco,38,2002,general,0,0.40155157446861267,CA_2002,original,0,0.8116223216056824,0.8116223216056824,,,225102.0,0.29078817,0.63927674,,4008004,2
CA,San Francisco,38,2004,general,0,0.6375873684883118,CA_2004,original,0,,,0.8451984524726868,,361822.0,0.3744051,0.6170902,,4016016,3
CA,San Francisco,38,2006,general,0,0.4417177438735962,CA_2006,original,0,0.6783023476600647,0.6783023476600647,,,253719.0,0.42703936,0.63187253,,4024036,4
CA,San Francisco,38,2008,general,0,0.6676653027534485,CA_2008,original,0,,,0.8603729605674744,,388112.0,0.46013778,0.6131473,,4032064,5
CA,San Francisco,38,2010,general,0,0.4897153377532959,CA_2010,original,0,0.8169293403625488,0.8169293403625488,,581205.0,284625.0,0.50349057,0.6210202,,4040100,6
CA,San Francisco,38,2012,general,0,0.6148939728736877,CA_2012,original,0,,,0.8650340437889099,593395.0,364875.0,0.52948546,0.61410046,,4048144,7
CA,San Francisco,38,2014,general,0,0.37977397441864014,CA_2014,original,0,0.8815253376960754,0.8815253376960754,,608820.0,231214.0,0.58914685,0.6209201,,4056196,8
CA,San Francisco,38,2016,general,0,0.6608551740646362,CA_2016,original,0,,,0.9015393257141113,627260.0,414528.0,0.63467604,0.6054972,,4064256,9
CA,San Francisco,38,2018,general,0,0.5766775608062744,CA_2018,original,0,0.8639010190963745,0.8639010190963745,,646545.0,372848.0,0.65700233,0.611526,,4072324,10
CA,San Francisco,38,2020,general,0,0.6134279411764706,CA_2020,extension,1,0.9114955694133559,,0.9114955694133559,680000.0,417131.0,,,presidential,4080400,11
CA,San Francisco,38,2022,general,0,0.4501514705882353,CA_2022,extension,1,0.9267807993906767,0.9267807993906767,,680000.0,306103.0,,,governor,4088484,12
CA,San Francisco,38,2024,general,0,0.5882352941176471,CA_2024,extension,1,0.9007832898172323,,0.9007832898172323,680000.0,400000.0,,,presidential,4096576,13
CA,San Joaquin,39,1998,general,0,0.4066171646118164,CA_1998,original,0,0.5328163504600525,0.5328163504600525,,331050.0,130005.0,0.23432945,0.4168686,,3992004,0
CA,San Joaquin,39,2000,general,0,,CA_2000,original,0,,,0.4938192069530487,,,,0.4235449,,4000000,1
CA,San Joaquin,39,2002,general,0,0.3709102272987366,CA_2002,original,0,0.4799439311027527,0.4799439311027527,,,126991.0,0.28905985,0.41120344,,4008004,2
CA,San Joaquin,39,2004,general,0,0.5420955419540405,CA_2004,original,0,,,0.46285441517829895,,191741.0,0.3354838,0.41684657,,4016016,3
CA,San Joaquin,39,2006,general,0,0.3867051899433136,CA_2006,original,0,0.37264981865882874,0.37264981865882874,,,141159.0,0.41660115,0.4180269,,4024036,4
CA,San Joaquin,39,2008,general,0,0.5638640522956848,CA_2008,original,0,,,0.5543994903564453,,212214.0,0.47954893,0.43345207,,4032064,5
CA,San Joaquin,39,2010,general,0,0.4123884439468384,CA_2010,original,0,0.5187940001487732,0.5187940001487732,,391655.0,161514.0,0.59767574,0.41994482,,4040100,6
CA,San Joaquin,39,2012,general,0,0.5092021226882935,CA_2012,original,0,,,0.57005774974823,406210.0,206843.0,0.64269036,0.439235,,4048144,7
CA,San Joaquin,39,2014,general,0,0.28304871916770935,CA_2014,original,0,0.5354140996932983,0.5354140996932983,,421030.0,119172.0,0.73034775,0.40979087,,4056196,8
CA,San Joaquin,39,2016,general,0,0.5318962931632996,CA_2016,original,0,,,0.5766162276268005,433295.0,230468.0,0.66297275,0.4349902,,4064256,9
CA,San Joaquin,39,2018,general,0,0.4379642605781555,CA_2018,original,0,0.5218782424926758,0.5218782424926758,,448975.0,196635.0,0.7112518,0.4294189,,4072324,10
CA,San Joaquin,39,2020,general,0,0.5652458333333333,CA_2020,extension,1,0.5285604871136982,,0.5285604871136982,480000.0,271318.0,,,presidential,4080400,11
CA,San Joaquin,39,2022,general,0,0.4359125,CA_2022,extension,1,0.5142525369818751,0.5142525369818751,,480000.0,209238.0,,,governor,4088484,12
CA,San Joaquin,39,2024,general,0,0.5625,CA_2024,extension,1,0.5076923076923077,,0.5076923076923077,480000.0,270000.0,,,presidential,4096576,13
CA,San Luis Obispo,40,1998,general,0,0.4928544759750366,CA_1998,original,0,0.5131474137306213,0.5131474137306213,,182390.0,88049.0,0.42888618,0.3632817,,3992004,0
CA,San Luis Obispo,40,2000,general,0,,CA_2000,original,0,,,0.43917739391326904,,,,0.35550848,,4000000,1
CA,San Luis Obispo,40,2002,general,0,0.4507790207862854,CA_2002,original,0,0.40570929646492004,0.40570929646492004,,,83903.0,0.38483724,0.3605126,,4008004,2
CA,San Luis Obispo,40,2004,general,0,0.6859194040298462,CA_2004,original,0,,,0.46349528431892395,,130234.0,0.42541885,0.3576293,,4016016,3
CA,San Luis Obispo,40,2006,general,0,0.5124255418777466,CA_2006,original,0,0.33078670501708984,0.33078670501708984,,,99209.0,0.531222,0.3647376,,4024036,4
CA,San Luis Obispo,40,2008,general,0,0.6793210506439209,CA_2008,original,0,,,0.5275514125823975,,134061.0,0.5103945,0.35884959,,4032064,5
CA,San Luis Obispo,40,2010,general,0,0.5381131768226624,CA_2010,original,0,0.4779731035232544,0.4779731035232544,,200705.0,108002.0,0.58612806,0.3583207,,4040100,6
CA,San Luis Obispo,40,2012,general,0,0.6200610995292664,CA_2012,original,0,,,0.5053247809410095,204525.0,126818.0,0.6327177,0.35902876,,4048144,7
CA,San Luis Obispo,40,2014,general,0,0.4211524724960327,CA_2014,original,0,0.5432441234588623,0.5432441234588623,,208250.0,87705.0,0.71019894,0.36426252,,4056196,8
CA,San Luis Obispo,40,2016,general,0,0.6551368236541748,CA_2016,original,0,,,0.5443859696388245,213215.0,139685.0,0.7065254,0.36300212,,4064256,9
CA,San Luis Obispo,40,2018,general,0,0.5914475917816162,CA_2018,original,0,0.5157618522644043,0.5157618522644043,,217015.0,128353.0,0.7564763,0.36983305,,4072324,10
CA,San Luis Obispo,40,2020,general,0,0.6916727272727273,CA_2020,extension,1,0.5292054461597945,,0.5292054461597945,220000.0,152168.0,,,presidential,4080400,11
CA,San Luis Obispo,40,2022,general,0,0.5398545454545455,CA_2022,extension,1,0.5193649266297811,0.5193649266297811,,220000.0,118768.0,,,governor,4088484,12
CA,San Luis Obispo,40,2024,general,0,0.6840909090909091,CA_2024,extension,1,0.5104895104895105,,0.5104895104895105,220000.0,150500.0,,,presidential,4096576,13
CA,San Mateo,41,1998,general,0,0.4744713306427002,CA_1998,original,0,0.7058040499687195,0.7058040499687195,,443860.0,210282.0,0.32015103,0.556826,,3992004,0
CA,San Mateo,41,2000,general,0,,CA_2000,original,0,,,0.6749846935272217,,,,0.54404765,,4000000,1
CA,San Mateo,41,2002,general,0,0.4033021330833435,CA_2002,original,0,0.6596364974975586,0.6596364974975586,,,179279.0,0.3172597,0.5527236,,4008004,2
CA,San Mateo,41,2004,general,0,0.6481039524078369,CA_2004,original,0,,,0.7037551999092102,,288533.0,0.43148616,0.53325754,,4016016,3
CA,San Mateo,41,2006,general,0,0.47220298647880554,CA_2006,original,0,0.5015859603881836,0.5015859603881836,,,210538.0,0.49755388,0.5471412,,4024036,4
CA,San Mateo,41,2008,general,0,0.6883058547973633,CA_2008,original,0,,,0.7480319738388062,,307350.0,0.4809468,0.53340095,,4032064,5
CA,San Mateo,41,2010,general,0,0.5053413510322571,CA_2010,original,0,0.6783559918403625,0.6783559918403625,,447735.0,226259.0,0.5208323,0.5393975,,4040100,6
CA,San Mateo,41,2012,general,0,0.6307608485221863,CA_2012,original,0,,,0.739077091217041,457530.0,288592.0,0.58691853,0.5379104,,4048144,7
CA,San Mateo,41,2014,general,0,0.3474713861942291,CA_2014,original,0,0.7522436380386353,0.7522436380386353,,473285.0,164453.0,0.6712982,0.5455894,,4056196,8
CA,San Mateo,41,2016,general,0,0.6652188301086426,CA_2016,original,0,,,0.8041688799858093,486010.0,323303.0,0.67518395,0.53543484,,4064256,9
CA,San Mateo,41,2018,general,1,0.5822820663452148,CA_2018,original,0,0.7522537708282471,0.7522537708282471,,498140.0,290058.0,0.8827648,0.5373369,,4072324,10
CA,San Mateo,41,2020,general,1,0.6478125,CA_2020,extension,1,0.7954939291780402,,0.7954939291780402,560000.0,362775.0,,,presidential,4080400,11
CA,San Mateo,41,2022,general,1,0.49120714285714284,CA_2022,extension,1,0.8110589002474156,0.8110589002474156,,560000.0,275076.0,,,governor,4088484,12
CA,San Mateo,41,2024,general,1,0.6285714285714286,CA_2024,extension,1,0.7774480712166172,,0.7774480712166172,560000.0,352000.0,,,presidential,4096576,13
CA,Santa Barbara,42,1998,general,0,0.49702054262161255,CA_1998,original,0,0.5549785494804382,0.5549785494804382,,252050.0,125168.0,0.34877923,0.43139163,,3992004,0
CA,Santa Barbara,42,2000,general,0,,CA_2000,original,0,,,0.5066182017326355,,,,0.42553383,,4000000,1
CA,Santa Barbara,42,2002,general,0,0.4654541015625,CA_2002,original,0,0.4899056851863861,0.4899056851863861,,,117417.0,0.40308473,0.42416167,,4008004,2
CA,Santa Barbara,42,2004,general,0,0.6795241832733154,CA_2004,original,0,,,0.5404140949249268,,171564.0,0.42522907,0.42440128,,4016016,3
CA,Santa Barbara,42,2006,general,0,0.4963710606098175,CA_2006,original,0,0.3678886592388153,0.3678886592388153,,,125428.0,0.5542941,0.43061742,,4024036,4
CA,Santa Barbara,42,2008,general,0,0.6981402635574341,CA_2008,original,0,,,0.6169078350067139,,176562.0,0.5216185,0.4325581,,4032064,5
CA,Santa Barbara,42,2010,general,0,0.5189445614814758,CA_2010,original,0,0.5216487646102905,0.5216487646102905,,259045.0,134430.0,0.57580155,0.42751965,,4040100,6
CA,Santa Barbara,42,2012,general,0,0.621019721031189,CA_2012,original,0,,,0.5929946303367615,265655.0,164977.0,0.5890821,0.43363896,,4048144,7
CA,Santa Barbara,42,2014,general,0,0.41904518008232117,CA_2014,original,0,0.582614541053772,0.582614541053772,,272300.0,114106.0,0.6774666,0.4244939,,4056196,8
CA,Santa Barbara,42,2016,general,0,0.6545780897140503,CA_2016,original,0,,,0.6552746891975403,278445.0,182264.0,0.6617434,0.44373924,,4064256,9
CA,Santa Barbara,42,2018,general,0,0.5598047375679016,CA_2018,original,0,0.6048755645751953,0.6048755645751953,,281700.0,157697.0,0.7144207,0.44844255,,4072324,10
CA,Santa Barbara,42,2020,general,0,0.6140412698412698,CA_2020,extension,1,0.638337840682742,,0.638337840682742,315000.0,193423.0,,,presidential,4080400,11
CA,Santa Barbara,42,2022,general,0,0.46695555555555557,CA_2022,extension,1,0.646017889858821,0.646017889858821,,315000.0,147091.0,,,governor,4088484,12
CA,Santa Barbara,42,2024,general,0,0.6031746031746031,CA_2024,extension,1,0.6187845303867403,,0.6187845303867403,315000.0,190000.0,,,presidential,4096576,13
CA,Santa Clara,43,1998,general,0,0.4508828818798065,CA_1998,original,0,0.6700361967086792,0.6700361967086792,,974140.0,434600.0,0.2035619,0.50810724,,3992004,0
CA,Santa Clara,43,2000,general,0,,CA_2000,original,0,,,0.6378827691078186,,,,0.49680778,,4000000,1
CA,Santa Clara,43,2002,general,0,0.38099607825279236,CA_2002,original,0,0.6304887533187866,0.6304887533187866,,,375050.0,0.19554727,0.5018105,,4008004,2
CA,Santa Clara,43,2004,general,0,0.6134288907051086,CA_2004,original,0,,,0.6486960649490356,,610145.0,0.30215767,0.48640206,,4016016,3
CA,Santa Clara,43,2006,general,0,0.44035327434539795,CA_2006,original,0,0.45112380385398865,0.45112380385398865,,,442511.0,0.41660884,0.4935816,,4024036,4
CA,Santa Clara,43,2008,general,0,0.667911946773529,CA_2008,original,0,,,0.7086542844772339,,678033.0,0.572888,0.4830629,,4032064,5
CA,Santa Clara,43,2010,general,0,0.5084530711174011,CA_2010,original,0,0.6373273134231567,0.6373273134231567,,1029450.0,523427.0,0.6847908,0.48302105,,4040100,6
CA,Santa Clara,43,2012,general,0,0.6111234426498413,CA_2012,original,0,,,0.7205467224121094,1068915.0,653239.0,0.7009456,0.484619,,4048144,7
CA,Santa Clara,43,2014,general,0,0.3637121319770813,CA_2014,original,0,0.7294067144393921,0.7294067144393921,,1111225.0,404166.0,0.7622833,0.48080733,,4056196,8
CA,Santa Clara,43,2016,general,0,0.6343168616294861,CA_2016,original,0,,,0.7794001698493958,1142325.0,724596.0,0.7372619,0.4847553,,4064256,9
CA,Santa Clara,43,2018,general,0,0.5344393849372864,CA_2018,original,0,0.7139512300491333,0.7139512300491333,,1170245.0,625425.0,0.77860177,0.4889088,,4072324,10
CA,Santa Clara,43,2020,general,1,0.6155940740740741,CA_2020,extension,1,0.7453312267718446,,0.7453312267718446,1350000.0,831052.0,,,presidential,4080400,11
CA,Santa Clara,43,2022,general,1,0.46000814814814817,CA_2022,extension,1,0.7617770115997763,0.7617770115997763,,1350000.0,621011.0,,,governor,4088484,12
CA,Santa Clara,43,2024,general,1,0.6037037037037037,CA_2024,extension,1,0.7243589743589743,,0.7243589743589743,1350000.0,815000.0,,,presidential,4096576,13
CA,Santa Cruz,44,1998,general,0,0.520300030708313,CA_1998,original,0,0.7029344439506531,0.7029344439506531,,167150.0,86634.0,0.2943648,0.59677786,,3992004,0
CA,Santa Cruz,44,2000,general,0,,CA_2000,original,0,,,0.692171037197113,,,,0.58741546,,4000000,1
CA,Santa Cruz,44,2002,general,0,0.47691723704338074,CA_2002,original,0,0.6784928441047668,0.6784928441047668,,,80023.0,0.33025506,0.59779835,,4008004,2
CA,Santa Cruz,44,2004,general,0,0.73188716173172,CA_2004,original,0,,,0.7458980679512024,,123275.0,0.38120463,0.5806408,,4016016,3
CA,Santa Cruz,44,2006,general,0,0.5455276370048523,CA_2006,original,0,0.5353009700775146,0.5353009700775146,,,92236.0,0.4558632,0.5936887,,4024036,4
CA,Santa Cruz,44,2008,general,0,0.7574583888053894,CA_2008,original,0,,,0.79640132188797,,128555.0,0.47063124,0.57886314,,4032064,5
CA,Santa Cruz,44,2010,general,0,0.5667533874511719,CA_2010,original,0,0.7334339022636414,0.7334339022636414,,172980.0,98037.0,0.5141018,0.5858382,,4040100,6
CA,Santa Cruz,44,2012,general,0,0.6825293302536011,CA_2012,original,0,,,0.7906261682510376,177755.0,121323.0,0.5305836,0.58341384,,4048144,7
CA,Santa Cruz,44,2014,general,0,0.40411537885665894,CA_2014,original,0,0.7861499190330505,0.7861499190330505,,183215.0,74040.0,0.5908158,0.59640795,,4056196,8
CA,Santa Cruz,44,2016,general,0,0.7043353319168091,CA_2016,original,0,,,0.8093417286872864,187645.0,132165.0,0.6281618,0.58031404,,4064256,9
CA,Santa Cruz,44,2018,general,0,0.6377236843109131,CA_2018,original,0,0.7678877115249634,0.7678877115249634,,190835.0,121700.0,0.6809203,0.5792364,,4072324,10
CA,Santa Cruz,44,2020,general,0,0.68155,CA_2020,extension,1,0.7680118708050466,,0.7680118708050466,200000.0,136310.0,,,presidential,4080400,11
CA,Santa Cruz,44,2022,general,1,0.526995,CA_2022,extension,1,0.7869667626275844,0.7869667626275844,,200000.0,105399.0,,,governor,4088484,12
CA,Santa Cruz,44,2024,general,1,0.6675,CA_2024,extension,1,0.7480314960629921,,0.7480314960629921,200000.0,133500.0,,,presidential,4096576,13
CA,Shasta,45,1998,general,0,0.4754191040992737,CA_1998,original,0,0.45065030455589294,0.45065030455589294,,117895.0,54562.0,0.26538616,0.2740606,,3992004,0
CA,Shasta,45,2000,general,0,,CA_2000,original,0,,,0.31743553280830383,,,,0.26408443,,4000000,1
CA,Shasta,45,2002,general,0,0.4136621356010437,CA_2002,original,0,0.34820228815078735,0.34820228815078735,,,50063.0,0.32449114,0.2688981,,4008004,2
CA,Shasta,45,2004,general,0,0.6311578154563904,CA_2004,original,0,,,0.31779131293296814,,78360.0,0.44472945,0.2574154,,4016016,3
CA,Shasta,45,2006,general,0,0.4691956341266632,CA_2006,original,0,0.2225523591041565,0.2225523591041565,,,59720.0,0.5448761,0.2662313,,4024036,4
CA,Shasta,45,2008,general,0,0.6240139007568359,CA_2008,original,0,,,0.3679434061050415,,81378.0,0.51784265,0.2565314,,4032064,5
CA,Shasta,45,2010,general,0,0.5040703415870667,CA_2010,original,0,0.3437577486038208,0.3437577486038208,,131930.0,66502.0,0.57127607,0.2537643,,4040100,6
CA,Shasta,45,2012,general,0,0.5765575766563416,CA_2012,original,0,,,0.3494437336921692,133860.0,77178.0,0.62918186,0.25140303,,4048144,7
CA,Shasta,45,2014,general,0,0.43239539861679077,CA_2014,original,0,0.3805824816226959,0.3805824816226959,,135760.0,58702.0,0.68157816,0.25029668,,4056196,8
CA,Shasta,45,2016,general,0,0.6031685471534729,CA_2016,original,0,,,0.30104348063468933,136655.0,82426.0,0.691129,0.24116217,,4064256,9
CA,Shasta,45,2018,general,0,0.5209057927131653,CA_2018,original,0,0.28903695940971375,0.28903695940971375,,136015.0,70851.0,0.6854102,0.24623717,,4072324,10
CA,Shasta,45,2020,general,0,0.6817785714285715,CA_2020,extension,1,0.3032174443427874,,0.3032174443427874,140000.0,95449.0,,,presidential,4080400,11
CA,Shasta,45,2022,general,0,0.5432142857142858,CA_2022,extension,1,0.2681648764252018,0.2681648764252018,,140000.0,76050.0,,,governor,4088484,12
CA,Shasta,45,2024,general,0,0.6785714285714286,CA_2024,extension,1,0.2786885245901639,,0.2786885245901639,140000.0,95000.0,,,presidential,4096576,13
CA,Sierra,46,1998,general,0,0.6717917323112488,CA_1998,original,0,0.442702054977417,0.442702054977417,,2685.0,1806.0,0.2978959,0.42857143,,3992004,0
CA,Sierra,46,2000,general,0,,CA_2000,original,0,,,0.31542056798934937,,,,0.33064517,,4000000,1
CA,Sierra,46,2002,general,0,0.5500310659408569,CA_2002,original,0,0.34285715222358704,0.34285715222358704,,,1475.0,0.37830508,0.31578946,,4008004,2
CA,Sierra,46,2004,general,0,0.7403858304023743,CA_2004,original,0,,,0.3408970832824707,,1983.0,1.0,0.3009434,,4016016,3
CA,Sierra,46,2006,general,0,0.6112149357795715,CA_2006,original,0,0.23787061870098114,0.23787061870098114,,,1635.0,1.0,0.3038618,,4024036,4
CA,Sierra,46,2008,general,0,0.7530879378318787,CA_2008,original,0,,,0.3908469080924988,,2012.0,1.0,0.30444282,,4032064,5
CA,Sierra,46,2010,general,0,0.7031775712966919,CA_2010,original,0,0.3786523640155792,0.3786523640155792,,2675.0,1881.0,1.0,0.3003663,,4040100,6
CA,Sierra,46,2012,general,0,0.7244532704353333,CA_2012,original,0,,,0.3820948004722595,2515.0,1822.0,1.0,0.28772637,,4048144,7
CA,Sierra,46,2014,general,0,0.6779166460037231,CA_2014,original,0,0.4420572817325592,0.4420572817325592,,2400.0,1627.0,1.0,0.2991453,,4056196,8
CA,Sierra,46,2016,general,0,0.7811088562011719,CA_2016,original,0,,,0.36446329951286316,2435.0,1902.0,1.0,0.29073858,,4064256,9
CA,Sierra,46,2018,general,0,0.6930612325668335,CA_2018,original,0,0.35932812094688416,0.35932812094688416,,2450.0,1698.0,1.0,0.2968561,,4072324,10
CA,Sierra,46,2020,general,0,0.9212,CA_2020,extension,1,0.35898596650067904,,0.35898596650067904,2500.0,2303.0,,,presidential,4080400,11
CA,Sierra,46,2022,general,0,0.7148,CA_2022,extension,1,0.33529066353493836,0.33529066353493836,,2500.0,1787.0,,,governor,4088484,12
CA,Sierra,46,2024,general,0,0.912,CA_2024,extension,1,0.3348623853211009,,0.3348623853211009,2500.0,2280.0,,,presidential,4096576,13
CA,Siskiyou,47,1998,general,0,0.5157992243766785,CA_1998,original,0,0.4805361330509186,0.4805361330509186,,32665.0,16699.0,0.2746871,0.3439712,,3992004,0
CA,Siskiyou,47,2000,general,0,,CA_2000,original,0,,,0.3413962423801422,,,,0.32770082,,4000000,1
CA,Siskiyou,47,2002,general,0,0.48423609137535095,CA_2002,original,0,0.3530247211456299,0.3530247211456299,,,15958.0,0.2781677,0.32459956,,4008004,2
CA,Siskiyou,47,2004,general,0,0.6525793075561523,CA_2004,original,0,,,0.38339900970458984,,21695.0,0.30080664,0.32770583,,4016016,3
CA,Siskiyou,47,2006,general,0,0.5097957253456116,CA_2006,original,0,0.29714763164520264,0.29714763164520264,,,17096.0,0.57744503,0.3361048,,4024036,4
CA,Siskiyou,47,2008,general,0,0.6422172784805298,CA_2008,original,0,,,0.4464731812477112,,21723.0,0.61326706,0.32593867,,4032064,5
CA,Siskiyou,47,2010,general,0,0.5450866222381592,CA_2010,original,0,0.42505696415901184,0.42505696415901184,,34345.0,18721.0,0.6524224,0.32196918,,4040100,6
CA,Siskiyou,47,2012,general,0,0.5904037356376648,CA_2012,original,0,,,0.42074987292289734,34180.0,20180.0,0.67913777,0.32487705,,4048144,7
CA,Siskiyou,47,2014,general,0,0.41969093680381775,CA_2014,original,0,0.4416063725948334,0.4416063725948334,,33975.0,14259.0,0.7099376,0.32515728,,4056196,8
CA,Siskiyou,47,2016,general,0,0.626465380191803,CA_2016,original,0,,,0.3894481956958771,33780.0,21162.0,0.7284756,0.3188223,,4064256,9
CA,Siskiyou,47,2018,general,0,0.5448572039604187,CA_2018,original,0,0.39737942814826965,0.39737942814826965,,33785.0,18408.0,0.74272054,0.32442898,,4072324,10
CA,Siskiyou,47,2020,general,0,0.7265714285714285,CA_2020,extension,1,0.35527991128270425,,0.35527991128270425,35000.0,25430.0,,,presidential,4080400,11
CA,Siskiyou,47,2022,general,0,0.5681428571428572,CA_2022,extension,1,0.32341008483060224,0.32341008483060224,,35000.0,19885.0,,,governor,4088484,12
CA,Siskiyou,47,2024,general,0,0.72,CA_2024,extension,1,0.3305785123966942,,0.3305785123966942,35000.0,25200.0,,,presidential,4096576,13
CA,Solano,48,1998,general,0,0.4083288609981537,CA_1998,original,0,0.6504042744636536,0.6504042744636536,,256255.0,103684.0,0.24221674,0.505564,,3992004,0
CA,Solano,48,2000,general,0,,CA_2000,original,0,,,0.5927714705467224,,,,0.49480745,,4000000,1
CA,Solano,48,2002,general,0,0.35299500823020935,CA_2002,original,0,0.5805308818817139,0.5805308818817139,,,91280.0,0.26577562,0.48752517,,4008004,2
CA,Solano,48,2004,general,0,0.575108528137207,CA_2004,original,0,,,0.577325165271759,,150057.0,0.3125279,0.48570496,,4016016,3
CA,Solano,48,2006,general,0,0.4004305303096771,CA_2006,original,0,0.44104793667793274,0.44104793667793274,,,105414.0,0.49572164,0.49237126,,4024036,4
CA,Solano,48,2008,general,0,0.6123790740966797,CA_2008,original,0,,,0.6456396579742432,,162638.0,0.51088923,0.49320298,,4032064,5
CA,Solano,48,2010,general,0,0.44478052854537964,CA_2010,original,0,0.6163390278816223,0.6163390278816223,,270430.0,120282.0,0.5625447,0.48769292,,4040100,6
CA,Solano,48,2012,general,0,0.556150496006012,CA_2012,original,0,,,0.6500957012176514,276765.0,153923.0,0.57224715,0.49567994,,4048144,7
CA,Solano,48,2014,general,0,0.3189236521720886,CA_2014,original,0,0.6457133889198303,0.6457133889198303,,286335.0,91319.0,0.71180147,0.48668116,,4056196,8
CA,Solano,48,2016,general,0,0.5763875246047974,CA_2016,original,0,,,0.6634690165519714,296030.0,170628.0,0.6614506,0.48502272,,4064256,9
CA,Solano,48,2018,general,0,0.4847075045108795,CA_2018,original,0,0.6129947304725647,0.6129947304725647,,306065.0,148352.0,0.6910793,0.48687732,,4072324,10
CA,Solano,48,2020,general,0,0.61568,CA_2020,extension,1,0.6236147922449236,,0.6236147922449236,325000.0,200096.0,,,presidential,4080400,11
CA,Solano,48,2022,general,0,0.46238153846153845,CA_2022,extension,1,0.6323625873706632,0.6323625873706632,,325000.0,150274.0,,,governor,4088484,12
CA,Solano,48,2024,general,0,0.6061538461538462,CA_2024,extension,1,0.601063829787234,,0.601063829787234,325000.0,197000.0,,,presidential,4096576,13
CA,Sonoma,49,1998,general,0,0.524636447429657,CA_1998,original,0,0.6889176368713379,0.6889176368713379,,310645.0,162310.0,0.29046884,0.5725206,,3992004,0
CA,Sonoma,49,2000,general,0,,CA_2000,original,0,,,0.648669421672821,,,,0.5626356,,4000000,1
CA,Sonoma,49,2002,general,0,0.4798215627670288,CA_2002,original,0,0.627357542514801,0.627357542514801,,,149663.0,0.43219766,0.5700281,,4008004,2
CA,Sonoma,49,2004,general,0,0.7105690836906433,CA_2004,original,0,,,0.6849190592765808,,222538.0,0.505963,0.5528333,,4016016,3
CA,Sonoma,49,2006,general,0,0.5639277100563049,CA_2006,original,0,0.48674213886260986,0.48674213886260986,,,177328.0,0.6036328,0.5625103,,4024036,4
CA,Sonoma,49,2008,general,0,0.7342473864555359,CA_2008,original,0,,,0.7539138197898865,,231817.0,0.5942791,0.5514841,,4032064,5
CA,Sonoma,49,2010,general,0,0.578377366065979,CA_2010,original,0,0.6822017431259155,0.6822017431259155,,323180.0,186920.0,0.63443184,0.5565191,,4040100,6
CA,Sonoma,49,2012,general,0,0.6566143035888672,CA_2012,original,0,,,0.7375314831733704,333255.0,218820.0,0.71087193,0.55337656,,4048144,7
CA,Sonoma,49,2014,general,0,0.42707309126853943,CA_2014,original,0,0.7475292086601257,0.7475292086601257,,343330.0,146627.0,0.7621857,0.56300294,,4056196,8
CA,Sonoma,49,2016,general,0,0.6780591607093811,CA_2016,original,0,,,0.7573297023773193,350055.0,237358.0,0.7613647,0.5482134,,4064256,9
CA,Sonoma,49,2018,general,0,0.6007218956947327,CA_2018,original,0,0.7226991653442383,0.7226991653442383,,356020.0,213869.0,0.8007051,0.5518945,,4072324,10
CA,Sonoma,49,2020,general,0,0.6521168831168831,CA_2020,extension,1,0.7405700439648282,,0.7405700439648282,385000.0,251065.0,,,presidential,4080400,11
CA,Sonoma,49,2022,general,1,0.5089220779220779,CA_2022,extension,1,0.7619730690207456,0.7619730690207456,,385000.0,195935.0,,,governor,4088484,12
CA,Sonoma,49,2024,general,1,0.6363636363636364,CA_2024,extension,1,0.721030042918455,,0.721030042918455,385000.0,245000.0,,,presidential,4096576,13
CA,Stanislaus,50,1998,general,0,0.39561229944229126,CA_1998,original,0,0.5188889503479004,0.5188889503479004,,265720.0,102206.0,0.34310117,0.39382917,,3992004,0
CA,Stanislaus,50,2000,general,0,,CA_2000,original,0,,,0.4565660357475281,,,,0.38642198,,4000000,1
CA,Stanislaus,50,2002,general,0,0.36139219999313354,CA_2002,original,0,0.4762326776981354,0.4762326776981354,,,98693.0,0.41215688,0.38801682,,4008004,2
CA,Stanislaus,50,2004,general,0,0.5264987349510193,CA_2004,original,0,,,0.4078662693500519,,147663.0,0.39544097,0.3770567,,4016016,3
CA,Stanislaus,50,2006,general,0,0.36713606119155884,CA_2006,original,0,0.3217145502567291,0.3217145502567291,,,105674.0,0.5360164,0.38309726,,4024036,4
CA,Stanislaus,50,2008,general,0,0.5519598722457886,CA_2008,original,0,,,0.5088163018226624,,162941.0,0.52891535,0.39184022,,4032064,5
CA,Stanislaus,50,2010,general,0,0.40157362818717957,CA_2010,original,0,0.46636587381362915,0.46636587381362915,,305025.0,122490.0,0.64134216,0.3835059,,4040100,6
CA,Stanislaus,50,2012,general,0,0.5059400200843811,CA_2012,original,0,,,0.5141054391860962,310185.0,156935.0,0.6824609,0.39614883,,4048144,7
CA,Stanislaus,50,2014,general,0,0.2897292971611023,CA_2014,original,0,0.5153842568397522,0.5153842568397522,,320085.0,92738.0,0.7462529,0.37707213,,4056196,8
CA,Stanislaus,50,2016,general,0,0.5395275354385376,CA_2016,original,0,,,0.5098444223403931,328050.0,176992.0,0.7067212,0.3937709,,4064256,9
CA,Stanislaus,50,2018,general,0,0.475280225276947,CA_2018,original,0,0.4919379949569702,0.4919379949569702,,335015.0,159226.0,0.76657706,0.39893582,,4072324,10
CA,Stanislaus,50,2020,general,0,0.5657916666666667,CA_2020,extension,1,0.4753618599139912,,0.4753618599139912,360000.0,203685.0,,,presidential,4080400,11
CA,Stanislaus,50,2022,general,1,0.4418611111111111,CA_2022,extension,1,0.45045587078261673,0.45045587078261673,,360000.0,159070.0,,,governor,4088484,12
CA,Stanislaus,50,2024,general,1,0.5611111111111111,CA_2024,extension,1,0.4536082474226804,,0.4536082474226804,360000.0,202000.0,,,presidential,4096576,13
CA,Sutter,51,1998,general,0,0.48335760831832886,CA_1998,original,0,0.43019112944602966,0.43019112944602966,,47805.0,22304.0,0.3557658,0.27852255,,3992004,0
CA,Sutter,51,2000,general,0,,CA_2000,original,0,,,0.32663199305534363,,,,0.2835321,,4000000,1
CA,Sutter,51,2002,general,0,0.43644022941589355,CA_2002,original,0,0.3247219920158386,0.3247219920158386,,,21589.0,0.33165038,0.28104788,,4008004,2
CA,Sutter,51,2004,general,0,0.6021058559417725,CA_2004,original,0,,,0.32161039113998413,,30784.0,0.4897999,0.28342614,,4016016,3
CA,Sutter,51,2006,general,0,0.46163609623908997,CA_2006,original,0,0.23981642723083496,0.23981642723083496,,,24369.0,0.35229185,0.29477137,,4024036,4
CA,Sutter,51,2008,general,0,0.6122559905052185,CA_2008,original,0,,,0.41493672132492065,,33337.0,0.68317485,0.30120382,,4032064,5
CA,Sutter,51,2010,general,0,0.46361300349235535,CA_2010,original,0,0.4012520909309387,0.4012520909309387,,56435.0,26164.0,0.68189114,0.29173437,,4040100,6
CA,Sutter,51,2012,general,0,0.5392367839813232,CA_2012,original,0,,,0.4021904170513153,58045.0,31300.0,0.6801278,0.30252135,,4048144,7
CA,Sutter,51,2014,general,0,0.3576834797859192,CA_2014,original,0,0.4273067116737366,0.4273067116737366,,58795.0,21030.0,0.75658584,0.28820485,,4056196,8
CA,Sutter,51,2016,general,0,0.5751858949661255,CA_2016,original,0,,,0.4184052348136902,59845.0,34422.0,0.73516935,0.30338615,,4064256,9
CA,Sutter,51,2018,general,0,0.5054291486740112,CA_2018,original,0,0.3698088228702545,0.3698088228702545,,60875.0,30768.0,0.77418095,0.2991362,,4072324,10
CA,Sutter,51,2020,general,0,0.6716923076923077,CA_2020,extension,1,0.35597367733352336,,0.35597367733352336,65000.0,43660.0,,,presidential,4080400,11
CA,Sutter,51,2022,general,0,0.5308153846153846,CA_2022,extension,1,0.3306417339566511,0.3306417339566511,,65000.0,34503.0,,,governor,4088484,12
CA,Sutter,51,2024,general,0,0.6692307692307692,CA_2024,extension,1,0.3333333333333333,,0.3333333333333333,65000.0,43500.0,,,presidential,4096576,13
CA,Tehama,52,1998,general,0,0.5032505393028259,CA_1998,original,0,0.4781613051891327,0.4781613051891327,,38145.0,18828.0,0.21946038,0.28378227,,3992004,0
CA,Tehama,52,2000,general,0,,CA_2000,original,0,,,0.32901856303215027,,,,0.27004072,,4000000,1
CA,Tehama,52,2002,general,0,0.4046328067779541,CA_2002,original,0,0.35688793659210205,0.35688793659210205,,,15731.0,0.27639693,0.27475488,,4008004,2
CA,Tehama,52,2004,general,0,0.5959184765815735,CA_2004,original,0,,,0.3251863420009613,,23604.0,0.34223014,0.26663166,,4016016,3
CA,Tehama,52,2006,general,0,0.453104704618454,CA_2006,original,0,0.2142857164144516,0.2142857164144516,,,18279.0,0.46638218,0.27436996,,4024036,4
CA,Tehama,52,2008,general,0,0.6038629412651062,CA_2008,original,0,,,0.37602993845939636,,24803.0,0.5483208,0.26960328,,4032064,5
CA,Tehama,52,2010,general,0,0.4856535494327545,CA_2010,original,0,0.3540618121623993,0.3540618121623993,,42345.0,20565.0,0.5944566,0.26489612,,4040100,6
CA,Tehama,52,2012,general,0,0.5290799736976624,CA_2012,original,0,,,0.3578871488571167,43965.0,23261.0,0.654701,0.26443136,,4048144,7
CA,Tehama,52,2014,general,0,0.3514578342437744,CA_2014,original,0,0.35208332538604736,0.35208332538604736,,44930.0,15791.0,0.7133177,0.25929677,,4056196,8
CA,Tehama,52,2016,general,0,0.5398372411727905,CA_2016,original,0,,,0.30529525876045227,45460.0,24541.0,0.6948372,0.25687057,,4064256,9
CA,Tehama,52,2018,general,0,0.4676470458507538,CA_2018,original,0,0.2754989564418793,0.2754989564418793,,45220.0,21147.0,0.73599094,0.25384244,,4072324,10
CA,Tehama,52,2020,general,0,0.6442826086956521,CA_2020,extension,1,0.2610851197542071,,0.2610851197542071,46000.0,29637.0,,,presidential,4080400,11
CA,Tehama,52,2022,general,0,0.5095,CA_2022,extension,1,0.22931997517510416,0.22931997517510416,,46000.0,23437.0,,,governor,4088484,12
CA,Tehama,52,2024,general,0,0.6434782608695652,CA_2024,extension,1,0.24041811846689895,,0.24041811846689895,46000.0,29600.0,,,presidential,4096576,13
CA,Trinity,53,1998,general,0,0.523272693157196,CA_1998,original,0,0.530227541923523,0.530227541923523,,9940.0,5049.0,0.33234304,0.39647326,,3992004,0
CA,Trinity,53,2000,general,0,,CA_2000,original,0,,,0.3664643466472626,,,,0.37376532,,4000000,1
CA,Trinity,53,2002,general,0,0.4957428276538849,CA_2002,original,0,0.4308885633945465,0.4308885633945465,,,5072.0,0.37283123,0.36973414,,4008004,2
CA,Trinity,53,2004,general,0,0.6252481341362,CA_2004,original,0,,,0.43866288661956787,,6579.0,0.30764553,0.35422778,,4016016,3
CA,Trinity,53,2006,general,0,0.5616214871406555,CA_2006,original,0,0.29707345366477966,0.29707345366477966,,,6073.0,0.39815578,0.35684648,,4024036,4
CA,Trinity,53,2008,general,0,0.5837302207946777,CA_2008,original,0,,,0.5237323641777039,,6482.0,0.36624497,0.3561095,,4032064,5
CA,Trinity,53,2010,general,0,0.5237964391708374,CA_2010,original,0,0.48946741223335266,0.48946741223335266,,10905.0,5712.0,0.657388,0.350132,,4040100,6
CA,Trinity,53,2012,general,0,0.5388322472572327,CA_2012,original,0,,,0.4961038827896118,10790.0,5814.0,0.6974544,0.34847826,,4048144,7
CA,Trinity,53,2014,general,0,0.36741623282432556,CA_2014,original,0,0.44166237115859985,0.44166237115859985,,10895.0,4003.0,0.7436922,0.36228436,,4056196,8
CA,Trinity,53,2016,general,0,0.5655205249786377,CA_2016,original,0,,,0.4405093491077423,10470.0,5921.0,0.741091,0.34297127,,4064256,9
CA,Trinity,53,2018,general,0,0.5238049030303955,CA_2018,original,0,0.4225352108478546,0.4225352108478546,,10355.0,5424.0,0.76530236,0.34197977,,4072324,10
CA,Trinity,53,2020,general,0,0.7333636363636363,CA_2020,extension,1,0.3710137412496759,,0.3710137412496759,11000.0,8067.0,,,presidential,4080400,11
CA,Trinity,53,2022,general,0,0.5762727272727273,CA_2022,extension,1,0.3422059557477957,0.3422059557477957,,11000.0,6339.0,,,governor,4088484,12
CA,Trinity,53,2024,general,0,0.7272727272727273,CA_2024,extension,1,0.3464052287581699,,0.3464052287581699,11000.0,8000.0,,,presidential,4096576,13
CA,Tulare,54,1998,general,0,0.3925619125366211,CA_1998,original,0,0.4516826272010803,0.4516826272010803,,193760.0,73765.0,0.18458618,0.33367705,,3992004,0
CA,Tulare,54,2000,general,0,,CA_2000,original,0,,,0.3790481984615326,,,,0.32362,,4000000,1
CA,Tulare,54,2002,general,0,0.3194526135921478,CA_2002,original,0,0.36421167850494385,0.36421167850494385,,,63767.0,0.2274217,0.3181972,,4008004,2
CA,Tulare,54,2004,general,0,0.48430725932121277,CA_2004,original,0,,,0.331933856010437,,99509.0,0.32877427,0.31350163,,4016016,3
CA,Tulare,54,2006,general,0,0.33148306608200073,CA_2006,original,0,0.2655111849308014,0.2655111849308014,,,70049.0,0.42009166,0.31376928,,4024036,4
CA,Tulare,54,2008,general,0,0.4906265437602997,CA_2008,original,0,,,0.4219963550567627,,106551.0,0.36806786,0.33064103,,4032064,5
CA,Tulare,54,2010,general,0,0.36788100004196167,CA_2010,original,0,0.3981761038303375,0.3981761038303375,,225910.0,83108.0,0.39887857,0.3146602,,4040100,6
CA,Tulare,54,2012,general,0,0.4381912052631378,CA_2012,original,0,,,0.4229849576950073,233195.0,102184.0,0.5997025,0.3298147,,4048144,7
CA,Tulare,54,2014,general,0,0.2627962827682495,CA_2014,original,0,0.3842214345932007,0.3842214345932007,,239425.0,62920.0,0.6872854,0.30854836,,4056196,8
CA,Tulare,54,2016,general,0,0.47266730666160583,CA_2016,original,0,,,0.4494068920612335,245640.0,116106.0,0.6468658,0.33328915,,4064256,9
CA,Tulare,54,2018,general,0,0.3996678292751312,CA_2018,original,0,0.42824476957321167,0.42824476957321167,,252875.0,101066.0,0.7080225,0.33714032,,4072324,10
CA,Tulare,54,2020,general,0,0.5186075471698113,CA_2020,extension,1,0.355816506036777,,0.355816506036777,265000.0,137431.0,,,presidential,4080400,11
CA,Tulare,54,2022,general,0,0.409,CA_2022,extension,1,0.3270560626316448,0.3270560626316448,,265000.0,108385.0,,,governor,4088484,12
CA,Tulare,54,2024,general,0,0.5150943396226415,CA_2024,extension,1,0.3333333333333333,,0.3333333333333333,265000.0,136500.0,,,presidential,4096576,13
CA,Tuolumne,55,1998,general,0,0.4823223948478699,CA_1998,original,0,0.498974472284317,0.498974472284317,,42630.0,20339.0,0.24096563,0.34947392,,3992004,0
CA,Tuolumne,55,2000,general,0,,CA_2000,original,0,,,0.4153832495212555,,,,0.33491668,,4000000,1
CA,Tuolumne,55,2002,general,0,0.4270022213459015,CA_2002,original,0,0.4252966344356537,0.4252966344356537,,,18400.0,0.29717392,0.33436042,,4008004,2
CA,Tuolumne,55,2004,general,0,0.6151465773582458,CA_2004,original,0,,,0.39088553190231323,,26791.0,0.315815,0.3211679,,4016016,3
CA,Tuolumne,55,2006,general,0,0.4889881908893585,CA_2006,original,0,0.2560052275657654,0.2560052275657654,,,21522.0,0.46361864,0.32788846,,4024036,4
CA,Tuolumne,55,2008,general,0,0.6183101534843445,CA_2008,original,0,,,0.4348416328430176,,27499.0,0.5158733,0.31943306,,4032064,5
CA,Tuolumne,55,2010,general,0,0.5077829957008362,CA_2010,original,0,0.42995330691337585,0.42995330691337585,,44970.0,22835.0,0.55861616,0.32063612,,4040100,6
CA,Tuolumne,55,2012,general,0,0.5670198202133179,CA_2012,original,0,,,0.41871178150177,44360.0,25153.0,0.7639248,0.3130224,,4048144,7
CA,Tuolumne,55,2014,general,0,0.396698921918869,CA_2014,original,0,0.4674583971500397,0.4674583971500397,,43925.0,17425.0,0.79420376,0.32160446,,4056196,8
CA,Tuolumne,55,2016,general,0,0.6006369590759277,CA_2016,original,0,,,0.3853594660758972,43960.0,26404.0,0.77711713,0.30410582,,4064256,9
CA,Tuolumne,55,2018,general,0,0.548051655292511,CA_2018,original,0,0.3892937898635864,0.3892937898635864,,44140.0,24191.0,0.83572406,0.31466094,,4072324,10
CA,Tuolumne,55,2020,general,1,0.7700697674418605,CA_2020,extension,1,0.38486150757551996,,0.38486150757551996,43000.0,33113.0,,,presidential,4080400,11
CA,Tuolumne,55,2022,general,1,0.6067441860465116,CA_2022,extension,1,0.36188222079589216,0.36188222079589216,,43000.0,26090.0,,,governor,4088484,12
CA,Tuolumne,55,2024,general,1,0.7627906976744186,CA_2024,extension,1,0.35873015873015873,,0.35873015873015873,43000.0,32800.0,,,presidential,4096576,13
CA,Ventura,56,1998,general,0,0.46741804480552673,CA_1998,original,0,0.5475190877914429,0.5475190877914429,,458420.0,211113.0,0.28836215,0.39540136,,3992004,0
CA,Ventura,56,2000,general,0,,CA_2000,original,0,,,0.4945904612541199,,,,0.392843,,4000000,1
CA,Ventura,56,2002,general,0,0.4293113350868225,CA_2002,original,0,0.4781516492366791,0.4781516492366791,,,199708.0,0.28918222,0.39386603,,4008004,2
CA,Ventura,56,2004,general,0,0.6698500514030457,CA_2004,original,0,,,0.48147478699684143,,316132.0,0.3555382,0.3910647,,4016016,3
CA,Ventura,56,2006,general,0,0.4713951647281647,CA_2006,original,0,0.3597877025604248,0.3597877025604248,,,225660.0,0.4543428,0.39608234,,4024036,4
CA,Ventura,56,2008,general,0,0.7079547643661499,CA_2008,original,0,,,0.5625993609428406,,343690.0,0.43523523,0.40275115,,4032064,5
CA,Ventura,56,2010,general,0,0.5303249359130859,CA_2010,original,0,0.4790915846824646,0.4790915846824646,,499375.0,264831.0,0.49012765,0.39277345,,4040100,6
CA,Ventura,56,2012,general,0,0.6400802135467529,CA_2012,original,0,,,0.5360174775123596,516215.0,330419.0,0.49915713,0.40275764,,4048144,7
CA,Ventura,56,2014,general,0,0.38324886560440063,CA_2014,original,0,0.530707597732544,0.530707597732544,,531725.0,203783.0,0.5844992,0.40121856,,4056196,8
CA,Ventura,56,2016,general,0,0.6701933145523071,CA_2016,original,0,,,0.5950019359588623,542060.0,363285.0,0.6019957,0.4113018,,4064256,9
CA,Ventura,56,2018,general,0,0.5626188516616821,CA_2018,original,0,0.5555379390716553,0.5555379390716553,,557875.0,313871.0,0.6327823,0.41222078,,4072324,10
CA,Ventura,56,2020,general,0,0.6724032258064516,CA_2020,extension,1,0.591446954017817,,0.591446954017817,620000.0,416890.0,,,presidential,4080400,11
CA,Ventura,56,2022,general,1,0.5098209677419355,CA_2022,extension,1,0.6036839789905885,0.6036839789905885,,620000.0,316089.0,,,governor,4088484,12
CA,Ventura,56,2024,general,1,0.6645161290322581,CA_2024,extension,1,0.569620253164557,,0.569620253164557,620000.0,412000.0,,,presidential,4096576,13
CA,Yolo,57,1998,general,0,0.5013402104377747,CA_1998,original,0,0.6555354595184326,0.6555354595184326,,107965.0,51933.0,0.27754992,0.5225248,,3992004,0
CA,Yolo,57,2000,general,0,,CA_2000,original,0,,,0.5940954685211182,,,,0.5088123,,4000000,1
CA,Yolo,57,2002,general,0,0.42493584752082825,CA_2002,original,0,0.5569970011711121,0.5569970011711121,,,47738.0,0.36660522,0.5135258,,4008004,2
CA,Yolo,57,2004,general,0,0.6250346302986145,CA_2004,original,0,,,0.6049513220787048,,72953.0,0.3927049,0.49940422,,4016016,3
CA,Yolo,57,2006,general,0,0.45903629064559937,CA_2006,original,0,0.4277644455432892,0.4277644455432892,,,55587.0,0.45985574,0.50862974,,4024036,4
CA,Yolo,57,2008,general,0,0.6429659128189087,CA_2008,original,0,,,0.6850410103797913,,80674.0,0.4705977,0.50269294,,4032064,5
CA,Yolo,57,2010,general,0,0.4672626256942749,CA_2010,original,0,0.6607497930526733,0.6607497930526733,,130325.0,60896.0,0.49420324,0.5069394,,4040100,6
CA,Yolo,57,2012,general,0,0.5631089210510254,CA_2012,original,0,,,0.675818145275116,133745.0,75313.0,0.54852414,0.50424737,,4048144,7
CA,Yolo,57,2014,general,0,0.33853888511657715,CA_2014,original,0,0.6911861896514893,0.6911861896514893,,137225.0,46456.0,0.6238161,0.51561016,,4056196,8
CA,Yolo,57,2016,general,0,0.600837230682373,CA_2016,original,0,,,0.7252784967422485,140945.0,84685.0,0.5773632,0.5070037,,4064256,9
CA,Yolo,57,2018,general,0,0.5190243721008301,CA_2018,original,0,0.6781927347183228,0.6781927347183228,,144525.0,75012.0,0.7017944,0.51305324,,4072324,10
CA,Yolo,57,2020,general,0,0.6151483870967742,CA_2020,extension,1,0.710365251727542,,0.710365251727542,155000.0,95348.0,,,presidential,4080400,11
CA,Yolo,57,2022,general,1,0.4801677419354839,CA_2022,extension,1,0.7337140409736598,0.7337140409736598,,155000.0,74426.0,,,governor,4088484,12
CA,Yolo,57,2024,general,1,0.603225806451613,CA_2024,extension,1,0.6910112359550562,,0.6910112359550562,155000.0,93500.0,,,presidential,4096576,13
CA,Yuba,58,1998,general,0,0.3872174918651581,CA_1998,original,0,0.4830969572067261,0.4830969572067261,,37330.0,13763.0,0.2773378,0.3109716,,3992004,0
CA,Yuba,58,2000,general,0,,CA_2000,original,0,,,0.3605044186115265,,,,0.30088085,,4000000,1
CA,Yuba,58,2002,general,0,0.3031955659389496,CA_2002,original,0,0.33301129937171936,0.33301129937171936,,,11860.0,0.28136593,0.29051846,,4008004,2
CA,Yuba,58,2004,general,0,0.4458805322647095,CA_2004,original,0,,,0.3201598823070526,,18238.0,0.32448733,0.28451064,,4016016,3
CA,Yuba,58,2006,general,0,0.33141249418258667,CA_2006,original,0,0.22703321278095245,0.22703321278095245,,,14148.0,0.4970314,0.29183793,,4024036,4
CA,Yuba,58,2008,general,0,0.4874690771102905,CA_2008,original,0,,,0.42475926876068115,,21681.0,0.47977492,0.30137902,,4032064,5
CA,Yuba,58,2010,general,0,0.36538079380989075,CA_2010,original,0,0.4253946840763092,0.4253946840763092,,45235.0,16528.0,0.5677638,0.2932094,,4040100,6
CA,Yuba,58,2012,general,0,0.4287431538105011,CA_2012,original,0,,,0.40614137053489685,46585.0,19973.0,0.5867922,0.29672483,,4048144,7
CA,Yuba,58,2014,general,0,0.26786690950393677,CA_2014,original,0,0.41624364256858826,0.41624364256858826,,47490.0,12721.0,0.6558447,0.28531638,,4056196,8
CA,Yuba,58,2016,general,0,0.48329058289527893,CA_2016,original,0,,,0.37523719668388367,48745.0,23558.0,0.6455557,0.2841725,,4064256,9
CA,Yuba,58,2018,general,0,0.3872658312320709,CA_2018,original,0,0.35960617661476135,0.35960617661476135,,50180.0,19433.0,0.7071991,0.2834662,,4072324,10
CA,Yuba,58,2020,general,0,0.6439183673469387,CA_2020,extension,1,0.34308140690203354,,0.34308140690203354,49000.0,31552.0,,,presidential,4080400,11
CA,Yuba,58,2022,general,0,0.4974081632653061,CA_2022,extension,1,0.3179065743944637,0.3179065743944637,,49000.0,24373.0,,,governor,4088484,12
CA,Yuba,58,2024,general,0,0.6428571428571429,CA_2024,extension,1,0.31893687707641194,,0.31893687707641194,49000.0,31500.0,,,presidential,4096576,13
UT,Beaver,59,1996,general,0,0.5984237790107727,UT_1996,original,0,0.18215613067150116,0.18215613067150116,0.3711507320404053,3840.0,2278.0,,0.07594936,,3984016,14
UT,Beaver,59,1998,general,0,0.5008718371391296,UT_1998,original,0,,,,3840.0,1915.0,,0.06349207,,3992004,15
UT,Beaver,59,2000,general,0,0.6070312261581421,UT_2000,original,0,0.36371922492980957,0.36371922492980957,0.24658158421516418,3840.0,2331.0,,0.049586777,,4000000,16
UT,Beaver,59,2002,general,0,0.6049265265464783,UT_2002,original,0,,,,,2333.0,,0.048374906,,4008004,17
UT,Beaver,59,2004,general,0,0.6743545532226562,UT_2004,original,0,0.39139020442962646,0.39139020442962646,0.19594594836235046,,2612.0,,0.048929665,,4016016,18
UT,Beaver,59,2006,general,0,0.602827787399292,UT_2006,original,0,,,,,2345.0,,0.054592166,,4024036,19
UT,Beaver,59,2008,general,0,0.6560580134391785,UT_2008,original,0,0.1592409312725067,0.1592409312725067,0.2217675894498825,,2563.0,,0.057681642,,4032064,20
UT,Beaver,59,2010,general,0,0.5776119232177734,UT_2010,original,0,,,,4020.0,2322.0,,0.05317324,,4040100,21
UT,Beaver,59,2012,general,0,0.6404439210891724,UT_2012,original,0,0.16049382090568542,0.16049382090568542,0.13730159401893616,4055.0,2597.0,,0.056331247,,4048144,22
UT,Beaver,59,2014,general,1,0.38117358088493347,UT_2014,original,0,,,,4090.0,1559.0,,0.056273766,,4056196,23
UT,Beaver,59,2016,general,1,0.6093862652778625,UT_2016,original,0,0.13746286928653717,0.13746286928653717,0.12559467554092407,4155.0,2532.0,,0.057869356,,4064256,24
UT,Beaver,59,2018,general,1,0.5258454084396362,UT_2018,original,0,,,,4140.0,2177.0,,0.062469732,,4072324,25
UT,Beaver,59,2020,general,1,0.8304,UT_2020,extension,1,0.2249629995066601,,0.2249629995066601,5000.0,4152.0,,,presidential,4080400,26
UT,Beaver,59,2022,general,1,0.659,UT_2022,extension,1,0.24387177875549967,,,5000.0,3295.0,,,senate,4088484,27
UT,Beaver,59,2024,general,1,0.83,UT_2024,extension,1,0.20987654320987653,,0.20987654320987653,5000.0,4150.0,,,presidential,4096576,28
UT,Box Elder,60,1996,general,0,0.5701116323471069,UT_1996,original,0,0.13093557953834534,0.13093557953834534,0.274625301361084,26670.0,14128.0,,0.025232404,,3984016,14
UT,Box Elder,60,1998,general,0,0.42774587869644165,UT_1998,original,0,,,,26670.0,11004.0,,0.047826085,,3992004,15
UT,Box Elder,60,2000,general,0,0.5942257046699524,UT_2000,original,0,0.34008124470710754,0.34008124470710754,0.17213501036167145,26670.0,15848.0,,0.054421768,,4000000,16
UT,Box Elder,60,2002,general,0,0.459759384393692,UT_2002,original,0,,,,,12696.0,,0.024629945,,4008004,17
UT,Box Elder,60,2004,general,0,0.6529665589332581,UT_2004,original,0,0.3032325804233551,0.3032325804233551,0.12470130622386932,,18648.0,,0.032663513,,4016016,18
UT,Box Elder,60,2006,general,0,0.4407637417316437,UT_2006,original,0,,,,,13004.0,,0.02953767,,4024036,19
UT,Box Elder,60,2008,general,0,0.6358428001403809,UT_2008,original,0,0.0918579250574112,0.0918579250574112,0.17859646677970886,,19360.0,,0.03432606,,4032064,20
UT,Box Elder,60,2010,general,0,0.41578012704849243,UT_2010,original,0,,,,30925.0,12858.0,,0.026451929,,4040100,21
UT,Box Elder,60,2012,general,0,0.6095847487449646,UT_2012,original,0,0.1490117907524109,0.1490117907524109,0.10395598411560059,32030.0,19525.0,,0.034066353,,4048144,22
UT,Box Elder,60,2014,general,0,0.3040711581707001,UT_2014,original,0,,,,33160.0,10083.0,,0.03076222,,4056196,23
UT,Box Elder,60,2016,general,0,0.5879553556442261,UT_2016,original,0,0.13749463856220245,0.13749463856220245,0.15724916756153107,34040.0,20014.0,,0.0389907,,4064256,24
UT,Box Elder,60,2018,general,1,0.5494862794876099,UT_2018,original,0,,,,35040.0,19254.0,,0.043120436,,4072324,25
UT,Box Elder,60,2020,general,1,0.75945,UT_2020,extension,1,0.18695887445887446,,0.18695887445887446,40000.0,30378.0,,,presidential,4080400,26
UT,Box Elder,60,2022,general,1,0.61165,UT_2022,extension,1,0.245336253000379,,,40000.0,24466.0,,,senate,4088484,27
UT,Box Elder,60,2024,general,1,0.7625,UT_2024,extension,1,0.1750841750841751,,0.1750841750841751,40000.0,30500.0,,,presidential,4096576,28
UT,Cache,61,1996,general,0,0.5217328667640686,UT_1996,original,0,0.1364494413137436,0.1364494413137436,0.2815127968788147,58855.0,27713.0,,0.04297597,,3984016,14
UT,Cache,61,1998,general,0,0.35614192485809326,UT_1998,original,0,,,,58855.0,19939.0,,0.040167592,,3992004,15
UT,Cache,61,2000,general,0,0.575652003288269,UT_2000,original,0,0.2565423846244812,0.2565423846244812,0.16629141569137573,58855.0,33880.0,,0.044958584,,4000000,16
UT,Cache,61,2002,general,0,0.36517465114593506,UT_2002,original,0,,,,,22540.0,,0.04534692,,4008004,17
UT,Cache,61,2004,general,0,0.6244506239891052,UT_2004,original,0,0.350553035736084,0.350553035736084,0.16404621303081512,,40335.0,,0.04939382,,4016016,18
UT,Cache,61,2006,general,0,0.3200039565563202,UT_2006,original,0,,,,,21588.0,,0.05443748,,4024036,19
UT,Cache,61,2008,general,0,0.5996398329734802,UT_2008,original,0,0.1245611384510994,0.1245611384510994,0.26112985610961914,,42173.0,,0.058348127,,4032064,20
UT,Cache,61,2010,general,0,0.35986781120300293,UT_2010,original,0,,,,69595.0,25045.0,,0.053083196,,4040100,21
UT,Cache,61,2012,general,0,0.5932430624961853,UT_2012,original,0,0.19098269939422607,0.19098269939422607,0.15124869346618652,72370.0,42933.0,,0.058808465,,4048144,22
UT,Cache,61,2014,general,1,0.3170347511768341,UT_2014,original,0,,,,74260.0,23543.0,,0.05719443,,4056196,23
UT,Cache,61,2016,general,1,0.6113021373748779,UT_2016,original,0,0.20709991455078125,0.20709991455078125,0.2882970869541168,77065.0,47110.0,,0.07511725,,4064256,24
UT,Cache,61,2018,general,1,0.5085378289222717,UT_2018,original,0,,,,79880.0,40622.0,,0.08606258,,4072324,25
UT,Cache,61,2020,general,1,0.7344222222222222,UT_2020,extension,1,0.2651835826043332,,0.2651835826043332,90000.0,66098.0,,,presidential,4080400,26
UT,Cache,61,2022,general,1,0.6127444444444444,UT_2022,extension,1,0.34461951690090226,,,90000.0,55147.0,,,senate,4088484,27
UT,Cache,61,2024,general,1,0.7388888888888889,UT_2024,extension,1,0.25,,0.25,90000.0,66500.0,,,presidential,4096576,28
UT,Carbon,62,1996,general,0,0.5493297576904297,UT_1996,original,0,0.4439314007759094,0.4439314007759094,0.6403684020042419,14475.0,8037.0,,0.17676143,,3984016,14
UT,Carbon,62,1998,general,0,0.42108801007270813,UT_1998,original,0,,,,14475.0,6128.0,,0.18042158,,3992004,15
UT,Carbon,62,2000,general,0,0.5229706168174744,UT_2000,original,0,0.6434130072593689,0.6434130072593689,0.4674036204814911,14475.0,7570.0,,0.17341806,,4000000,16
UT,Carbon,62,2002,general,0,0.4077869951725006,UT_2002,original,0,,,,,5871.0,,0.17086051,,4008004,17
UT,Carbon,62,2004,general,0,0.6060290932655334,UT_2004,original,0,0.6126093864440918,0.6126093864440918,0.4082486629486084,,8678.0,,0.17182757,,4016016,18
UT,Carbon,62,2006,general,0,0.35143357515335083,UT_2006,original,0,,,,,5005.0,,0.18190213,,4024036,19
UT,Carbon,62,2008,general,0,0.5586742758750916,UT_2008,original,0,0.3279401659965515,0.3279401659965515,0.4587908387184143,,7913.0,,0.1744453,,4032064,20
UT,Carbon,62,2010,general,0,0.36533689498901367,UT_2010,original,0,,,,14915.0,5449.0,,0.16609839,,4040100,21
UT,Carbon,62,2012,general,0,0.5096668004989624,UT_2012,original,0,0.3425353765487671,0.3425353765487671,0.3088934123516083,15155.0,7724.0,,0.16427244,,4048144,22
UT,Carbon,62,2014,general,0,0.3911111056804657,UT_2014,original,0,,,,15075.0,5896.0,,0.16089614,,4056196,23
UT,Carbon,62,2016,general,0,0.5455341935157776,UT_2016,original,0,0.2673501670360565,0.2673501670360565,0.24556636810302734,14835.0,8093.0,,0.15600906,,4064256,24
UT,Carbon,62,2018,general,0,0.48610633611679077,UT_2018,original,0,,,,14575.0,7085.0,,0.15960309,,4072324,25
UT,Carbon,62,2020,general,1,0.6261333333333333,UT_2020,extension,1,0.29213483146067415,,0.29213483146067415,15000.0,9392.0,,,presidential,4080400,26
UT,Carbon,62,2022,general,1,0.507,UT_2022,extension,1,0.3740071213366201,,,15000.0,7605.0,,,senate,4088484,27
UT,Carbon,62,2024,general,1,0.6266666666666667,UT_2024,extension,1,0.27472527472527475,,0.27472527472527475,15000.0,9400.0,,,presidential,4096576,28
UT,Daggett,63,1996,general,0,0.5963274836540222,UT_1996,original,0,0.27000001072883606,0.27000001072883606,0.35597825050354004,695.0,433.0,,0.10169491,,3984016,14
UT,Daggett,63,1998,general,0,0.6178264617919922,UT_1998,original,0,,,,695.0,439.0,,0.06666667,,3992004,15
UT,Daggett,63,2000,general,0,0.6359712481498718,UT_2000,original,0,0.41567695140838623,0.41567695140838623,0.24703088402748108,695.0,442.0,,0.093333334,,4000000,16
UT,Daggett,63,2002,general,0,0.7329517602920532,UT_2002,original,0,,,,,498.0,,0.13461539,,4008004,17
UT,Daggett,63,2004,general,0,0.7335564494132996,UT_2004,original,0,0.4033263921737671,0.4033263921737671,0.22131147980690002,,487.0,,0.08361204,,4016016,18
UT,Daggett,63,2006,general,0,0.9208226799964905,UT_2006,original,0,,,,,597.0,,0.07096774,,4024036,19
UT,Daggett,63,2008,general,0,0.7127304673194885,UT_2008,original,0,0.18119266629219055,0.18119266629219055,0.30607476830482483,,451.0,,0.0743034,,4032064,20
UT,Daggett,63,2010,general,0,0.7585185170173645,UT_2010,original,0,,,,675.0,512.0,,0.07164179,,4040100,21
UT,Daggett,63,2012,general,0,0.7342657446861267,UT_2012,original,0,0.1975308656692505,0.1975308656692505,0.18799999356269836,715.0,525.0,,0.062330622,,4048144,22
UT,Daggett,63,2014,general,0,0.8208695650100708,UT_2014,original,0,,,,575.0,472.0,,0.063535914,,4056196,23
UT,Daggett,63,2016,general,0,0.8203389644622803,UT_2016,original,0,0.22857142984867096,0.22857142984867096,0.18872548639774323,590.0,484.0,,0.07239819,,4064256,24
UT,Daggett,63,2018,general,1,0.9347368478775024,UT_2018,original,0,,,,475.0,444.0,,0.07635468,,4072324,25
UT,Daggett,63,2020,general,1,0.78875,UT_2020,extension,1,0.1631321370309951,,0.1631321370309951,800.0,631.0,,,presidential,4080400,26
UT,Daggett,63,2022,general,1,0.64375,UT_2022,extension,1,0.22954091816367264,,,800.0,515.0,,,senate,4088484,27
UT,Daggett,63,2024,general,1,0.7875,UT_2024,extension,1,0.15447154471544716,,0.15447154471544716,800.0,630.0,,,presidential,4096576,28
UT,Davis,64,1996,general,0,0.5371576547622681,UT_1996,original,0,0.1831386685371399,0.1831386685371399,0.3109603822231293,151185.0,73345.0,,0.05491718,,3984016,14
UT,Davis,64,1998,general,0,0.3548840582370758,UT_1998,original,0,,,,151185.0,51055.0,,0.051236164,,3992004,15
UT,Davis,64,2000,general,0,0.5895227789878845,UT_2000,original,0,0.3631119728088379,0.3631119728088379,0.2264479696750641,151185.0,89127.0,,0.056463405,,4000000,16
UT,Davis,64,2002,general,0,0.4018646478652954,UT_2002,original,0,,,,,63698.0,,0.052474324,,4008004,17
UT,Davis,64,2004,general,0,0.668117105960846,UT_2004,original,0,0.36101090908050537,0.36101090908050537,0.1951158046722412,,110792.0,,0.065085985,,4016016,18
UT,Davis,64,2006,general,0,0.35776838660240173,UT_2006,original,0,,,,,61947.0,,0.06123539,,4024036,19
UT,Davis,64,2008,general,0,0.6255297660827637,UT_2008,original,0,0.15035340189933777,0.15035340189933777,0.282670795917511,,112889.0,,0.07137911,,4032064,20
UT,Davis,64,2010,general,0,0.3769088685512543,UT_2010,original,0,,,,186825.0,70416.0,,0.05940155,,4040100,21
UT,Davis,64,2012,general,0,0.6264081001281738,UT_2012,original,0,0.23138968646526337,0.23138968646526337,0.18432842195034027,194675.0,121946.0,,0.06986653,,4048144,22
UT,Davis,64,2014,general,1,0.32179543375968933,UT_2014,original,0,,,,203070.0,65347.0,,0.06654889,,4056196,23
UT,Davis,64,2016,general,1,0.6633230447769165,UT_2016,original,0,0.23251236975193024,0.23251236975193024,0.3162371516227722,212545.0,140986.0,,0.08085948,,4064256,24
UT,Davis,64,2018,general,1,0.5704469680786133,UT_2018,original,0,,,,222380.0,126856.0,,0.08823556,,4072324,25
UT,Davis,64,2020,general,1,0.6876074074074074,UT_2020,extension,1,0.30026937271439214,,0.30026937271439214,270000.0,185654.0,,,presidential,4080400,26
UT,Davis,64,2022,general,1,0.5809,UT_2022,extension,1,0.38461334920949924,,,270000.0,156843.0,,,senate,4088484,27
UT,Davis,64,2024,general,1,0.6888888888888889,UT_2024,extension,1,0.2849162011173184,,0.2849162011173184,270000.0,186000.0,,,presidential,4096576,28
UT,Duchesne,65,1996,general,0,0.5339908003807068,UT_1996,original,0,0.15595237910747528,0.15595237910747528,0.25197741389274597,9015.0,4452.0,,0.05801105,,3984016,14
UT,Duchesne,65,1998,general,0,0.4559646546840668,UT_1998,original,0,,,,9015.0,3956.0,,0.051155116,,3992004,15
UT,Duchesne,65,2000,general,0,0.5308929681777954,UT_2000,original,0,0.41692858934402466,0.41692858934402466,0.17700523138046265,9015.0,4786.0,,0.055593923,,4000000,16
UT,Duchesne,65,2002,general,0,0.4269881844520569,UT_2002,original,0,,,,,3994.0,,0.05765485,,4008004,17
UT,Duchesne,65,2004,general,0,0.5878604054450989,UT_2004,original,0,0.28238293528556824,0.28238293528556824,0.13467153906822205,,5698.0,,0.062299926,,4016016,18
UT,Duchesne,65,2006,general,0,0.40611395239830017,UT_2006,original,0,,,,,4074.0,,0.059766278,,4024036,19
UT,Duchesne,65,2008,general,0,0.5645791888237,UT_2008,original,0,0.10564269125461578,0.10564269125461578,0.1626785695552826,,5855.0,,0.060927764,,4032064,20
UT,Duchesne,65,2010,general,0,0.4211410880088806,UT_2010,original,0,,,,11305.0,4761.0,,0.054778088,,4040100,21
UT,Duchesne,65,2012,general,1,0.5357767343521118,UT_2012,original,0,0.11323238909244537,0.11323238909244537,0.09253066033124924,12005.0,6432.0,,0.060606062,,4048144,22
UT,Duchesne,65,2014,general,1,0.3224358856678009,UT_2014,original,0,,,,12480.0,4024.0,,0.06027639,,4056196,23
UT,Duchesne,65,2016,general,1,0.5477210879325867,UT_2016,original,0,0.1091269850730896,0.1091269850730896,0.08322236686944962,12835.0,7030.0,,0.05725376,,4064256,24
UT,Duchesne,65,2018,general,1,0.4529525339603424,UT_2018,original,0,,,,12955.0,5868.0,,0.060473587,,4072324,25
UT,Duchesne,65,2020,general,1,0.6870666666666667,UT_2020,extension,1,0.12717337307501242,,0.12717337307501242,15000.0,10306.0,,,presidential,4080400,26
UT,Duchesne,65,2022,general,1,0.5510666666666667,UT_2022,extension,1,0.16645869727976043,,,15000.0,8266.0,,,senate,4088484,27
UT,Duchesne,65,2024,general,1,0.6933333333333334,UT_2024,extension,1,0.11764705882352941,,0.11764705882352941,15000.0,10400.0,,,presidential,4096576,28
UT,Emery,66,1996,general,0,0.6118980646133423,UT_1996,original,0,0.20510931313037872,0.20510931313037872,0.40276145935058594,6875.0,4200.0,,0.026821636,,3984016,14
UT,Emery,66,1998,general,0,0.5841811895370483,UT_1998,original,0,,,,6875.0,4013.0,,0.024890829,,3992004,15
UT,Emery,66,2000,general,0,0.6593454480171204,UT_2000,original,0,0.4282110035419464,0.4282110035419464,0.22804094851016998,6875.0,4533.0,,0.029662589,,4000000,16
UT,Emery,66,2002,general,0,0.6016955971717834,UT_2002,original,0,,,,,4140.0,,0.026043661,,4008004,17
UT,Emery,66,2004,general,0,0.6896490454673767,UT_2004,original,0,0.4015645384788513,0.4015645384788513,0.18018212914466858,,4749.0,,0.03782432,,4016016,18
UT,Emery,66,2006,general,0,0.568367600440979,UT_2006,original,0,,,,,3917.0,,0.03383597,,4024036,19
UT,Emery,66,2008,general,0,0.6589609384536743,UT_2008,original,0,0.1999063640832901,0.1999063640832901,0.22465942800045013,,4545.0,,0.037821483,,4032064,20
UT,Emery,66,2010,general,0,0.5398747324943542,UT_2010,original,0,,,,7185.0,3879.0,,0.03651877,,4040100,21
UT,Emery,66,2012,general,0,0.6266207098960876,UT_2012,original,0,0.17089201509952545,0.17089201509952545,0.1309249848127365,7250.0,4543.0,,0.037393767,,4048144,22
UT,Emery,66,2014,general,0,0.3786795139312744,UT_2014,original,0,,,,7270.0,2753.0,,0.030480167,,4056196,23
UT,Emery,66,2016,general,0,0.6139436364173889,UT_2016,original,0,0.11720456182956696,0.11720456182956696,0.09986859560012817,7100.0,4359.0,,0.036591742,,4064256,24
UT,Emery,66,2018,general,0,0.5674285888671875,UT_2018,original,0,,,,7000.0,3972.0,,0.041679434,,4072324,25
UT,Emery,66,2020,general,1,0.8106666666666666,UT_2020,extension,1,0.12926542276012776,,0.12926542276012776,7500.0,6080.0,,,presidential,4080400,26
UT,Emery,66,2022,general,1,0.6509333333333334,UT_2022,extension,1,0.16677155443675268,,,7500.0,4882.0,,,senate,4088484,27
UT,Emery,66,2024,general,1,0.82,UT_2024,extension,1,0.11960132890365449,,0.11960132890365449,7500.0,6150.0,,,presidential,4096576,28
UT,Garfield,67,1996,general,0,0.5981161594390869,UT_1996,original,0,0.11964385211467743,0.11964385211467743,0.17544947564601898,3185.0,1905.0,,0.055555556,,3984016,14
UT,Garfield,67,1998,general,0,0.4923076927661896,UT_1998,original,0,,,,3185.0,1568.0,,0.15053764,,3992004,15
UT,Garfield,67,2000,general,0,0.6514913439750671,UT_2000,original,0,0.33944955468177795,0.33944955468177795,0.09383236616849899,3185.0,2075.0,,0.034543846,,4000000,16
UT,Garfield,67,2002,general,0,0.5416012406349182,UT_2002,original,0,,,,,1725.0,,0.09677419,,4008004,17
UT,Garfield,67,2004,general,0,0.6985871195793152,UT_2004,original,0,0.2632075548171997,0.2632075548171997,0.125,,2225.0,,0.04084507,,4016016,18
UT,Garfield,67,2006,general,0,0.5384615659713745,UT_2006,original,0,,,,,1715.0,,0.04749788,,4024036,19
UT,Garfield,67,2008,general,0,0.7010989189147949,UT_2008,original,0,0.12038369476795197,0.12038369476795197,0.19148936867713928,,2233.0,,0.051658165,,4032064,20
UT,Garfield,67,2010,general,0,0.4763636291027069,UT_2010,original,0,,,,3575.0,1703.0,,0.044094488,,4040100,21
UT,Garfield,67,2012,general,0,0.604347825050354,UT_2012,original,0,0.15963566303253174,0.15963566303253174,0.1439252346754074,3680.0,2224.0,,0.05137186,,4048144,22
UT,Garfield,67,2014,general,1,0.4715847074985504,UT_2014,original,0,,,,3660.0,1726.0,,0.04517026,,4056196,23
UT,Garfield,67,2016,general,1,0.6628808975219727,UT_2016,original,0,0.16681377589702606,0.16681377589702606,0.18228106200695038,3610.0,2393.0,,0.060299084,,4064256,24
UT,Garfield,67,2018,general,1,0.6013680100440979,UT_2018,original,0,,,,3655.0,2198.0,,0.06505668,,4072324,25
UT,Garfield,67,2020,general,1,0.85075,UT_2020,extension,1,0.1588447653429603,,0.1588447653429603,4000.0,3403.0,,,presidential,4080400,26
UT,Garfield,67,2022,general,1,0.6915,UT_2022,extension,1,0.20995912300260125,,,4000.0,2766.0,,,senate,4088484,27
UT,Garfield,67,2024,general,1,0.8575,UT_2024,extension,1,0.14925373134328357,,0.14925373134328357,4000.0,3430.0,,,presidential,4096576,28
UT,Grand,68,1996,general,0,0.596187174320221,UT_1996,original,0,0.3462025225162506,0.3462025225162506,0.46418893337249756,6090.0,3440.0,,0.101535834,,3984016,14
UT,Grand,68,1998,general,0,0.4758853316307068,UT_1998,original,0,,,,6090.0,2822.0,,0.10911925,,3992004,15
UT,Grand,68,2000,general,0,0.6105090379714966,UT_2000,original,0,0.5207291841506958,0.5207291841506958,0.38859060406684875,6090.0,3718.0,,0.12585033,,4000000,16
UT,Grand,68,2002,general,0,0.5294399857521057,UT_2002,original,0,,,,,3309.0,,0.1348629,,4008004,17
UT,Grand,68,2004,general,0,0.6631825566291809,UT_2004,original,0,0.5528395175933838,0.5528395175933838,0.46589767932891846,,4251.0,,0.14795919,,4016016,18
UT,Grand,68,2006,general,0,0.45859968662261963,UT_2006,original,0,,,,,3013.0,,0.15327695,,4024036,19
UT,Grand,68,2008,general,0,0.6158989667892456,UT_2008,original,0,0.34078946709632874,0.34078946709632874,0.5248857140541077,,4145.0,,0.15222307,,4032064,20
UT,Grand,68,2010,general,0,0.5261234045028687,UT_2010,original,0,,,,6565.0,3454.0,,0.13578732,,4040100,21
UT,Grand,68,2012,general,0,0.5889706015586853,UT_2012,original,0,0.4618539810180664,0.4618539810180664,0.4638732075691223,6800.0,4005.0,,0.15358593,,4048144,22
UT,Grand,68,2014,general,1,0.5143060684204102,UT_2014,original,0,,,,7025.0,3613.0,,0.17141864,,4056196,23
UT,Grand,68,2016,general,1,0.6561353802680969,UT_2016,original,0,0.4770366847515106,0.4770366847515106,0.49809402227401733,7090.0,4652.0,,0.17685138,,4064256,24
UT,Grand,68,2018,general,1,0.6318736672401428,UT_2018,original,0,,,,6965.0,4401.0,,0.19154489,,4072324,25
UT,Grand,68,2020,general,1,0.82,UT_2020,extension,1,0.4398109066351511,,0.4398109066351511,7500.0,6150.0,,,presidential,4080400,26
UT,Grand,68,2022,general,1,0.72,UT_2022,extension,1,0.5662999420961204,,,7500.0,5400.0,,,senate,4088484,27
UT,Grand,68,2024,general,1,0.82,UT_2024,extension,1,0.423728813559322,,0.423728813559322,7500.0,6150.0,,,presidential,4096576,28
UT,Iron,69,1996,general,0,0.5080059170722961,UT_1996,original,0,0.11376505345106125,0.11376505345106125,0.22365769743919373,22635.0,10135.0,,0.03990719,,3984016,14
UT,Iron,69,1998,general,0,0.38083335757255554,UT_1998,original,0,,,,22635.0,8109.0,,0.039354682,,3992004,15
UT,Iron,69,2000,general,0,0.5637287497520447,UT_2000,original,0,0.2893809676170349,0.2893809676170349,0.1503993272781372,22635.0,12760.0,,0.044978235,,4000000,16
UT,Iron,69,2002,general,0,0.4031743109226227,UT_2002,original,0,,,,,9667.0,,0.044262294,,4008004,17
UT,Iron,69,2004,general,0,0.6179835200309753,UT_2004,original,0,0.2977827489376068,0.2977827489376068,0.1503116339445114,,15647.0,,0.047512993,,4016016,18
UT,Iron,69,2006,general,0,0.3798712491989136,UT_2006,original,0,,,,,10128.0,,0.05630317,,4024036,19
UT,Iron,69,2008,general,0,0.6003808975219727,UT_2008,original,0,0.10798121988773346,0.10798121988773346,0.20651622116565704,,16813.0,,0.06019206,,4032064,20
UT,Iron,69,2010,general,0,0.36817649006843567,UT_2010,original,0,,,,29915.0,11014.0,,0.055177625,,4040100,21
UT,Iron,69,2012,general,0,0.5426923036575317,UT_2012,original,0,0.1583751142024994,0.1583751142024994,0.1313922256231308,31200.0,16932.0,,0.059369512,,4048144,22
UT,Iron,69,2014,general,0,0.28741762042045593,UT_2014,original,0,,,,31870.0,9160.0,,0.054323282,,4056196,23
UT,Iron,69,2016,general,1,0.5500921607017517,UT_2016,original,0,0.1598842591047287,0.1598842591047287,0.17486260831356049,32560.0,17911.0,,0.06978961,,4064256,24
UT,Iron,69,2018,general,1,0.4727673828601837,UT_2018,original,0,,,,33985.0,16067.0,,0.07727658,,4072324,25
UT,Iron,69,2020,general,1,0.71195,UT_2020,extension,1,0.17916636619312035,,0.17916636619312035,40000.0,28478.0,,,presidential,4080400,26
UT,Iron,69,2022,general,1,0.58185,UT_2022,extension,1,0.23949468085106382,,,40000.0,23274.0,,,senate,4088484,27
UT,Iron,69,2024,general,1,0.71625,UT_2024,extension,1,0.16845878136200718,,0.16845878136200718,40000.0,28650.0,,,presidential,4096576,28
UT,Juab,70,1996,general,0,0.5895979404449463,UT_1996,original,0,0.2255905568599701,0.2255905568599701,0.41839495301246643,5005.0,2664.0,,0.06009453,,3984016,14
UT,Juab,70,1998,general,0,0.52775639295578,UT_1998,original,0,,,,5005.0,2513.0,,0.048946295,,3992004,15
UT,Juab,70,2000,general,0,0.5760239958763123,UT_2000,original,0,0.42663657665252686,0.42663657665252686,0.23429220914840698,5005.0,2883.0,,0.054081634,,4000000,16
UT,Juab,70,2002,general,0,0.5415052175521851,UT_2002,original,0,,,,,2842.0,,0.048719235,,4008004,17
UT,Juab,70,2004,general,0,0.648254930973053,UT_2004,original,0,0.4058963656425476,0.4058963656425476,0.18411442637443542,,3560.0,,0.05208705,,4016016,18
UT,Juab,70,2006,general,0,0.5933740139007568,UT_2006,original,0,,,,,3403.0,,0.05533752,,4024036,19
UT,Juab,70,2008,general,0,0.620406985282898,UT_2008,original,0,0.18030604720115662,0.18030604720115662,0.21641355752944946,,3709.0,,0.0548926,,4032064,20
UT,Juab,70,2010,general,0,0.47977161407470703,UT_2010,original,0,,,,6130.0,2941.0,,0.05223569,,4040100,21
UT,Juab,70,2012,general,0,0.6338823437690735,UT_2012,original,0,0.15596817433834076,0.15596817433834076,0.11567068845033646,6375.0,4041.0,,0.04859028,,4048144,22
UT,Juab,70,2014,general,0,0.4979907274246216,UT_2014,original,0,,,,6470.0,3222.0,,0.049458485,,4056196,23
UT,Juab,70,2016,general,1,0.7158052325248718,UT_2016,original,0,0.12267002463340759,0.12267002463340759,0.13520954549312592,6675.0,4778.0,,0.053828064,,4064256,24
UT,Juab,70,2018,general,1,0.6106017231941223,UT_2018,original,0,,,,6980.0,4262.0,,0.051464967,,4072324,25
UT,Juab,70,2020,general,1,0.7611764705882353,UT_2020,extension,1,0.15764407048737894,,0.15764407048737894,8500.0,6470.0,,,presidential,4080400,26
UT,Juab,70,2022,general,1,0.6225882352941177,UT_2022,extension,1,0.21159476869022056,,,8500.0,5292.0,,,senate,4088484,27
UT,Juab,70,2024,general,1,0.7647058823529411,UT_2024,extension,1,0.14826498422712933,,0.14826498422712933,8500.0,6500.0,,,presidential,4096576,28
UT,Kane,71,1996,general,0,0.6271874904632568,UT_1996,original,0,0.11769759654998779,0.11769759654998779,0.15307150781154633,4200.0,2453.0,,0.04141414,,3984016,14
UT,Kane,71,1998,general,0,0.5042465329170227,UT_1998,original,0,,,,4200.0,2045.0,,0.034554973,,3992004,15
UT,Kane,71,2000,general,0,0.6828571557998657,UT_2000,original,0,0.28776979446411133,0.28776979446411133,0.14653539657592773,4200.0,2868.0,,0.041666668,,4000000,16
UT,Kane,71,2002,general,0,0.5167519450187683,UT_2002,original,0,,,,,2245.0,,0.042962965,,4008004,17
UT,Kane,71,2004,general,0,0.6921535134315491,UT_2004,original,0,0.2751588225364685,0.2751588225364685,0.19264213740825653,,3107.0,,0.055982437,,4016016,18
UT,Kane,71,2006,general,0,0.5242446064949036,UT_2006,original,0,,,,,2429.0,,0.07514832,,4024036,19
UT,Kane,71,2008,general,0,0.6806511282920837,UT_2008,original,0,0.19027134776115417,0.19027134776115417,0.2790091335773468,,3252.0,,0.07866227,,4032064,20
UT,Kane,71,2010,general,0,0.4731060564517975,UT_2010,original,0,,,,5280.0,2498.0,,0.069121815,,4040100,21
UT,Kane,71,2012,general,0,0.6414883732795715,UT_2012,original,0,0.22383813560009003,0.22383813560009003,0.2278015911579132,5375.0,3448.0,,0.087024696,,4048144,22
UT,Kane,71,2014,general,0,0.36860573291778564,UT_2014,original,0,,,,5415.0,1996.0,,0.09367397,,4056196,23
UT,Kane,71,2016,general,1,0.6493175625801086,UT_2016,original,0,0.21971066296100616,0.21971066296100616,0.24650698900222778,5495.0,3568.0,,0.096473716,,4064256,24
UT,Kane,71,2018,general,1,0.5644128322601318,UT_2018,original,0,,,,5620.0,3172.0,,0.110687025,,4072324,25
UT,Kane,71,2020,general,1,0.7953333333333333,UT_2020,extension,1,0.16713151684187944,,0.16713151684187944,6000.0,4772.0,,,presidential,4080400,26
UT,Kane,71,2022,general,1,0.653,UT_2022,extension,1,0.21763157894736843,,,6000.0,3918.0,,,senate,4088484,27
UT,Kane,71,2024,general,1,0.8,UT_2024,extension,1,0.15778251599147122,,0.15778251599147122,6000.0,4800.0,,,presidential,4096576,28
UT,Millard,72,1996,general,0,0.6128555536270142,UT_1996,original,0,0.14090801775455475,0.14090801775455475,0.26061776280403137,7395.0,4513.0,,0.020348838,,3984016,14
UT,Millard,72,1998,general,0,0.5363547205924988,UT_1998,original,0,,,,7395.0,3958.0,,0.022714982,,3992004,15
UT,Millard,72,2000,general,0,0.6682893633842468,UT_2000,original,0,0.3771490752696991,0.3771490752696991,0.1531016230583191,7395.0,4942.0,,0.023171615,,4000000,16
UT,Millard,72,2002,general,0,0.5135917067527771,UT_2002,original,0,,,,,3806.0,,0.026149305,,4008004,17
UT,Millard,72,2004,general,0,0.6718186140060425,UT_2004,original,0,0.3442964255809784,0.3442964255809784,0.13290870189666748,,4989.0,,0.028674917,,4016016,18
UT,Millard,72,2006,general,0,0.5336170196533203,UT_2006,original,0,,,,,3971.0,,0.02667628,,4024036,19
UT,Millard,72,2008,general,0,0.650510311126709,UT_2008,original,0,0.15297578275203705,0.15297578275203705,0.17184312641620636,,4851.0,,0.030132357,,4032064,20
UT,Millard,72,2010,general,0,0.5602883100509644,UT_2010,original,0,,,,7630.0,4275.0,,0.025343511,,4040100,21
UT,Millard,72,2012,general,0,0.6554772853851318,UT_2012,original,0,0.14811697602272034,0.14811697602272034,0.08779792487621307,7805.0,5116.0,,0.028265107,,4048144,22
UT,Millard,72,2014,general,0,0.505987286567688,UT_2014,original,0,,,,7850.0,3972.0,,0.027202839,,4056196,23
UT,Millard,72,2016,general,1,0.6715098023414612,UT_2016,original,0,0.10703548043966293,0.10703548043966293,0.1004427894949913,7915.0,5315.0,,0.030746076,,4064256,24
UT,Millard,72,2018,general,1,0.583002507686615,UT_2018,original,0,,,,8060.0,4699.0,,0.030982658,,4072324,25
UT,Millard,72,2020,general,1,0.7456842105263158,UT_2020,extension,1,0.11457734330074755,,0.11457734330074755,9500.0,7084.0,,,presidential,4080400,26
UT,Millard,72,2022,general,1,0.5970526315789474,UT_2022,extension,1,0.15035281346119053,,,9500.0,5672.0,,,senate,4088484,27
UT,Millard,72,2024,general,1,0.7557894736842106,UT_2024,extension,1,0.10638297872340426,,0.10638297872340426,9500.0,7180.0,,,presidential,4096576,28
UT,Morgan,73,1996,general,0,0.7434563636779785,UT_1996,original,0,0.16695652902126312,0.16695652902126312,0.34114375710487366,4440.0,2954.0,,0.03841808,,3984016,14
UT,Morgan,73,1998,general,0,0.6553882956504822,UT_1998,original,0,,,,4440.0,2757.0,,0.03653586,,3992004,15
UT,Morgan,73,2000,general,0,0.7614864706993103,UT_2000,original,0,0.4003220498561859,0.4003220498561859,0.18329466879367828,4440.0,3381.0,,0.037510306,,4000000,16
UT,Morgan,73,2002,general,0,0.5390156507492065,UT_2002,original,0,,,,,2519.0,,0.04883227,,4008004,17
UT,Morgan,73,2004,general,0,0.7978940606117249,UT_2004,original,0,0.33412134647369385,0.33412134647369385,0.12509939074516296,,3915.0,,0.040572792,,4016016,18
UT,Morgan,73,2006,general,0,0.6747081875801086,UT_2006,original,0,,,,,3468.0,,0.037472446,,4024036,19
UT,Morgan,73,2008,general,0,0.7857319712638855,UT_2008,original,0,0.09375783056020737,0.09375783056020737,0.17225000262260437,,4222.0,,0.043862067,,4032064,20
UT,Morgan,73,2010,general,0,0.5474137663841248,UT_2010,original,0,,,,5800.0,3175.0,,0.03591059,,4040100,21
UT,Morgan,73,2012,general,0,0.7599999904632568,UT_2012,original,0,0.15900819003582,0.15900819003582,0.08921850472688675,6075.0,4617.0,,0.039990127,,4048144,22
UT,Morgan,73,2014,general,0,0.448384553194046,UT_2014,original,0,,,,6345.0,2845.0,,0.04605002,,4056196,23
UT,Morgan,73,2016,general,1,0.7796584963798523,UT_2016,original,0,0.12750861048698425,0.12750861048698425,0.15325364470481873,6735.0,5251.0,,0.042055063,,4064256,24
UT,Morgan,73,2018,general,1,0.7163208723068237,UT_2018,original,0,,,,7230.0,5179.0,,0.044962883,,4072324,25
UT,Morgan,73,2020,general,1,0.8028888888888889,UT_2020,extension,1,0.16875355719977234,,0.16875355719977234,9000.0,7226.0,,,presidential,4080400,26
UT,Morgan,73,2022,general,1,0.6588888888888889,UT_2022,extension,1,0.23094365951508808,,,9000.0,5930.0,,,senate,4088484,27
UT,Morgan,73,2024,general,1,0.8088888888888889,UT_2024,extension,1,0.15841584158415842,,0.15841584158415842,9000.0,7280.0,,,presidential,4096576,28
UT,Piute,74,1996,general,0,0.7545716166496277,UT_1996,original,0,0.1349431872367859,0.1349431872367859,0.2703533172607422,975.0,729.0,,0.044444446,,3984016,14
UT,Piute,74,1998,general,0,0.901545524597168,UT_1998,original,0,,,,975.0,875.0,,0.05263158,,3992004,15
UT,Piute,74,2000,general,0,0.818461537361145,UT_2000,original,0,0.2824631929397583,0.2824631929397583,0.17523056268692017,975.0,798.0,,0.035714287,,4000000,16
UT,Piute,74,2002,general,0,0.6442427635192871,UT_2002,original,0,,,,,631.0,,0.04347826,,4008004,17
UT,Piute,74,2004,general,0,0.7917560338973999,UT_2004,original,0,0.3143236041069031,0.3143236041069031,0.15994799137115479,,779.0,,0.023206752,,4016016,18
UT,Piute,74,2006,general,0,0.7608768939971924,UT_2006,original,0,,,,,752.0,,0.020703934,,4024036,19
UT,Piute,74,2008,general,0,0.8158925771713257,UT_2008,original,0,0.12549537420272827,0.12549537420272827,0.18170103430747986,,810.0,,0.024691358,,4032064,20
UT,Piute,74,2010,general,0,0.5406392812728882,UT_2010,original,0,,,,1095.0,592.0,,0.021645023,,4040100,21
UT,Piute,74,2012,general,0,0.6650000214576721,UT_2012,original,0,0.11081080883741379,0.11081080883741379,0.0959792509675026,1200.0,798.0,,0.024502298,,4048144,22
UT,Piute,74,2014,general,0,0.45845070481300354,UT_2014,original,0,,,,1420.0,651.0,,0.016304348,,4056196,23
UT,Piute,74,2016,general,0,0.5295373797416687,UT_2016,original,0,0.07894736528396606,0.07894736528396606,0.06983654946088791,1405.0,744.0,,0.022288261,,4064256,24
UT,Piute,74,2018,general,1,0.48561644554138184,UT_2018,original,0,,,,1460.0,709.0,,0.023880597,,4072324,25
UT,Piute,74,2020,general,1,0.76,UT_2020,extension,1,0.10305343511450382,,0.10305343511450382,1400.0,1064.0,,,presidential,4080400,26
UT,Piute,74,2022,general,1,0.6021428571428571,UT_2022,extension,1,0.13763702801461633,,,1400.0,843.0,,,senate,4088484,27
UT,Piute,74,2024,general,1,0.7714285714285715,UT_2024,extension,1,0.09433962264150944,,0.09433962264150944,1400.0,1080.0,,,presidential,4096576,28
UT,Rich,75,1996,general,0,0.7035180330276489,UT_1996,original,0,0.1390306055545807,0.1390306055545807,0.2549857497215271,1255.0,811.0,,0.105882354,,3984016,14
UT,Rich,75,1998,general,0,0.6819565892219543,UT_1998,original,0,,,,1255.0,821.0,,0.125,,3992004,15
UT,Rich,75,2000,general,0,0.7330677509307861,UT_2000,original,0,0.3814317584037781,0.3814317584037781,0.171171173453331,1255.0,920.0,,0.09259259,,4000000,16
UT,Rich,75,2002,general,0,0.6293492317199707,UT_2002,original,0,,,,,822.0,,0.101265825,,4008004,17
UT,Rich,75,2004,general,0,0.7603766322135925,UT_2004,original,0,0.30987292528152466,0.30987292528152466,0.10572259873151779,,1032.0,,0.0591716,,4016016,18
UT,Rich,75,2006,general,0,0.6085206866264343,UT_2006,original,0,,,,,857.0,,0.04608295,,4024036,19
UT,Rich,75,2008,general,0,0.697525680065155,UT_2008,original,0,0.09203723073005676,0.09203723073005676,0.1563451737165451,,1018.0,,0.0375,,4032064,20
UT,Rich,75,2010,general,0,0.50443035364151,UT_2010,original,0,,,,1580.0,797.0,,0.031976745,,4040100,21
UT,Rich,75,2012,general,0,0.6794701814651489,UT_2012,original,0,0.1266874372959137,0.1266874372959137,0.08316633105278015,1510.0,1026.0,,0.032731377,,4048144,22
UT,Rich,75,2014,general,0,0.5107382535934448,UT_2014,original,0,,,,1490.0,761.0,,0.032786883,,4056196,23
UT,Rich,75,2016,general,1,0.7540000081062317,UT_2016,original,0,0.11401869356632233,0.11401869356632233,0.11542730033397675,1500.0,1131.0,,0.032163743,,4064256,24
UT,Rich,75,2018,general,1,0.7548821568489075,UT_2018,original,0,,,,1485.0,1121.0,,0.036654137,,4072324,25
UT,Rich,75,2020,general,1,0.7665,UT_2020,extension,1,0.1410427807486631,,0.1410427807486631,2000.0,1533.0,,,presidential,4080400,26
UT,Rich,75,2022,general,1,0.613,UT_2022,extension,1,0.2008403361344538,,,2000.0,1226.0,,,senate,4088484,27
UT,Rich,75,2024,general,1,0.7725,UT_2024,extension,1,0.13245033112582782,,0.13245033112582782,2000.0,1545.0,,,presidential,4096576,28
UT,Salt Lake,76,1996,general,0,0.5311213135719299,UT_1996,original,0,0.3148636519908905,0.3148636519908905,0.47966670989990234,572910.0,288128.0,,0.13976245,,3984016,14
UT,Salt Lake,76,1998,general,0,0.37752553820610046,UT_1998,original,0,,,,572910.0,210546.0,,0.1378078,,3992004,15
UT,Salt Lake,76,2000,general,0,0.544759213924408,UT_2000,original,0,0.5265085697174072,0.5265085697174072,0.3853546977043152,572910.0,312098.0,,0.14307576,,4000000,16
UT,Salt Lake,76,2002,general,0,0.3843127191066742,UT_2002,original,0,,,,,226022.0,,0.1422366,,4008004,17
UT,Salt Lake,76,2004,general,0,0.6078033447265625,UT_2004,original,0,0.5268818736076355,0.5268818736076355,0.38657346367836,,366706.0,,0.15814413,,4016016,18
UT,Salt Lake,76,2006,general,0,0.3668946325778961,UT_2006,original,0,,,,,226939.0,,0.15892541,,4024036,19
UT,Salt Lake,76,2008,general,0,0.58364337682724,UT_2008,original,0,0.2921088933944702,0.2921088933944702,0.500418484210968,,369884.0,,0.1697168,,4032064,20
UT,Salt Lake,76,2010,general,0,0.3994010090827942,UT_2010,original,0,,,,639420.0,255385.0,,0.1569955,,4040100,21
UT,Salt Lake,76,2012,general,0,0.5863305926322937,UT_2012,original,0,0.4244523346424103,0.4244523346424103,0.3950367271900177,659575.0,386729.0,,0.16842751,,4048144,22
UT,Salt Lake,76,2014,general,0,0.33589449524879456,UT_2014,original,0,,,,682890.0,229379.0,,0.17552683,,4056196,23
UT,Salt Lake,76,2016,general,1,0.6062504053115845,UT_2016,original,0,0.45361870527267456,0.45361870527267456,0.5602409839630127,704435.0,427064.0,,0.19039312,,4064256,24
UT,Salt Lake,76,2018,general,1,0.5817907452583313,UT_2018,original,0,,,,728695.0,423948.0,,0.20092072,,4072324,25
UT,Salt Lake,76,2020,general,1,0.6126085365853658,UT_2020,extension,1,0.5349836090855474,,0.5349836090855474,820000.0,502339.0,,,presidential,4080400,26
UT,Salt Lake,76,2022,general,1,0.5444134146341464,UT_2022,extension,1,0.6121805074431234,,,820000.0,446419.0,,,senate,4088484,27
UT,Salt Lake,76,2024,general,1,0.6158536585365854,UT_2024,extension,1,0.5188284518828452,,0.5188284518828452,820000.0,505000.0,,,presidential,4096576,28
UT,San Juan,77,1996,general,0,0.5324920415878296,UT_1996,original,0,0.3834735155105591,0.3834735155105591,0.4391714632511139,8680.0,4454.0,,0.14723927,,3984016,14
UT,San Juan,77,1998,general,0,0.42383310198783875,UT_1998,original,0,,,,8680.0,3612.0,,0.20113754,,3992004,15
UT,San Juan,77,2000,general,0,0.5571428537368774,UT_2000,original,0,0.5227518081665039,0.5227518081665039,0.403158575296402,8680.0,4836.0,,0.21477872,,4000000,16
UT,San Juan,77,2002,general,0,0.45113152265548706,UT_2002,original,0,,,,,3987.0,,0.20168068,,4008004,17
UT,San Juan,77,2004,general,0,0.5579422116279602,UT_2004,original,0,0.46759742498397827,0.46759742498397827,0.39081403613090515,,5019.0,,0.20625375,,4016016,18
UT,San Juan,77,2006,general,0,0.4426802694797516,UT_2006,original,0,,,,,4052.0,,0.23723622,,4024036,19
UT,San Juan,77,2008,general,0,0.5569689869880676,UT_2008,original,0,0.3812132179737091,0.3812132179737091,0.4770023822784424,,5186.0,,0.21955128,,4032064,20
UT,San Juan,77,2010,general,0,0.4481202960014343,UT_2010,original,0,,,,9310.0,4172.0,,0.20515208,,4040100,21
UT,San Juan,77,2012,general,0,0.5560290813446045,UT_2012,original,0,0.385424941778183,0.385424941778183,0.41032034158706665,9620.0,5349.0,,0.20902501,,4048144,22
UT,San Juan,77,2014,general,1,0.41326531767845154,UT_2014,original,0,,,,9800.0,4050.0,,0.2309237,,4056196,23
UT,San Juan,77,2016,general,1,0.5451095104217529,UT_2016,original,0,0.38252952694892883,0.38252952694892883,0.43567314743995667,10275.0,5601.0,,0.2190763,,4064256,24
UT,San Juan,77,2018,general,1,0.539864182472229,UT_2018,original,0,,,,10310.0,5566.0,,0.23963223,,4072324,25
UT,San Juan,77,2020,general,1,0.6428181818181818,UT_2020,extension,1,0.35886566291477856,,0.35886566291477856,11000.0,7071.0,,,presidential,4080400,26
UT,San Juan,77,2022,general,1,0.5460909090909091,UT_2022,extension,1,0.4300294066770455,,,11000.0,6007.0,,,senate,4088484,27
UT,San Juan,77,2024,general,1,0.6454545454545455,UT_2024,extension,1,0.34306569343065696,,0.34306569343065696,11000.0,7100.0,,,presidential,4096576,28
UT,Sanpete,78,1996,general,0,0.47842350602149963,UT_1996,original,0,0.17147044837474823,0.17147044837474823,0.301596462726593,14595.0,6636.0,,0.046110325,,3984016,14
UT,Sanpete,78,1998,general,0,0.4262695908546448,UT_1998,original,0,,,,14595.0,6067.0,,0.045310244,,3992004,15
UT,Sanpete,78,2000,general,0,0.532785177230835,UT_2000,original,0,0.365943044424057,0.365943044424057,0.173197939991951,14595.0,7776.0,,0.05700586,,4000000,16
UT,Sanpete,78,2002,general,0,0.411038875579834,UT_2002,original,0,,,,,6148.0,,0.0400097,,4008004,17
UT,Sanpete,78,2004,general,0,0.5705167651176453,UT_2004,original,0,0.33968445658683777,0.33968445658683777,0.14512388408184052,,8740.0,,0.043620322,,4016016,18
UT,Sanpete,78,2006,general,0,0.42578381299972534,UT_2006,original,0,,,,,6677.0,,0.045667686,,4024036,19
UT,Sanpete,78,2008,general,0,0.5587797164916992,UT_2008,original,0,0.1422896385192871,0.1422896385192871,0.19662447273731232,,8965.0,,0.047087602,,4032064,20
UT,Sanpete,78,2010,general,0,0.38509246706962585,UT_2010,original,0,,,,17575.0,6768.0,,0.043008603,,4040100,21
UT,Sanpete,78,2012,general,0,0.5254421830177307,UT_2012,original,0,0.15275938808918,0.15275938808918,0.10441082715988159,18375.0,9655.0,,0.04333571,,4048144,22
UT,Sanpete,78,2014,general,1,0.3065936863422394,UT_2014,original,0,,,,19185.0,5882.0,,0.047079507,,4056196,23
UT,Sanpete,78,2016,general,1,0.5177382826805115,UT_2016,original,0,0.10612286627292633,0.10612286627292633,0.1371864527463913,19985.0,10347.0,,0.048294194,,4064256,24
UT,Sanpete,78,2018,general,1,0.4502643048763275,UT_2018,original,0,,,,20810.0,9370.0,,0.05395853,,4072324,25
UT,Sanpete,78,2020,general,1,0.6524090909090909,UT_2020,extension,1,0.16012278697886922,,0.16012278697886922,22000.0,14353.0,,,presidential,4080400,26
UT,Sanpete,78,2022,general,1,0.5298181818181819,UT_2022,extension,1,0.21223371342703085,,,22000.0,11656.0,,,senate,4088484,27
UT,Sanpete,78,2024,general,1,0.6581818181818182,UT_2024,extension,1,0.1501416430594901,,0.1501416430594901,22000.0,14480.0,,,presidential,4096576,28
UT,Sevier,79,1996,general,0,0.5543015599250793,UT_1996,original,0,0.11899790912866592,0.11899790912866592,0.24766704440116882,12215.0,6554.0,,0.022674225,,3984016,14
UT,Sevier,79,1998,general,0,0.408088743686676,UT_1998,original,0,,,,12215.0,4905.0,,0.020488573,,3992004,15
UT,Sevier,79,2000,general,0,0.594433069229126,UT_2000,original,0,0.28862205147743225,0.28862205147743225,0.15362021327018738,12215.0,7261.0,,0.022868507,,4000000,16
UT,Sevier,79,2002,general,0,0.4181118309497833,UT_2002,original,0,,,,,5189.0,,0.022565687,,4008004,17
UT,Sevier,79,2004,general,0,0.6220792531967163,UT_2004,original,0,0.32806482911109924,0.32806482911109924,0.12238924950361252,,7842.0,,0.024570983,,4016016,18
UT,Sevier,79,2006,general,0,0.46079936623573303,UT_2006,original,0,,,,,5899.0,,0.023107179,,4024036,19
UT,Sevier,79,2008,general,0,0.627672553062439,UT_2008,original,0,0.1420259177684784,0.1420259177684784,0.17528697848320007,,8158.0,,0.027869137,,4032064,20
UT,Sevier,79,2010,general,0,0.4414145052433014,UT_2010,original,0,,,,13715.0,6054.0,,0.023681378,,4040100,21
UT,Sevier,79,2012,general,0,0.586546778678894,UT_2012,original,0,0.1360083371400833,0.1360083371400833,0.09288860857486725,13900.0,8153.0,,0.027471675,,4048144,22
UT,Sevier,79,2014,general,1,0.35720399022102356,UT_2014,original,0,,,,14020.0,5008.0,,0.027471237,,4056196,23
UT,Sevier,79,2016,general,1,0.6114065647125244,UT_2016,original,0,0.11001461744308472,0.11001461744308472,0.093476802110672,14290.0,8737.0,,0.028734868,,4064256,24
UT,Sevier,79,2018,general,1,0.513262152671814,UT_2018,original,0,,,,14515.0,7450.0,,0.029669188,,4072324,25
UT,Sevier,79,2020,general,1,0.7233125,UT_2020,extension,1,0.11538122520934332,,0.11538122520934332,16000.0,11573.0,,,presidential,4080400,26
UT,Sevier,79,2022,general,1,0.5785,UT_2022,extension,1,0.1533259423503326,,,16000.0,9256.0,,,senate,4088484,27
UT,Sevier,79,2024,general,1,0.7325,UT_2024,extension,1,0.10791993037423847,,0.10791993037423847,16000.0,11720.0,,,presidential,4096576,28
UT,Summit,80,1996,general,0,0.5495542287826538,UT_1996,original,0,0.3371751606464386,0.3371751606464386,0.5192690491676331,19405.0,9692.0,,0.17388235,,3984016,14
UT,Summit,80,1998,general,0,0.43222248554229736,UT_1998,original,0,,,,19405.0,8005.0,,0.17359051,,3992004,15
UT,Summit,80,2000,general,0,0.6326204538345337,UT_2000,original,0,0.5811812877655029,0.5811812877655029,0.4272448718547821,19405.0,12276.0,,0.1805891,,4000000,16
UT,Summit,80,2002,general,0,0.47783464193344116,UT_2002,original,0,,,,,9695.0,,0.18448862,,4008004,17
UT,Summit,80,2004,general,0,0.7331671714782715,UT_2004,original,0,0.5891938805580139,0.5891938805580139,0.4678468406200409,,15524.0,,0.19959518,,4016016,18
UT,Summit,80,2006,general,0,0.5090593099594116,UT_2006,original,0,,,,,11229.0,,0.20019144,,4024036,19
UT,Summit,80,2008,general,0,0.7435455322265625,UT_2008,original,0,0.2751847207546234,0.2751847207546234,0.5781174302101135,,17059.0,,0.20851332,,4032064,20
UT,Summit,80,2010,general,0,0.5233514904975891,UT_2010,original,0,,,,22975.0,12024.0,,0.20287274,,4040100,21
UT,Summit,80,2012,general,0,0.7296939492225647,UT_2012,original,0,0.4850476384162903,0.4850476384162903,0.47605568170547485,24180.0,17644.0,,0.2119673,,4048144,22
UT,Summit,80,2014,general,0,0.428492933511734,UT_2014,original,0,,,,25480.0,10918.0,,0.21660273,,4056196,23
UT,Summit,80,2016,general,1,0.79339998960495,UT_2016,original,0,0.5143493413925171,0.5143493413925171,0.5888652205467224,26515.0,21037.0,,0.22452012,,4064256,24
UT,Summit,80,2018,general,1,0.7325460910797119,UT_2018,original,0,,,,27945.0,20471.0,,0.24336155,,4072324,25
UT,Summit,80,2020,general,1,0.90140625,UT_2020,extension,1,0.5314569536423841,,0.5314569536423841,32000.0,28845.0,,,presidential,4080400,26
UT,Summit,80,2022,general,1,0.8241875,UT_2022,extension,1,0.6172405623124309,,,32000.0,26374.0,,,senate,4088484,27
UT,Summit,80,2024,general,1,0.896875,UT_2024,extension,1,0.5144927536231884,,0.5144927536231884,32000.0,28700.0,,,presidential,4096576,28
UT,Tooele,81,1996,general,0,0.46137934923171997,UT_1996,original,0,0.2852248251438141,0.2852248251438141,0.5070493817329407,25545.0,9964.0,,0.08468999,,3984016,14
UT,Tooele,81,1998,general,0,0.3493765890598297,UT_1998,original,0,,,,25545.0,8235.0,,0.07544469,,3992004,15
UT,Tooele,81,2000,general,0,0.4988451898097992,UT_2000,original,0,0.47879886627197266,0.47879886627197266,0.3388380706310272,25545.0,12743.0,,0.08261494,,4000000,16
UT,Tooele,81,2002,general,0,0.41269001364707947,UT_2002,original,0,,,,,11357.0,,0.08003767,,4008004,17
UT,Tooele,81,2004,general,0,0.5758481025695801,UT_2004,original,0,0.4362988770008087,0.4362988770008087,0.2532033622264862,,16984.0,,0.08755073,,4016016,18
UT,Tooele,81,2006,general,0,0.39363381266593933,UT_2006,original,0,,,,,12387.0,,0.08596313,,4024036,19
UT,Tooele,81,2008,general,0,0.5266308784484863,UT_2008,original,0,0.19595645368099213,0.19595645368099213,0.3464463949203491,,17612.0,,0.09600912,,4032064,20
UT,Tooele,81,2010,general,0,0.3532904386520386,UT_2010,original,0,,,,34190.0,12079.0,,0.07925801,,4040100,21
UT,Tooele,81,2012,general,0,0.5378554463386536,UT_2012,original,0,0.2754282057285309,0.2754282057285309,0.24074074625968933,36045.0,19387.0,,0.08853028,,4048144,22
UT,Tooele,81,2014,general,0,0.3043443262577057,UT_2014,original,0,,,,37405.0,11384.0,,0.08872305,,4056196,23
UT,Tooele,81,2016,general,0,0.565211832523346,UT_2016,original,0,0.26521632075309753,0.26521632075309753,0.2904967665672302,39180.0,22145.0,,0.09341542,,4064256,24
UT,Tooele,81,2018,general,1,0.5359837412834167,UT_2018,original,0,,,,41755.0,22380.0,,0.09895368,,4072324,25
UT,Tooele,81,2020,general,1,0.6636,UT_2020,extension,1,0.22096167593945235,,0.22096167593945235,50000.0,33180.0,,,presidential,4080400,26
UT,Tooele,81,2022,general,1,0.54858,UT_2022,extension,1,0.2846200515698468,,,50000.0,27429.0,,,senate,4088484,27
UT,Tooele,81,2024,general,1,0.668,UT_2024,extension,1,0.20987654320987653,,0.20987654320987653,50000.0,33400.0,,,presidential,4096576,28
UT,Uintah,82,1996,general,0,0.519411563873291,UT_1996,original,0,0.17088007926940918,0.17088007926940918,0.26544836163520813,16350.0,7846.0,,0.04563492,,3984016,14
UT,Uintah,82,1998,general,0,0.4014553129673004,UT_1998,original,0,,,,16350.0,6314.0,,0.058139537,,3992004,15
UT,Uintah,82,2000,general,0,0.5234251022338867,UT_2000,original,0,0.3751864731311798,0.3751864731311798,0.17081280052661896,16350.0,8558.0,,0.040626813,,4000000,16
UT,Uintah,82,2002,general,0,0.36394762992858887,UT_2002,original,0,,,,,6177.0,,0.032014117,,4008004,17
UT,Uintah,82,2004,general,0,0.5737606287002563,UT_2004,original,0,0.24620279669761658,0.24620279669761658,0.12939493358135223,,10095.0,,0.03808909,,4016016,18
UT,Uintah,82,2006,general,0,0.33710888028144836,UT_2006,original,0,,,,,6141.0,,0.03782895,,4024036,19
UT,Uintah,82,2008,general,0,0.5449365973472595,UT_2008,original,0,0.10266198962926865,0.10266198962926865,0.14763203263282776,,10266.0,,0.040316977,,4032064,20
UT,Uintah,82,2010,general,0,0.375930517911911,UT_2010,original,0,,,,20150.0,7575.0,,0.035588443,,4040100,21
UT,Uintah,82,2012,general,0,0.5514150857925415,UT_2012,original,0,0.09979191422462463,0.09979191422462463,0.08731827139854431,21200.0,11690.0,,0.03859769,,4048144,22
UT,Uintah,82,2014,general,0,0.2585854232311249,UT_2014,original,0,,,,22480.0,5813.0,,0.033573635,,4056196,23
UT,Uintah,82,2016,general,1,0.5499681234359741,UT_2016,original,0,0.11485312134027481,0.11485312134027481,0.09208699315786362,23525.0,12938.0,,0.042345278,,4064256,24
UT,Uintah,82,2018,general,1,0.44515445828437805,UT_2018,original,0,,,,23630.0,10519.0,,0.04490446,,4072324,25
UT,Uintah,82,2020,general,1,0.638576923076923,UT_2020,extension,1,0.10599987667262749,,0.10599987667262749,26000.0,16603.0,,,presidential,4080400,26
UT,Uintah,82,2022,general,1,0.508,UT_2022,extension,1,0.14114441416893733,,,26000.0,13208.0,,,senate,4088484,27
UT,Uintah,82,2024,general,1,0.6461538461538462,UT_2024,extension,1,0.09866017052375152,,0.09866017052375152,26000.0,16800.0,,,presidential,4096576,28
UT,Utah,83,1996,general,0,0.5305977463722229,UT_1996,original,0,0.11699877679347992,0.11699877679347992,0.20798462629318237,229250.0,102268.0,,0.037139814,,3984016,14
UT,Utah,83,1998,general,0,0.3151962161064148,UT_1998,original,0,,,,229250.0,66505.0,,0.03359938,,3992004,15
UT,Utah,83,2000,general,0,0.5330817699432373,UT_2000,original,0,0.3125496506690979,0.3125496506690979,0.1433740258216858,229250.0,122209.0,,0.03742239,,4000000,16
UT,Utah,83,2002,general,0,0.32165080308914185,UT_2002,original,0,,,,,79610.0,,0.035673384,,4008004,17
UT,Utah,83,2004,general,0,0.5690760016441345,UT_2004,original,0,0.2659446597099304,0.2659446597099304,0.11918888241052628,,151237.0,,0.042644795,,4016016,18
UT,Utah,83,2006,general,0,0.3072778284549713,UT_2006,original,0,,,,,87271.0,,0.040294904,,4024036,19
UT,Utah,83,2008,general,0,0.5359982252120972,UT_2008,original,0,0.10357643663883209,0.10357643663883209,0.19478757679462433,,162015.0,,0.048112057,,4032064,20
UT,Utah,83,2010,general,0,0.3499898612499237,UT_2010,original,0,,,,296120.0,103639.0,,0.037560623,,4040100,21
UT,Utah,83,2012,general,0,0.5723511576652527,UT_2012,original,0,0.13504642248153687,0.13504642248153687,0.09918441623449326,313865.0,179641.0,,0.045238256,,4048144,22
UT,Utah,83,2014,general,0,0.26873448491096497,UT_2014,original,0,,,,328045.0,88157.0,,0.04139701,,4056196,23
UT,Utah,83,2016,general,0,0.5929091572761536,UT_2016,original,0,0.1493283361196518,0.1493283361196518,0.21821826696395874,345235.0,204693.0,,0.0564041,,4064256,24
UT,Utah,83,2018,general,1,0.48998403549194336,UT_2018,original,0,,,,363520.0,178119.0,,0.062748305,,4072324,25
UT,Utah,83,2020,general,1,0.723497619047619,UT_2020,extension,1,0.24674358904704988,,0.24674358904704988,420000.0,303869.0,,,presidential,4080400,26
UT,Utah,83,2022,general,1,0.6070071428571429,UT_2022,extension,1,0.31935769818808757,,,420000.0,254943.0,,,senate,4088484,27
UT,Utah,83,2024,general,1,0.7285714285714285,UT_2024,extension,1,0.23310810810810811,,0.23310810810810811,420000.0,306000.0,,,presidential,4096576,28
UT,Wasatch,84,1996,general,0,0.547557532787323,UT_1996,original,0,0.2135355919599533,0.2135355919599533,0.382091224193573,9630.0,4521.0,,0.11445783,,3984016,14
UT,Wasatch,84,1998,general,0,0.46123743057250977,UT_1998,original,0,,,,9630.0,4125.0,,0.114137486,,3992004,15
UT,Wasatch,84,2000,general,0,0.6045690774917603,UT_2000,original,0,0.4790354371070862,0.4790354371070862,0.2787535488605499,9630.0,5822.0,,0.105367795,,4000000,16
UT,Wasatch,84,2002,general,0,0.49095314741134644,UT_2002,original,0,,,,,5065.0,,0.09508716,,4008004,17
UT,Wasatch,84,2004,general,0,0.6959709525108337,UT_2004,original,0,0.4105619490146637,0.4105619490146637,0.2520048916339874,,7658.0,,0.10117348,,4016016,18
UT,Wasatch,84,2006,general,0,0.5219845771789551,UT_2006,original,0,,,,,6102.0,,0.10313368,,4024036,19
UT,Wasatch,84,2008,general,0,0.7005925178527832,UT_2008,original,0,0.17073170840740204,0.17073170840740204,0.3475126028060913,,8671.0,,0.11222012,,4032064,20
UT,Wasatch,84,2010,general,0,0.46988043189048767,UT_2010,original,0,,,,13380.0,6287.0,,0.09777937,,4040100,21
UT,Wasatch,84,2012,general,0,0.6865819096565247,UT_2012,original,0,0.255671888589859,0.255671888589859,0.23281267285346985,14160.0,9722.0,,0.103691705,,4048144,22
UT,Wasatch,84,2014,general,0,0.4327901005744934,UT_2014,original,0,,,,15340.0,6639.0,,0.10263733,,4056196,23
UT,Wasatch,84,2016,general,1,0.7248829007148743,UT_2016,original,0,0.26762011647224426,0.26762011647224426,0.33373284339904785,17080.0,12381.0,,0.11455932,,4064256,24
UT,Wasatch,84,2018,general,1,0.6375579833984375,UT_2018,original,0,,,,19410.0,12375.0,,0.122644834,,4072324,25
UT,Wasatch,84,2020,general,1,0.7965,UT_2020,extension,1,0.31223193441554914,,0.31223193441554914,24000.0,19116.0,,,presidential,4080400,26
UT,Wasatch,84,2022,general,1,0.684,UT_2022,extension,1,0.39252632914604746,,,24000.0,16416.0,,,senate,4088484,27
UT,Wasatch,84,2024,general,1,0.8,UT_2024,extension,1,0.2972972972972973,,0.2972972972972973,24000.0,19200.0,,,presidential,4096576,28
UT,Washington,85,1996,general,0,0.5514282584190369,UT_1996,original,0,0.14140763878822327,0.14140763878822327,0.21449249982833862,60335.0,26543.0,,0.061029118,,3984016,14
UT,Washington,85,1998,general,0,0.37748685479164124,UT_1998,original,0,,,,60335.0,20473.0,,0.05742029,,3992004,15
UT,Washington,85,2000,general,0,0.5429684519767761,UT_2000,original,0,0.29458245635032654,0.29458245635032654,0.1765979379415512,60335.0,32760.0,,0.060368557,,4000000,16
UT,Washington,85,2002,general,0,0.40582525730133057,UT_2002,original,0,,,,,26961.0,,0.05958727,,4008004,17
UT,Washington,85,2004,general,0,0.6196043491363525,UT_2004,original,0,0.2718367576599121,0.2718367576599121,0.1741296947002411,,44943.0,,0.070054315,,4016016,18
UT,Washington,85,2006,general,0,0.38103896379470825,UT_2006,original,0,,,,,29963.0,,0.0748832,,4024036,19
UT,Washington,85,2008,general,0,0.5974036455154419,UT_2008,original,0,0.13511814177036285,0.13511814177036285,0.2248997688293457,,50621.0,,0.079348065,,4032064,20
UT,Washington,85,2010,general,0,0.4092850387096405,UT_2010,original,0,,,,88745.0,36322.0,,0.071301624,,4040100,21
UT,Washington,85,2012,general,0,0.5859492421150208,UT_2012,original,0,0.18069157004356384,0.18069157004356384,0.15719807147979736,93020.0,54505.0,,0.078059606,,4048144,22
UT,Washington,85,2014,general,0,0.3165279030799866,UT_2014,original,0,,,,97290.0,30795.0,,0.08179469,,4056196,23
UT,Washington,85,2016,general,0,0.6032976508140564,UT_2016,original,0,0.1828898787498474,0.1828898787498474,0.1943405419588089,104620.0,63117.0,,0.08542051,,4064256,24
UT,Washington,85,2018,general,1,0.5466737747192383,UT_2018,original,0,,,,112440.0,61468.0,,0.09445492,,4072324,25
UT,Washington,85,2020,general,1,0.7219,UT_2020,extension,1,0.19872857629091228,,0.19872857629091228,130000.0,93847.0,,,presidential,4080400,26
UT,Washington,85,2022,general,1,0.5962846153846154,UT_2022,extension,1,0.2595864284280265,,,130000.0,77517.0,,,senate,4088484,27
UT,Washington,85,2024,general,1,0.7269230769230769,UT_2024,extension,1,0.1875681570338059,,0.1875681570338059,130000.0,94500.0,,,presidential,4096576,28
UT,Wayne,86,1996,general,0,0.6969292163848877,UT_1996,original,0,0.14399999380111694,0.14399999380111694,0.2634194791316986,1680.0,1160.0,,0.048780486,,3984016,14
UT,Wayne,86,1998,general,0,0.685913622379303,UT_1998,original,0,,,,1680.0,1147.0,,0.05409836,,3992004,15
UT,Wayne,86,2000,general,0,0.7666666507720947,UT_2000,original,0,0.38038885593414307,0.38038885593414307,0.17489176988601685,1680.0,1288.0,,0.07012195,,4000000,16
UT,Wayne,86,2002,general,0,0.8146806955337524,UT_2002,original,0,,,,,1375.0,,0.06105006,,4008004,17
UT,Wayne,86,2004,general,0,0.8103538751602173,UT_2004,original,0,0.3423019349575043,0.3423019349575043,0.20805369317531586,,1374.0,,0.07119741,,4016016,18
UT,Wayne,86,2006,general,0,0.6998043060302734,UT_2006,original,0,,,,,1192.0,,0.06998814,,4024036,19
UT,Wayne,86,2008,general,0,0.7790259718894958,UT_2008,original,0,0.18690095841884613,0.18690095841884613,0.26274511218070984,,1333.0,,0.07333994,,4032064,20
UT,Wayne,86,2010,general,0,0.6628895401954651,UT_2010,original,0,,,,1765.0,1170.0,,0.07934783,,4040100,21
UT,Wayne,86,2012,general,0,0.7169312238693237,UT_2012,original,0,0.18541504442691803,0.18541504442691803,0.1648772954940796,1890.0,1355.0,,0.073426574,,4048144,22
UT,Wayne,86,2014,general,1,0.6291776895523071,UT_2014,original,0,,,,1885.0,1186.0,,0.07861937,,4056196,23
UT,Wayne,86,2016,general,1,0.755497395992279,UT_2016,original,0,0.1988430917263031,0.1988430917263031,0.2190784215927124,1910.0,1443.0,,0.082466565,,4064256,24
UT,Wayne,86,2018,general,1,0.724155843257904,UT_2018,original,0,,,,1925.0,1394.0,,0.08834729,,4072324,25
UT,Wayne,86,2020,general,1,0.8718181818181818,UT_2020,extension,1,0.19154628143392188,,0.19154628143392188,2200.0,1918.0,,,presidential,4080400,26
UT,Wayne,86,2022,general,1,0.7122727272727273,UT_2022,extension,1,0.2490170380078637,,,2200.0,1567.0,,,senate,4088484,27
UT,Wayne,86,2024,general,1,0.8772727272727273,UT_2024,extension,1,0.18085106382978725,,0.18085106382978725,2200.0,1930.0,,,presidential,4096576,28
UT,Weber,87,1996,general,0,0.4894159734249115,UT_1996,original,0,0.26560714840888977,0.26560714840888977,0.438184529542923,128270.0,59060.0,,0.08450002,,3984016,14
UT,Weber,87,1998,general,0,0.3430645167827606,UT_1998,original,0,,,,128270.0,42702.0,,0.076900974,,3992004,15
UT,Weber,87,2000,general,0,0.4996725618839264,UT_2000,original,0,0.46816208958625793,0.46816208958625793,0.3362978398799896,128270.0,64093.0,,0.087203085,,4000000,16
UT,Weber,87,2002,general,0,0.328376829624176,UT_2002,original,0,,,,,43368.0,,0.08022351,,4008004,17
UT,Weber,87,2004,general,0,0.5474823713302612,UT_2004,original,0,0.4475114941596985,0.4475114941596985,0.2795063257217407,,74384.0,,0.09779257,,4016016,18
UT,Weber,87,2006,general,0,0.3042745888233185,UT_2006,original,0,,,,,42496.0,,0.093853526,,4024036,19
UT,Weber,87,2008,general,0,0.5200921893119812,UT_2008,original,0,0.1951330006122589,0.1951330006122589,0.3587091863155365,,74613.0,,0.10796211,,4032064,20
UT,Weber,87,2010,general,0,0.31646934151649475,UT_2010,original,0,,,,145695.0,46108.0,,0.09000291,,4040100,21
UT,Weber,87,2012,general,0,0.5059772729873657,UT_2012,original,0,0.2962813973426819,0.2962813973426819,0.26788631081581116,151240.0,76524.0,,0.10663478,,4048144,22
UT,Weber,87,2014,general,0,0.2382155805826187,UT_2014,original,0,,,,155905.0,37139.0,,0.10940625,,4056196,23
UT,Weber,87,2016,general,1,0.539706826210022,UT_2016,original,0,0.31234070658683777,0.31234070658683777,0.36503803730010986,160300.0,86515.0,,0.12313245,,4064256,24
UT,Weber,87,2018,general,1,0.49271994829177856,UT_2018,original,0,,,,166070.0,81826.0,,0.1273677,,4072324,25
UT,Weber,87,2020,general,1,0.6289257142857143,UT_2020,extension,1,0.32774931580791483,,0.32774931580791483,175000.0,110062.0,,,presidential,4080400,26
UT,Weber,87,2022,general,1,0.52936,UT_2022,extension,1,0.40973929048404656,,,175000.0,92638.0,,,senate,4088484,27
UT,Weber,87,2024,general,1,0.6314285714285715,UT_2024,extension,1,0.3127962085308057,,0.3127962085308057,175000.0,110500.0,,,presidential,4096576,28
WA,Adams,88,1996,general,0,0.5596718788146973,WA_1996,original,0,0.4012724757194519,0.4012724757194519,0.4248046875,8500.0,4700.0,0.20404255,,,3984016,29
WA,Adams,88,1998,general,0,0.4458574652671814,WA_1998,original,0,,,,8500.0,3767.0,0.23732413,,,3992004,30
WA,Adams,88,2000,general,0,0.5948235392570496,WA_2000,original,0,0.4611600637435913,0.4611600637435913,0.2901361882686615,8500.0,5056.0,0.53283226,,,4000000,31
WA,Adams,88,2002,general,0,0.4269620478153229,WA_2002,original,0,,,,,3651.0,0.64557654,,,4008004,32
WA,Adams,88,2004,general,0,0.6049599051475525,WA_2004,original,0,0.3051896095275879,0.3051896095275879,0.25957363843917847,,5204.0,0.90334356,,,4016016,33
WA,Adams,88,2006,general,1,0.4291987717151642,WA_2006,original,0,,,,,3714.0,0.998923,,,4024036,34
WA,Adams,88,2008,general,1,0.5670666694641113,WA_2008,original,0,0.3017026484012604,0.3017026484012604,0.3250942528247833,,4936.0,1.0,,,4032064,35
WA,Adams,88,2010,general,1,0.43659621477127075,WA_2010,original,0,,,,8990.0,3925.0,1.0,,,4040100,36
WA,Adams,88,2012,general,1,,WA_2012,original,0,0.29780033230781555,0.29780033230781555,0.32689449191093445,,,,,,4048144,37
WA,Adams,88,2014,general,1,,WA_2014,original,0,,,,,,,,,4056196,38
WA,Adams,88,2016,general,1,,WA_2016,original,0,0.3272843658924103,0.3272843658924103,0.2964399755001068,,,,,,4064256,39
WA,Adams,88,2018,general,1,,WA_2018,original,0,,,,,,,,,4072324,40
WA,Adams,88,2020,general,1,0.8302727272727273,WA_2020,extension,1,0.25236061151079137,,0.25236061151079137,11000.0,9133.0,,,presidential,4080400,41
WA,Adams,88,2022,general,1,0.6765454545454546,WA_2022,extension,1,0.2477753058954394,,,11000.0,7442.0,,,senate,4088484,42
WA,Adams,88,2024,general,1,0.8318181818181818,WA_2024,extension,1,0.23595505617977527,,0.23595505617977527,11000.0,9150.0,,,presidential,4096576,43
WA,Asotin,89,1996,general,0,0.5114946961402893,WA_1996,original,0,0.508880615234375,0.508880615234375,0.5393783450126648,15210.0,7540.0,0.14880636,,,3984016,29
WA,Asotin,89,1998,general,0,0.40472620725631714,WA_1998,original,0,,,,15210.0,6061.0,0.16432932,,,3992004,30
WA,Asotin,89,2000,general,0,0.5368836522102356,WA_2000,original,0,0.6058037877082825,0.6058037877082825,0.35788097977638245,15210.0,8166.0,0.2518981,,,4000000,31
WA,Asotin,89,2002,general,0,0.40448200702667236,WA_2002,original,0,,,,,6247.0,0.41091725,,,4008004,32
WA,Asotin,89,2004,general,0,0.5715328454971313,WA_2004,original,0,0.41804832220077515,0.41804832220077515,0.3841879963874817,,8961.0,0.41859168,,,4016016,33
WA,Asotin,89,2006,general,1,0.47337663173675537,WA_2006,original,0,,,,,7533.0,1.0,,,4024036,34
WA,Asotin,89,2008,general,1,0.6156265139579773,WA_2008,original,0,0.4391905963420868,0.4391905963420868,0.43159541487693787,,9941.0,1.0,,,4032064,35
WA,Asotin,89,2010,general,1,0.5263572931289673,WA_2010,original,0,,,,16485.0,8677.0,1.0,,,4040100,36
WA,Asotin,89,2012,general,1,,WA_2012,original,0,0.41498351097106934,0.41498351097106934,0.41451796889305115,,,,,,4048144,37
WA,Asotin,89,2014,general,1,,WA_2014,original,0,,,,,,,,,4056196,38
WA,Asotin,89,2016,general,1,,WA_2016,original,0,0.4251895844936371,0.4251895844936371,0.35312676429748535,,,,,,4064256,39
WA,Asotin,89,2018,general,1,,WA_2018,original,0,,,,,,,,,4072324,40
WA,Asotin,89,2020,general,1,0.7124117647058823,WA_2020,extension,1,0.34126242460283746,,0.34126242460283746,17000.0,12111.0,,,presidential,4080400,41
WA,Asotin,89,2022,general,1,0.5938235294117648,WA_2022,extension,1,0.3432699155560077,,,17000.0,10095.0,,,senate,4088484,42
WA,Asotin,89,2024,general,1,0.7088235294117647,WA_2024,extension,1,0.3247863247863248,,0.3247863247863248,17000.0,12050.0,,,presidential,4096576,43
WA,Benton,90,1996,general,0,0.6241548657417297,WA_1996,original,0,0.4833616316318512,0.4833616316318512,0.4380255937576294,93960.0,54608.0,0.20469528,,,3984016,29
WA,Benton,90,1998,general,0,0.48591601848602295,WA_1998,original,0,,,,93960.0,44085.0,0.40716797,,,3992004,30
WA,Benton,90,2000,general,0,0.6450297832489014,WA_2000,original,0,0.49696406722068787,0.49696406722068787,0.337117075920105,93960.0,60607.0,0.48014256,,,4000000,31
WA,Benton,90,2002,general,0,0.42538440227508545,WA_2002,original,0,,,,,41345.0,0.5877131,,,4008004,32
WA,Benton,90,2004,general,0,0.6740092635154724,WA_2004,original,0,0.30641597509384155,0.30641597509384155,0.3270004093647003,,67690.0,0.5737627,,,4016016,33
WA,Benton,90,2006,general,1,0.4849930703639984,WA_2006,original,0,,,,,50276.0,0.9996818,,,4024036,34
WA,Benton,90,2008,general,1,0.690500795841217,WA_2008,original,0,0.30257701873779297,0.30257701873779297,0.3669816851615906,,73813.0,0.9999187,,,4032064,35
WA,Benton,90,2010,general,1,0.5746466517448425,WA_2010,original,0,,,,111425.0,64030.0,0.99960953,,,4040100,36
WA,Benton,90,2012,general,1,,WA_2012,original,0,0.3496694266796112,0.3496694266796112,0.3626652657985687,,,,,,4048144,37
WA,Benton,90,2014,general,1,,WA_2014,original,0,,,,,,,,,4056196,38
WA,Benton,90,2016,general,1,,WA_2016,original,0,0.38026827573776245,0.38026827573776245,0.358376145362854,,,,,,4064256,39
WA,Benton,90,2018,general,1,,WA_2018,original,0,,,,,,,,,4072324,40
WA,Benton,90,2020,general,1,0.7492896551724137,WA_2020,extension,1,0.3186810057615825,,0.3186810057615825,145000.0,108647.0,,,presidential,4080400,41
WA,Benton,90,2022,general,1,0.638503448275862,WA_2022,extension,1,0.3104481617318186,,,145000.0,92583.0,,,senate,4088484,42
WA,Benton,90,2024,general,1,0.7517241379310344,WA_2024,extension,1,0.3033175355450237,,0.3033175355450237,145000.0,109000.0,,,presidential,4096576,43
WA,Chelan,91,1996,general,0,0.5907213091850281,WA_1996,original,0,0.42225247621536255,0.42225247621536255,0.4101059138774872,43060.0,24150.0,0.35221532,,,3984016,29
WA,Chelan,91,1998,general,0,0.5062053203582764,WA_1998,original,0,,,,43060.0,21246.0,0.48559728,,,3992004,30
WA,Chelan,91,2000,general,0,0.6232466101646423,WA_2000,original,0,0.4232102930545807,0.4232102930545807,0.3312854468822479,43060.0,26837.0,0.7629392,,,4000000,31
WA,Chelan,91,2002,general,0,0.4615744650363922,WA_2002,original,0,,,,,20378.0,0.8292276,,,4008004,32
WA,Chelan,91,2004,general,0,0.654718279838562,WA_2004,original,0,0.35339295864105225,0.35339295864105225,0.3616550862789154,,29618.0,0.8221352,,,4016016,33
WA,Chelan,91,2006,general,1,0.5076557397842407,WA_2006,original,0,,,,,23518.0,0.9931967,,,4024036,34
WA,Chelan,91,2008,general,1,0.683151364326477,WA_2008,original,0,0.3798912465572357,0.3798912465572357,0.4390811324119568,,32392.0,0.99021363,,,4032064,35
WA,Chelan,91,2010,general,1,0.5836573243141174,WA_2010,original,0,,,,48095.0,28071.0,0.9981832,,,4040100,36
WA,Chelan,91,2012,general,1,,WA_2012,original,0,0.3640580475330353,0.3640580475330353,0.41606906056404114,,,,,,4048144,37
WA,Chelan,91,2014,general,1,,WA_2014,original,0,,,,,,,,,4056196,38
WA,Chelan,91,2016,general,1,,WA_2016,original,0,0.4102366864681244,0.4102366864681244,0.41841650009155273,,,,,,4064256,39
WA,Chelan,91,2018,general,1,,WA_2018,original,0,,,,,,,,,4072324,40
WA,Chelan,91,2020,general,1,0.7731578947368422,WA_2020,extension,1,0.38494274764289577,,0.38494274764289577,57000.0,44070.0,,,presidential,4080400,41
WA,Chelan,91,2022,general,1,0.6611228070175439,WA_2022,extension,1,0.3908350586611456,,,57000.0,37684.0,,,senate,4088484,42
WA,Chelan,91,2024,general,1,0.7719298245614035,WA_2024,extension,1,0.36792452830188677,,0.36792452830188677,57000.0,44000.0,,,presidential,4096576,43
WA,Clallam,92,1996,general,0,0.6531829833984375,WA_1996,original,0,0.49313023686408997,0.49313023686408997,0.5030578970909119,49360.0,30508.0,0.36921462,,,3984016,29
WA,Clallam,92,1998,general,0,0.5877168774604797,WA_1998,original,0,,,,49360.0,28230.0,0.7545519,,,3992004,30
WA,Clallam,92,2000,general,0,0.6688209176063538,WA_2000,original,0,0.5538918972015381,0.5538918972015381,0.45884114503860474,49360.0,33013.0,0.7784812,,,4000000,31
WA,Clallam,92,2002,general,1,0.5515454411506653,WA_2002,original,0,,,,,27956.0,1.0,,,4008004,32
WA,Clallam,92,2004,general,1,0.7183350324630737,WA_2004,original,0,0.4628415107727051,0.4628415107727051,0.47463807463645935,,37363.0,0.99997324,,,4016016,33
WA,Clallam,92,2006,general,1,0.5790026187896729,WA_2006,original,0,,,,,30884.0,0.9997733,,,4024036,34
WA,Clallam,92,2008,general,1,0.7163597345352173,WA_2008,original,0,0.49422144889831543,0.49422144889831543,0.5168706178665161,,39161.0,1.0,,,4032064,35
WA,Clallam,92,2010,general,1,0.6080649495124817,WA_2010,original,0,,,,56045.0,34079.0,1.0,,,4040100,36
WA,Clallam,92,2012,general,1,,WA_2012,original,0,0.4666329324245453,0.4666329324245453,0.5019315481185913,,,,,,4048144,37
WA,Clallam,92,2014,general,1,,WA_2014,original,0,,,,,,,,,4056196,38
WA,Clallam,92,2016,general,1,,WA_2016,original,0,0.4904465079307556,0.4904465079307556,0.4846864640712738,,,,,,4064256,39
WA,Clallam,92,2018,general,1,,WA_2018,original,0,,,,,,,,,4072324,40
WA,Clallam,92,2020,general,1,0.7727704918032787,WA_2020,extension,1,0.477023875624653,,0.477023875624653,61000.0,47139.0,,,presidential,4080400,41
WA,Clallam,92,2022,general,1,0.6744918032786885,WA_2022,extension,1,0.4866261398176292,,,61000.0,41144.0,,,senate,4088484,42
WA,Clallam,92,2024,general,1,0.7672131147540984,WA_2024,extension,1,0.45861297539149887,,0.45861297539149887,61000.0,46800.0,,,presidential,4096576,43
WA,Clark,93,1996,general,0,0.5503348708152771,WA_1996,original,0,0.5264818668365479,0.5264818668365479,0.5275623798370361,231810.0,114392.0,0.45407894,,,3984016,29
WA,Clark,93,1998,general,0,0.44741398096084595,WA_1998,original,0,,,,231810.0,98357.0,0.61104953,,,3992004,30
WA,Clark,93,2000,general,0,0.5924636721611023,WA_2000,original,0,0.5561323165893555,0.5561323165893555,0.47886592149734497,231810.0,137339.0,0.60381246,,,4000000,31
WA,Clark,93,2002,general,0,0.38548222184181213,WA_2002,original,0,,,,,93975.0,0.7657036,,,4008004,32
WA,Clark,93,2004,general,0,0.6735855937004089,WA_2004,original,0,0.4587532877922058,0.4587532877922058,0.47292250394821167,,172277.0,0.70627534,,,4016016,33
WA,Clark,93,2006,general,1,0.4351477324962616,WA_2006,original,0,,,,,116505.0,0.9997339,,,4024036,34
WA,Clark,93,2008,general,1,0.6603143811225891,WA_2008,original,0,0.48989295959472656,0.48989295959472656,0.531029999256134,,184698.0,0.9999134,,,4032064,35
WA,Clark,93,2010,general,1,0.5244554877281189,WA_2010,original,0,,,,284190.0,149045.0,0.9999329,,,4040100,36
WA,Clark,93,2012,general,1,,WA_2012,original,0,0.4691690504550934,0.4691690504550934,0.5011565089225769,,,,,,4048144,37
WA,Clark,93,2014,general,1,,WA_2014,original,0,,,,,,,,,4056196,38
WA,Clark,93,2016,general,1,,WA_2016,original,0,0.4805949330329895,0.4805949330329895,0.5008531212806702,,,,,,4064256,39
WA,Clark,93,2018,general,1,,WA_2018,original,0,,,,,,,,,4072324,40
WA,Clark,93,2020,general,1,0.7756657534246575,WA_2020,extension,1,0.5155103016045139,,0.5155103016045139,365000.0,283118.0,,,presidential,4080400,41
WA,Clark,93,2022,general,1,0.6793643835616439,WA_2022,extension,1,0.5152966437549015,,,365000.0,247968.0,,,senate,4088484,42
WA,Clark,93,2024,general,1,0.7726027397260274,WA_2024,extension,1,0.5,,0.5,365000.0,282000.0,,,presidential,4096576,43
WA,Columbia,94,1996,general,0,0.6696348786354065,WA_1996,original,0,0.44098109006881714,0.44098109006881714,0.43938496708869934,3040.0,1997.0,0.15172759,,,3984016,29
WA,Columbia,94,1998,general,0,0.5861623883247375,WA_1998,original,0,,,,3040.0,1765.0,0.32747877,,,3992004,30
WA,Columbia,94,2000,general,0,0.7016447186470032,WA_2000,original,0,0.4598257541656494,0.4598257541656494,0.25269871950149536,3040.0,2133.0,0.50164086,,,4000000,31
WA,Columbia,94,2002,general,0,0.6031498908996582,WA_2002,original,0,,,,,1851.0,0.55537546,,,4008004,32
WA,Columbia,94,2004,general,0,0.6924318671226501,WA_2004,original,0,0.3285994231700897,0.3285994231700897,0.29156625270843506,,2145.0,0.5864802,,,4016016,33
WA,Columbia,94,2006,general,1,0.6361407041549683,WA_2006,original,0,,,,,1989.0,1.0,,,4024036,34
WA,Columbia,94,2008,general,1,0.7247534990310669,WA_2008,original,0,0.31475701928138733,0.31475701928138733,0.3139588236808777,,2287.0,1.0,,,4032064,35
WA,Columbia,94,2010,general,1,0.7038461565971375,WA_2010,original,0,,,,3120.0,2196.0,1.0,,,4040100,36
WA,Columbia,94,2012,general,1,,WA_2012,original,0,0.2953624427318573,0.2953624427318573,0.2914595603942871,,,,,,4048144,37
WA,Columbia,94,2014,general,1,,WA_2014,original,0,,,,,,,,,4056196,38
WA,Columbia,94,2016,general,1,,WA_2016,original,0,0.3157411515712738,0.3157411515712738,0.26000988483428955,,,,,,4064256,39
WA,Columbia,94,2018,general,1,,WA_2018,original,0,,,,,,,,,4072324,40
WA,Columbia,94,2020,general,1,0.790625,WA_2020,extension,1,0.2650748684743019,,0.2650748684743019,3200.0,2530.0,,,presidential,4080400,41
WA,Columbia,94,2022,general,1,0.6634375,WA_2022,extension,1,0.2625182304326689,,,3200.0,2123.0,,,senate,4088484,42
WA,Columbia,94,2024,general,1,0.790625,WA_2024,extension,1,0.25101214574898784,,0.25101214574898784,3200.0,2530.0,,,presidential,4096576,43
WA,Cowlitz,95,1996,general,0,0.5297194123268127,WA_1996,original,0,0.5807438492774963,0.5807438492774963,0.6167036890983582,66395.0,33930.0,0.5997347,,,3984016,29
WA,Cowlitz,95,1998,general,0,0.4518129825592041,WA_1998,original,0,,,,66395.0,29469.0,0.72092706,,,3992004,30
WA,Cowlitz,95,2000,general,0,0.5624971985816956,WA_2000,original,0,0.5891348719596863,0.5891348719596863,0.519369900226593,66395.0,37347.0,0.71740705,,,4000000,31
WA,Cowlitz,95,2002,general,0,0.4081335961818695,WA_2002,original,0,,,,,27576.0,0.8687627,,,4008004,32
WA,Cowlitz,95,2004,general,0,0.6215410232543945,WA_2004,original,0,0.5019751787185669,0.5019751787185669,0.5164090991020203,,42723.0,0.66954565,,,4016016,33
WA,Cowlitz,95,2006,general,1,0.45263558626174927,WA_2006,original,0,,,,,31643.0,1.0,,,4024036,34
WA,Cowlitz,95,2008,general,1,0.6442509293556213,WA_2008,original,0,0.46384045481681824,0.46384045481681824,0.5571108460426331,,45793.0,0.9990828,,,4032064,35
WA,Cowlitz,95,2010,general,1,0.5165493488311768,WA_2010,original,0,,,,73145.0,37783.0,0.9997089,,,4040100,36
WA,Cowlitz,95,2012,general,1,,WA_2012,original,0,0.4821244478225708,0.4821244478225708,0.522773265838623,,,,,,4048144,37
WA,Cowlitz,95,2014,general,1,,WA_2014,original,0,,,,,,,,,4056196,38
WA,Cowlitz,95,2016,general,1,,WA_2016,original,0,0.428646445274353,0.428646445274353,0.42543891072273254,,,,,,4064256,39
WA,Cowlitz,95,2018,general,1,,WA_2018,original,0,,,,,,,,,4072324,40
WA,Cowlitz,95,2020,general,1,0.6881875,WA_2020,extension,1,0.3817866696808711,,0.3817866696808711,80000.0,55055.0,,,presidential,4080400,41
WA,Cowlitz,95,2022,general,1,0.5855625,WA_2022,extension,1,0.37821751393608277,,,80000.0,46845.0,,,senate,4088484,42
WA,Cowlitz,95,2024,general,1,0.6875,WA_2024,extension,1,0.3667296786389414,,0.3667296786389414,80000.0,55000.0,,,presidential,4096576,43
WA,Douglas,96,1996,general,0,0.5651572346687317,WA_1996,original,0,0.4027199447154999,0.4027199447154999,0.4078165590763092,20475.0,11073.0,0.32421204,,,3984016,29
WA,Douglas,96,1998,general,0,0.4617675542831421,WA_1998,original,0,,,,20475.0,9251.0,0.63701224,,,3992004,30
WA,Douglas,96,2000,general,0,0.5970696210861206,WA_2000,original,0,0.40855351090431213,0.40855351090431213,0.30987513065338135,20475.0,12225.0,0.6564417,,,4000000,31
WA,Douglas,96,2002,general,0,0.4411431849002838,WA_2002,original,0,,,,,9227.0,0.6802861,,,4008004,32
WA,Douglas,96,2004,general,0,0.6210077404975891,WA_2004,original,0,0.33468949794769287,0.33468949794769287,0.3260639011859894,,13263.0,0.7781799,,,4016016,33
WA,Douglas,96,2006,general,1,0.5181588530540466,WA_2006,original,0,,,,,11295.0,1.0000886,,,4024036,34
WA,Douglas,96,2008,general,1,0.692013680934906,WA_2008,original,0,0.33868303894996643,0.33868303894996643,0.3912752568721771,,15390.0,0.9996101,,,4032064,35
WA,Douglas,96,2010,general,1,0.5867887735366821,WA_2010,original,0,,,,22935.0,13458.0,1.0,,,4040100,36
WA,Douglas,96,2012,general,1,,WA_2012,original,0,0.3188444674015045,0.3188444674015045,0.3540538549423218,,,,,,4048144,37
WA,Douglas,96,2014,general,1,,WA_2014,original,0,,,,,,,,,4056196,38
WA,Douglas,96,2016,general,1,,WA_2016,original,0,0.3479345142841339,0.3479345142841339,0.3386819064617157,,,,,,4064256,39
WA,Douglas,96,2018,general,1,,WA_2018,original,0,,,,,,,,,4072324,40
WA,Douglas,96,2020,general,1,0.7864333333333333,WA_2020,extension,1,0.31610729444711855,,0.31610729444711855,30000.0,23593.0,,,presidential,4080400,41
WA,Douglas,96,2022,general,1,0.6667666666666666,WA_2022,extension,1,0.3120384237979652,,,30000.0,20003.0,,,senate,4088484,42
WA,Douglas,96,2024,general,1,0.7866666666666666,WA_2024,extension,1,0.30131004366812225,,0.30131004366812225,30000.0,23600.0,,,presidential,4096576,43
WA,Ferry,97,1996,general,1,0.5654388666152954,WA_1996,original,0,0.44758498668670654,0.44758498668670654,0.5231643319129944,5225.0,2874.0,0.008002783,,,3984016,29
WA,Ferry,97,1998,general,1,0.5467715859413147,WA_1998,original,0,,,,5225.0,2818.0,1.0,,,3992004,30
WA,Ferry,97,2000,general,1,0.5902392268180847,WA_2000,original,0,0.43571925163269043,0.43571925163269043,0.3295615315437317,5225.0,3084.0,1.0,,,4000000,31
WA,Ferry,97,2002,general,1,0.522081196308136,WA_2002,original,0,,,,,2765.0,1.0,,,4008004,32
WA,Ferry,97,2004,general,1,0.6306800842285156,WA_2004,original,0,0.40213972330093384,0.40213972330093384,0.37298136949539185,,3385.0,1.0,,,4016016,33
WA,Ferry,97,2006,general,1,0.5271835327148438,WA_2006,original,0,,,,,2867.0,1.0,,,4024036,34
WA,Ferry,97,2008,general,1,0.6488857865333557,WA_2008,original,0,0.3832853138446808,0.3832853138446808,0.4336387813091278,,3575.0,1.0,,,4032064,35
WA,Ferry,97,2010,general,1,0.5774278044700623,WA_2010,original,0,,,,5715.0,3300.0,1.0,,,4040100,36
WA,Ferry,97,2012,general,1,,WA_2012,original,0,0.37982454895973206,0.37982454895973206,0.3934326469898224,,,,,,4048144,37
WA,Ferry,97,2014,general,1,,WA_2014,original,0,,,,,,,,,4056196,38
WA,Ferry,97,2016,general,1,,WA_2016,original,0,0.3765226900577545,0.3765226900577545,0.3327272832393646,,,,,,4064256,39
WA,Ferry,97,2018,general,1,,WA_2018,original,0,,,,,,,,,4072324,40
WA,Ferry,97,2020,general,1,0.7651666666666667,WA_2020,extension,1,0.2829977628635347,,0.2829977628635347,6000.0,4591.0,,,presidential,4080400,41
WA,Ferry,97,2022,general,1,0.6406666666666667,WA_2022,extension,1,0.277376171352075,,,6000.0,3844.0,,,senate,4088484,42
WA,Ferry,97,2024,general,1,0.77,WA_2024,extension,1,0.26666666666666666,,0.26666666666666666,6000.0,4620.0,,,presidential,4096576,43
WA,Franklin,98,1996,general,0,0.6185254454612732,WA_1996,original,0,0.46659553050994873,0.46659553050994873,0.45484551787376404,24425.0,12654.0,0.20491545,,,3984016,29
WA,Franklin,98,1998,general,0,0.48227256536483765,WA_1998,original,0,,,,24425.0,10823.0,0.19135176,,,3992004,30
WA,Franklin,98,2000,general,0,0.5856704115867615,WA_2000,original,0,0.49724042415618896,0.49724042415618896,0.3512493371963501,24425.0,14305.0,0.19811255,,,4000000,31
WA,Franklin,98,2002,general,0,0.3873019814491272,WA_2002,original,0,,,,,10228.0,0.35236606,,,4008004,32
WA,Franklin,98,2004,general,0,0.5819665789604187,WA_2004,original,0,0.31881365180015564,0.31881365180015564,0.3253684639930725,,16523.0,0.40337712,,,4016016,33
WA,Franklin,98,2006,general,1,0.4291028678417206,WA_2006,original,0,,,,,13034.0,0.99608713,,,4024036,34
WA,Franklin,98,2008,general,1,0.6181097030639648,WA_2008,original,0,0.32406699657440186,0.32406699657440186,0.37947210669517517,,20001.0,1.0,,,4032064,35
WA,Franklin,98,2010,general,1,0.522996723651886,WA_2010,original,0,,,,33570.0,17557.0,1.0,,,4040100,36
WA,Franklin,98,2012,general,1,,WA_2012,original,0,0.3650113642215729,0.3650113642215729,0.3792106807231903,,,,,,4048144,37
WA,Franklin,98,2014,general,1,,WA_2014,original,0,,,,,,,,,4056196,38
WA,Franklin,98,2016,general,1,,WA_2016,original,0,0.4034745693206787,0.4034745693206787,0.4022270441055298,,,,,,4064256,39
WA,Franklin,98,2018,general,1,,WA_2018,original,0,,,,,,,,,4072324,40
WA,Franklin,98,2020,general,1,0.6593272727272728,WA_2020,extension,1,0.30015905476028176,,0.30015905476028176,55000.0,36263.0,,,presidential,4080400,41
WA,Franklin,98,2022,general,1,0.5532727272727272,WA_2022,extension,1,0.29649860894347563,,,55000.0,30430.0,,,senate,4088484,42
WA,Franklin,98,2024,general,1,0.6618181818181819,WA_2024,extension,1,0.28611898016997167,,0.28611898016997167,55000.0,36400.0,,,presidential,4096576,43
WA,Garfield,99,1996,general,0,0.7243427038192749,WA_1996,original,0,0.4055555462837219,0.4055555462837219,0.4437499940395355,1765.0,1301.0,0.49116063,,,3984016,29
WA,Garfield,99,1998,general,0,0.7379719018936157,WA_1998,original,0,,,,1765.0,1314.0,0.33561644,,,3992004,30
WA,Garfield,99,2000,general,0,0.7654390931129456,WA_2000,original,0,0.49922481179237366,0.49922481179237366,0.23400935530662537,1765.0,1351.0,0.38786083,,,4000000,31
WA,Garfield,99,2002,general,0,0.5784693360328674,WA_2002,original,0,,,,,1012.0,0.41403162,,,4008004,32
WA,Garfield,99,2004,general,0,0.7676385641098022,WA_2004,original,0,0.3375394344329834,0.3375394344329834,0.2807692289352417,,1331.0,0.742299,,,4016016,33
WA,Garfield,99,2006,general,1,0.7193016409873962,WA_2006,original,0,,,,,1236.0,0.9854369,,,4024036,34
WA,Garfield,99,2008,general,1,0.8198368549346924,WA_2008,original,0,0.32005900144577026,0.32005900144577026,0.28455284237861633,,1396.0,1.0,,,4032064,35
WA,Garfield,99,2010,general,1,0.6816901564598083,WA_2010,original,0,,,,1775.0,1210.0,1.0,,,4040100,36
WA,Garfield,99,2012,general,1,,WA_2012,original,0,0.26576218008995056,0.26576218008995056,0.26901522278785706,,,,,,4048144,37
WA,Garfield,99,2014,general,1,,WA_2014,original,0,,,,,,,,,4056196,38
WA,Garfield,99,2016,general,1,,WA_2016,original,0,0.29718875885009766,0.29718875885009766,0.24690265953540802,,,,,,4064256,39
WA,Garfield,99,2018,general,1,,WA_2018,original,0,,,,,,,,,4072324,40
WA,Garfield,99,2020,general,1,0.8505555555555555,WA_2020,extension,1,0.2531815137307435,,0.2531815137307435,1800.0,1531.0,,,presidential,4080400,41
WA,Garfield,99,2022,general,1,0.7122222222222222,WA_2022,extension,1,0.24798711755233493,,,1800.0,1282.0,,,senate,4088484,42
WA,Garfield,99,2024,general,1,0.8555555555555555,WA_2024,extension,1,0.24,,0.24,1800.0,1540.0,,,presidential,4096576,43
WA,Grant,100,1996,general,0,0.5495895743370056,WA_1996,original,0,0.4104405343532562,0.4104405343532562,0.4253692030906677,42780.0,22168.0,0.30124503,,,3984016,29
WA,Grant,100,1998,general,0,0.4363563358783722,WA_1998,original,0,,,,42780.0,18134.0,0.362358,,,3992004,30
WA,Grant,100,2000,general,0,0.5629733800888062,WA_2000,original,0,0.40973061323165894,0.40973061323165894,0.30882418155670166,42780.0,24084.0,0.45050657,,,4000000,31
WA,Grant,100,2002,general,0,0.41818341612815857,WA_2002,original,0,,,,,18401.0,0.5900766,,,4008004,32
WA,Grant,100,2004,general,0,0.5807257294654846,WA_2004,original,0,0.3097180426120758,0.3097180426120758,0.3041285574436188,,26263.0,0.6386551,,,4016016,33
WA,Grant,100,2006,general,1,0.43374478816986084,WA_2006,original,0,,,,,20146.0,1.0,,,4024036,34
WA,Grant,100,2008,general,1,0.5847839117050171,WA_2008,original,0,0.31943225860595703,0.31943225860595703,0.3588622212409973,,27876.0,1.0,,,4032064,35
WA,Grant,100,2010,general,1,0.4956371784210205,WA_2010,original,0,,,,49280.0,24425.0,1.0,,,4040100,36
WA,Grant,100,2012,general,1,,WA_2012,original,0,0.3158855438232422,0.3158855438232422,0.3339303135871887,,,,,,4048144,37
WA,Grant,100,2014,general,1,,WA_2014,original,0,,,,,,,,,4056196,38
WA,Grant,100,2016,general,1,,WA_2016,original,0,0.32266172766685486,0.32266172766685486,0.29664236307144165,,,,,,4064256,39
WA,Grant,100,2018,general,1,,WA_2018,original,0,,,,,,,,,4072324,40
WA,Grant,100,2020,general,1,0.70875,WA_2020,extension,1,0.28441857645204316,,0.28441857645204316,60000.0,42525.0,,,presidential,4080400,41
WA,Grant,100,2022,general,1,0.5891666666666666,WA_2022,extension,1,0.27833576642335767,,,60000.0,35350.0,,,senate,4088484,42
WA,Grant,100,2024,general,1,0.7116666666666667,WA_2024,extension,1,0.27053140096618356,,0.27053140096618356,60000.0,42700.0,,,presidential,4096576,43
WA,Grays Harbor,101,1996,general,0,0.5782430171966553,WA_1996,original,0,0.6066439747810364,0.6066439747810364,0.6484320759773254,48330.0,26790.0,0.26954088,,,3984016,29
WA,Grays Harbor,101,1998,general,0,0.4638918340206146,WA_1998,original,0,,,,48330.0,21956.0,0.39146474,,,3992004,30
WA,Grays Harbor,101,2000,general,0,0.5500310659408569,WA_2000,original,0,0.6231335997581482,0.6231335997581482,0.5423784255981445,48330.0,26583.0,0.46544784,,,4000000,31
WA,Grays Harbor,101,2002,general,0,0.3819582462310791,WA_2002,original,0,,,,,18842.0,0.58650887,,,4008004,32
WA,Grays Harbor,101,2004,general,0,0.5614544153213501,WA_2004,original,0,0.5050025582313538,0.5050025582313538,0.5311794281005859,,28258.0,0.62555736,,,4016016,33
WA,Grays Harbor,101,2006,general,1,0.4343658685684204,WA_2006,original,0,,,,,22296.0,1.0,,,4024036,34
WA,Grays Harbor,101,2008,general,1,0.5677240490913391,WA_2008,original,0,0.5398476123809814,0.5398476123809814,0.5746714472770691,,29709.0,1.0,,,4032064,35
WA,Grays Harbor,101,2010,general,1,0.48578089475631714,WA_2010,original,0,,,,53625.0,26050.0,1.0,,,4040100,36
WA,Grays Harbor,101,2012,general,1,,WA_2012,original,0,0.5090097784996033,0.5090097784996033,0.5725765824317932,,,,,,4048144,37
WA,Grays Harbor,101,2014,general,1,,WA_2014,original,0,,,,,,,,,4056196,38
WA,Grays Harbor,101,2016,general,1,,WA_2016,original,0,0.48606351017951965,0.48606351017951965,0.46076589822769165,,,,,,4064256,39
WA,Grays Harbor,101,2018,general,1,,WA_2018,original,0,,,,,,,,,4072324,40
WA,Grays Harbor,101,2020,general,1,0.6465272727272727,WA_2020,extension,1,0.41349465689304954,,0.41349465689304954,55000.0,35559.0,,,presidential,4080400,41
WA,Grays Harbor,101,2022,general,1,0.5496727272727273,WA_2022,extension,1,0.4177302996670366,,,55000.0,30232.0,,,senate,4088484,42
WA,Grays Harbor,101,2024,general,1,0.6436363636363637,WA_2024,extension,1,0.39644970414201186,,0.39644970414201186,55000.0,35400.0,,,presidential,4096576,43
WA,Island,102,1996,general,0,0.6168806552886963,WA_1996,original,0,0.5258989334106445,0.5258989334106445,0.4953145384788513,51700.0,29040.0,0.32224518,,,3984016,29
WA,Island,102,1998,general,0,0.5184683799743652,WA_1998,original,0,,,,51700.0,25606.0,0.42009684,,,3992004,30
WA,Island,102,2000,general,0,0.6489361524581909,WA_2000,original,0,0.5522308945655823,0.5522308945655823,0.4738664925098419,51700.0,33550.0,0.5405663,,,4000000,31
WA,Island,102,2002,general,0,0.48296475410461426,WA_2002,original,0,,,,,26086.0,0.6822817,,,4008004,32
WA,Island,102,2004,general,0,0.6937662363052368,WA_2004,original,0,0.4579211175441742,0.4579211175441742,0.4797471761703491,,39076.0,0.73914933,,,4016016,33
WA,Island,102,2006,general,0,0.5202035307884216,WA_2006,original,0,,,,,30503.0,0.7867095,,,4024036,34
WA,Island,102,2008,general,1,0.6988970637321472,WA_2008,original,0,0.5024411082267761,0.5024411082267761,0.5317230820655823,,42597.0,1.0,,,4032064,35
WA,Island,102,2010,general,1,0.6056228280067444,WA_2010,original,0,,,,60290.0,36513.0,1.0,,,4040100,36
WA,Island,102,2012,general,1,,WA_2012,original,0,0.466695636510849,0.466695636510849,0.5227953195571899,,,,,,4048144,37
WA,Island,102,2014,general,1,,WA_2014,original,0,,,,,,,,,4056196,38
WA,Island,102,2016,general,1,,WA_2016,original,0,0.5027331113815308,0.5027331113815308,0.5316423773765564,,,,,,4064256,39
WA,Island,102,2018,general,1,,WA_2018,original,0,,,,,,,,,4072324,40
WA,Island,102,2020,general,1,0.7892272727272728,WA_2020,extension,1,0.5199319251176294,,0.5199319251176294,66000.0,52089.0,,,presidential,4080400,41
WA,Island,102,2022,general,1,0.6951969696969696,WA_2022,extension,1,0.5307397061161454,,,66000.0,45883.0,,,senate,4088484,42
WA,Island,102,2024,general,1,0.7818181818181819,WA_2024,extension,1,0.5030425963488844,,0.5030425963488844,66000.0,51600.0,,,presidential,4096576,43
WA,Jefferson,103,1996,general,0,0.7544806003570557,WA_1996,original,0,0.5918396711349487,0.5918396711349487,0.6079816222190857,20535.0,14271.0,0.35869947,,,3984016,29
WA,Jefferson,103,1998,general,0,0.6539924144744873,WA_1998,original,0,,,,20535.0,12900.0,0.45147288,,,3992004,30
WA,Jefferson,103,2000,general,0,0.7779887914657593,WA_2000,original,0,0.6331160068511963,0.6331160068511963,0.5760294795036316,20535.0,15976.0,0.5671632,,,4000000,31
WA,Jefferson,103,2002,general,0,0.6439915895462036,WA_2002,original,0,,,,,13746.0,0.63385713,,,4008004,32
WA,Jefferson,103,2004,general,0,0.8473030924797058,WA_2004,original,0,0.5934800505638123,0.5934800505638123,0.6358159780502319,,18772.0,0.7306094,,,4016016,33
WA,Jefferson,103,2006,general,1,0.7079904079437256,WA_2006,original,0,,,,,16259.0,1.0,,,4024036,34
WA,Jefferson,103,2008,general,1,0.8506835103034973,WA_2008,original,0,0.6361430883407593,0.6361430883407593,0.6767439246177673,,20225.0,0.99985164,,,4032064,35
WA,Jefferson,103,2010,general,1,0.7187196016311646,WA_2010,original,0,,,,24680.0,17738.0,0.9998872,,,4040100,36
WA,Jefferson,103,2012,general,1,,WA_2012,original,0,0.6229407787322998,0.6229407787322998,0.6654304265975952,,,,,,4048144,37
WA,Jefferson,103,2014,general,1,,WA_2014,original,0,,,,,,,,,4056196,38
WA,Jefferson,103,2016,general,1,,WA_2016,original,0,0.6552718877792358,0.6552718877792358,0.6770448684692383,,,,,,4064256,39
WA,Jefferson,103,2018,general,1,,WA_2018,original,0,,,,,,,,,4072324,40
WA,Jefferson,103,2020,general,1,0.8293214285714285,WA_2020,extension,1,0.6588493789516165,,0.6588493789516165,28000.0,23221.0,,,presidential,4080400,41
WA,Jefferson,103,2022,general,1,0.7376428571428572,WA_2022,extension,1,0.6857487194938234,,,28000.0,20654.0,,,senate,4088484,42
WA,Jefferson,103,2024,general,1,0.8142857142857143,WA_2024,extension,1,0.639269406392694,,0.639269406392694,28000.0,22800.0,,,presidential,4096576,43
WA,King,104,1996,general,0,0.6311352252960205,WA_1996,original,0,0.6703198552131653,0.6703198552131653,0.6421908736228943,1220300.0,750755.0,0.32205847,,,3984016,29
WA,King,104,1998,general,0,0.5138152837753296,WA_1998,original,0,,,,1220300.0,619104.0,0.44433406,,,3992004,30
WA,King,104,2000,general,0,0.6548905968666077,WA_2000,original,0,0.6761716604232788,0.6761716604232788,0.6357093453407288,1220300.0,799163.0,0.5013883,,,4000000,31
WA,King,104,2002,general,0,0.4437645673751831,WA_2002,original,0,,,,,548353.0,0.5971172,,,4008004,32
WA,King,104,2004,general,0,0.7187445759773254,WA_2004,original,0,0.5903136730194092,0.5903136730194092,0.6584572196006775,,899199.0,0.62834924,,,4016016,33
WA,King,104,2006,general,0,0.501994788646698,WA_2006,original,0,,,,,635753.0,0.6966133,,,4024036,34
WA,King,104,2008,general,0,0.7255504727363586,WA_2008,original,0,0.6416319608688354,0.6416319608688354,0.7139521241188049,,930038.0,0.69664574,,,4032064,35
WA,King,104,2010,general,1,0.5899198651313782,WA_2010,original,0,,,,1299290.0,766477.0,0.9970175,,,4040100,36
WA,King,104,2012,general,1,,WA_2012,original,0,0.6235584616661072,0.6235584616661072,0.7078533172607422,,,,,,4048144,37
WA,King,104,2014,general,1,,WA_2014,original,0,,,,,,,,,4056196,38
WA,King,104,2016,general,1,,WA_2016,original,0,0.6784960031509399,0.6784960031509399,0.7685374617576599,,,,,,4064256,39
WA,King,104,2018,general,1,,WA_2018,original,0,,,,,,,,,4072324,40
WA,King,104,2020,general,1,0.7119078787878788,WA_2020,extension,1,0.7684501926426907,,0.7684501926426907,1650000.0,1174648.0,,,presidential,4080400,41
WA,King,104,2022,general,1,0.6246393939393939,WA_2022,extension,1,0.7815929650203844,,,1650000.0,1030655.0,,,senate,4088484,42
WA,King,104,2024,general,1,0.706060606060606,WA_2024,extension,1,0.7555555555555555,,0.7555555555555555,1650000.0,1165000.0,,,presidential,4096576,43
WA,Kitsap,105,1996,general,0,0.5816716551780701,WA_1996,original,0,0.5483937859535217,0.5483937859535217,0.5557624697685242,165490.0,93315.0,0.42860204,,,3984016,29
WA,Kitsap,105,1998,general,0,0.5152131915092468,WA_1998,original,0,,,,165490.0,83958.0,0.65039665,,,3992004,30
WA,Kitsap,105,2000,general,0,0.6298567652702332,WA_2000,original,0,0.5804518461227417,0.5804518461227417,0.5200302004814148,165490.0,104235.0,0.6980189,,,4000000,31
WA,Kitsap,105,2002,general,0,0.47024136781692505,WA_2002,original,0,,,,,79011.0,0.7869284,,,4008004,32
WA,Kitsap,105,2004,general,0,0.7003218531608582,WA_2004,original,0,0.49325063824653625,0.49325063824653625,0.5222844481468201,,119443.0,0.78106713,,,4016016,33
WA,Kitsap,105,2006,general,1,0.5261698961257935,WA_2006,original,0,,,,,91073.0,0.9968487,,,4024036,34
WA,Kitsap,105,2008,general,1,0.7167850732803345,WA_2008,original,0,0.5073984265327454,0.5073984265327454,0.5628562569618225,,125881.0,0.9934621,,,4032064,35
WA,Kitsap,105,2010,general,1,0.5751026272773743,WA_2010,original,0,,,,183875.0,105747.0,0.9959715,,,4040100,36
WA,Kitsap,105,2012,general,1,,WA_2012,original,0,0.49719712138175964,0.49719712138175964,0.5600675940513611,,,,,,4048144,37
WA,Kitsap,105,2014,general,1,,WA_2014,original,0,,,,,,,,,4056196,38
WA,Kitsap,105,2016,general,1,,WA_2016,original,0,0.5262774229049683,0.5262774229049683,0.5630181431770325,,,,,,4064256,39
WA,Kitsap,105,2018,general,1,,WA_2018,original,0,,,,,,,,,4072324,40
WA,Kitsap,105,2020,general,1,0.7316904761904762,WA_2020,extension,1,0.5391355100544972,,0.5391355100544972,210000.0,153655.0,,,presidential,4080400,41
WA,Kitsap,105,2022,general,1,0.6395619047619048,WA_2022,extension,1,0.552298333281604,,,210000.0,134308.0,,,senate,4088484,42
WA,Kitsap,105,2024,general,1,0.7238095238095238,WA_2024,extension,1,0.5223367697594502,,0.5223367697594502,210000.0,152000.0,,,presidential,4096576,43
WA,Kittitas,106,1996,general,0,0.5449957251548767,WA_1996,original,0,0.5316547155380249,0.5316547155380249,0.5220931172370911,25480.0,12742.0,0.23324439,,,3984016,29
WA,Kittitas,106,1998,general,0,0.45218992233276367,WA_1998,original,0,,,,25480.0,11047.0,0.3107631,,,3992004,30
WA,Kittitas,106,2000,general,0,0.5582025051116943,WA_2000,original,0,0.46934598684310913,0.46934598684310913,0.41652193665504456,25480.0,14223.0,0.3989313,,,4000000,31
WA,Kittitas,106,2002,general,0,0.3837919235229492,WA_2002,original,0,,,,,10182.0,0.4849735,,,4008004,32
WA,Kittitas,106,2004,general,0,0.5893038511276245,WA_2004,original,0,0.39032629132270813,0.39032629132270813,0.4264715313911438,,16253.0,0.46846735,,,4016016,33
WA,Kittitas,106,2006,general,0,0.43625566363334656,WA_2006,original,0,,,,,12490.0,0.7831065,,,4024036,34
WA,Kittitas,106,2008,general,1,0.6094002723693848,WA_2008,original,0,0.3943566679954529,0.3943566679954529,0.45883092284202576,,18087.0,0.9995024,,,4032064,35
WA,Kittitas,106,2010,general,1,0.4962618350982666,WA_2010,original,0,,,,31165.0,15466.0,0.9997414,,,4040100,36
WA,Kittitas,106,2012,general,1,,WA_2012,original,0,0.39896026253700256,0.39896026253700256,0.44831088185310364,,,,,,4048144,37
WA,Kittitas,106,2014,general,1,,WA_2014,original,0,,,,,,,,,4056196,38
WA,Kittitas,106,2016,general,1,,WA_2016,original,0,0.41750770807266235,0.41750770807266235,0.42577746510505676,,,,,,4064256,39
WA,Kittitas,106,2018,general,1,,WA_2018,original,0,,,,,,,,,4072324,40
WA,Kittitas,106,2020,general,1,0.7828787878787878,WA_2020,extension,1,0.35921861811166045,,0.35921861811166045,33000.0,25835.0,,,presidential,4080400,41
WA,Kittitas,106,2022,general,1,0.6628181818181819,WA_2022,extension,1,0.35992420653718615,,,33000.0,21873.0,,,senate,4088484,42
WA,Kittitas,106,2024,general,1,0.7787878787878788,WA_2024,extension,1,0.34274193548387094,,0.34274193548387094,33000.0,25700.0,,,presidential,4096576,43
WA,Klickitat,107,1996,general,0,0.5601601600646973,WA_1996,original,0,0.49203774333000183,0.49203774333000183,0.5469707250595093,13390.0,7152.0,0.2772651,,,3984016,29
WA,Klickitat,107,1998,general,0,0.4924730360507965,WA_1998,original,0,,,,13390.0,6441.0,0.3077162,,,3992004,30
WA,Klickitat,107,2000,general,0,0.6165048480033875,WA_2000,original,0,0.5522850751876831,0.5522850751876831,0.40189000964164734,13390.0,8255.0,0.24615385,,,4000000,31
WA,Klickitat,107,2002,general,0,0.4738301634788513,WA_2002,original,0,,,,,6492.0,0.33718422,,,4008004,32
WA,Klickitat,107,2004,general,0,0.6643485426902771,WA_2004,original,0,0.45118582248687744,0.45118582248687744,0.4458683133125305,,9309.0,0.42700613,,,4016016,33
WA,Klickitat,107,2006,general,0,0.5269024968147278,WA_2006,original,0,,,,,7547.0,0.76268715,,,4024036,34
WA,Klickitat,107,2008,general,1,0.7060739398002625,WA_2008,original,0,0.4541633427143097,0.4541633427143097,0.5010596513748169,,10333.0,1.0,,,4032064,35
WA,Klickitat,107,2010,general,1,0.6033197641372681,WA_2010,original,0,,,,14760.0,8905.0,1.0,,,4040100,36
WA,Klickitat,107,2012,general,1,,WA_2012,original,0,0.4406746029853821,0.4406746029853821,0.46378856897354126,,,,,,4048144,37
WA,Klickitat,107,2014,general,1,,WA_2014,original,0,,,,,,,,,4056196,38
WA,Klickitat,107,2016,general,1,,WA_2016,original,0,0.41913333535194397,0.41913333535194397,0.4201141893863678,,,,,,4064256,39
WA,Klickitat,107,2018,general,1,,WA_2018,original,0,,,,,,,,,4072324,40
WA,Klickitat,107,2020,general,1,0.7291764705882353,WA_2020,extension,1,0.3527254542423737,,0.3527254542423737,17000.0,12396.0,,,presidential,4080400,41
WA,Klickitat,107,2022,general,1,0.618764705882353,WA_2022,extension,1,0.35366332744058143,,,17000.0,10519.0,,,senate,4088484,42
WA,Klickitat,107,2024,general,1,0.7294117647058823,WA_2024,extension,1,0.3375,,0.3375,17000.0,12400.0,,,presidential,4096576,43
WA,Lewis,108,1996,general,0,0.6009316444396973,WA_1996,original,0,0.4215264916419983,0.4215264916419983,0.4383300244808197,48915.0,28166.0,0.31268194,,,3984016,29
WA,Lewis,108,1998,general,0,0.5264468193054199,WA_1998,original,0,,,,48915.0,25213.0,0.46654505,,,3992004,30
WA,Lewis,108,2000,general,0,0.6254932284355164,WA_2000,original,0,0.4330790340900421,0.4330790340900421,0.34758925437927246,48915.0,30596.0,0.62125766,,,4000000,31
WA,Lewis,108,2002,general,0,0.47908151149749756,WA_2002,original,0,,,,,23924.0,0.6853369,,,4008004,32
WA,Lewis,108,2004,general,0,0.6465533375740051,WA_2004,original,0,0.3295067250728607,0.3295067250728607,0.3376353681087494,,32948.0,0.9882846,,,4016016,33
WA,Lewis,108,2006,general,1,0.49348166584968567,WA_2006,original,0,,,,,25652.0,0.9995712,,,4024036,34
WA,Lewis,108,2008,general,1,0.6645738482475281,WA_2008,original,0,0.3546924591064453,0.3546924591064453,0.4018642008304596,,35225.0,0.9999716,,,4032064,35
WA,Lewis,108,2010,general,1,0.5744011998176575,WA_2010,original,0,,,,54690.0,31414.0,1.0,,,4040100,36
WA,Lewis,108,2012,general,1,,WA_2012,original,0,0.3503410518169403,0.3503410518169403,0.3824133276939392,,,,,,4048144,37
WA,Lewis,108,2014,general,1,,WA_2014,original,0,,,,,,,,,4056196,38
WA,Lewis,108,2016,general,1,,WA_2016,original,0,0.3216817378997803,0.3216817378997803,0.30506226420402527,,,,,,4064256,39
WA,Lewis,108,2018,general,1,,WA_2018,original,0,,,,,,,,,4072324,40
WA,Lewis,108,2020,general,1,0.7127333333333333,WA_2020,extension,1,0.2883848032695703,,0.2883848032695703,60000.0,42764.0,,,presidential,4080400,41
WA,Lewis,108,2022,general,1,0.60315,WA_2022,extension,1,0.28339708377671047,,,60000.0,36189.0,,,senate,4088484,42
WA,Lewis,108,2024,general,1,0.7133333333333334,WA_2024,extension,1,0.2753623188405797,,0.2753623188405797,60000.0,42800.0,,,presidential,4096576,43
WA,Lincoln,109,1996,general,0,0.6885566115379333,WA_1996,original,0,0.38924428820610046,0.38924428820610046,0.4111085832118988,7590.0,5168.0,0.17008513,,,3984016,29
WA,Lincoln,109,1998,general,0,0.6152804493904114,WA_1998,original,0,,,,7590.0,4644.0,0.20628768,,,3992004,30
WA,Lincoln,109,2000,general,0,0.7063241004943848,WA_2000,original,0,0.4110913872718811,0.4110913872718811,0.2855128049850464,7590.0,5361.0,0.27159113,,,4000000,31
WA,Lincoln,109,2002,general,0,0.5750618577003479,WA_2002,original,0,,,,,4389.0,0.22055137,,,4008004,32
WA,Lincoln,109,2004,general,0,0.768785297870636,WA_2004,original,0,0.33417630195617676,0.33417630195617676,0.2981996238231659,,5900.0,0.25627118,,,4016016,33
WA,Lincoln,109,2006,general,1,0.6347300410270691,WA_2006,original,0,,,,,4898.0,0.99897915,,,4024036,34
WA,Lincoln,109,2008,general,1,0.7807819247245789,WA_2008,original,0,0.34662163257598877,0.34662163257598877,0.3482433557510376,,6058.0,1.0,,,4032064,35
WA,Lincoln,109,2010,general,1,0.6928660869598389,WA_2010,original,0,,,,7990.0,5536.0,1.0,,,4040100,36
WA,Lincoln,109,2012,general,1,,WA_2012,original,0,0.2956581711769104,0.2956581711769104,0.2916666567325592,,,,,,4048144,37
WA,Lincoln,109,2014,general,1,,WA_2014,original,0,,,,,,,,,4056196,38
WA,Lincoln,109,2016,general,1,,WA_2016,original,0,0.279778391122818,0.279778391122818,0.23243647813796997,,,,,,4064256,39
WA,Lincoln,109,2018,general,1,,WA_2018,original,0,,,,,,,,,4072324,40
WA,Lincoln,109,2020,general,1,0.8375294117647059,WA_2020,extension,1,0.22751398651556448,,0.22751398651556448,8500.0,7119.0,,,presidential,4080400,41
WA,Lincoln,109,2022,general,1,0.7011764705882353,WA_2022,extension,1,0.2240785394419566,,,8500.0,5960.0,,,senate,4088484,42
WA,Lincoln,109,2024,general,1,0.8435294117647059,WA_2024,extension,1,0.21540656205420827,,0.21540656205420827,8500.0,7170.0,,,presidential,4096576,43
WA,Mason,110,1996,general,0,0.6210514307022095,WA_1996,original,0,0.5530214905738831,0.5530214905738831,0.5852526426315308,36865.0,21192.0,0.31488296,,,3984016,29
WA,Mason,110,1998,general,0,0.5330776572227478,WA_1998,original,0,,,,36865.0,18921.0,0.44754505,,,3992004,30
WA,Mason,110,2000,general,0,0.6218093037605286,WA_2000,original,0,0.5652992129325867,0.5652992129325867,0.5146453380584717,36865.0,22923.0,0.5475287,,,4000000,31
WA,Mason,110,2002,general,0,0.451222687959671,WA_2002,original,0,,,,,17253.0,0.6031415,,,4008004,32
WA,Mason,110,2004,general,0,0.6523810029029846,WA_2004,original,0,0.48515379428863525,0.48515379428863525,0.5182267427444458,,25839.0,0.5899222,,,4016016,33
WA,Mason,110,2006,general,1,0.524765133857727,WA_2006,original,0,,,,,21504.0,1.0,,,4024036,34
WA,Mason,110,2008,general,1,0.677647590637207,WA_2008,original,0,0.4957508146762848,0.4957508146762848,0.5443037748336792,,28698.0,0.9998258,,,4032064,35
WA,Mason,110,2010,general,1,0.5615819096565247,WA_2010,original,0,,,,45135.0,25347.0,0.99984217,,,4040100,36
WA,Mason,110,2012,general,1,,WA_2012,original,0,0.47251012921333313,0.47251012921333313,0.5363851189613342,,,,,,4048144,37
WA,Mason,110,2014,general,1,,WA_2014,original,0,,,,,,,,,4056196,38
WA,Mason,110,2016,general,1,,WA_2016,original,0,0.460706889629364,0.460706889629364,0.46719905734062195,,,,,,4064256,39
WA,Mason,110,2018,general,1,,WA_2018,original,0,,,,,,,,,4072324,40
WA,Mason,110,2020,general,1,0.75368,WA_2020,extension,1,0.4448365940417964,,0.4448365940417964,50000.0,37684.0,,,presidential,4080400,41
WA,Mason,110,2022,general,1,0.64568,WA_2022,extension,1,0.45458352122656703,,,50000.0,32284.0,,,senate,4088484,42
WA,Mason,110,2024,general,1,0.75,WA_2024,extension,1,0.42857142857142855,,0.42857142857142855,50000.0,37500.0,,,presidential,4096576,43
WA,Okanogan,111,1996,general,0,0.5229306221008301,WA_1996,original,0,0.42363202571868896,0.42363202571868896,0.44953271746635437,26180.0,13351.0,0.27293837,,,3984016,29
WA,Okanogan,111,1998,general,0,0.46222177147865295,WA_1998,original,0,,,,26180.0,11951.0,0.34741864,,,3992004,30
WA,Okanogan,111,2000,general,0,0.5754774808883667,WA_2000,original,0,0.396616131067276,0.396616131067276,0.31598514318466187,26180.0,15066.0,0.41882384,,,4000000,31
WA,Okanogan,111,2002,general,0,0.45218828320503235,WA_2002,original,0,,,,,11985.0,0.4155194,,,4008004,32
WA,Okanogan,111,2004,general,1,0.6192205548286438,WA_2004,original,0,0.3923042416572571,0.3923042416572571,0.39567261934280396,,16613.0,1.0,,,4016016,33
WA,Okanogan,111,2006,general,1,0.485870361328125,WA_2006,original,0,,,,,13193.0,0.99636173,,,4024036,34
WA,Okanogan,111,2008,general,1,0.6235584616661072,WA_2008,original,0,0.3927014172077179,0.3927014172077179,0.46389615535736084,,17134.0,1.0,,,4032064,35
WA,Okanogan,111,2010,general,1,0.5306172966957092,WA_2010,original,0,,,,28350.0,15043.0,1.0,,,4040100,36
WA,Okanogan,111,2012,general,1,,WA_2012,original,0,0.40550756454467773,0.40550756454467773,0.4352991580963135,,,,,,4048144,37
WA,Okanogan,111,2014,general,1,,WA_2014,original,0,,,,,,,,,4056196,38
WA,Okanogan,111,2016,general,1,,WA_2016,original,0,0.43160581588745117,0.43160581588745117,0.3959014415740967,,,,,,4064256,39
WA,Okanogan,111,2018,general,1,,WA_2018,original,0,,,,,,,,,4072324,40
WA,Okanogan,111,2020,general,1,0.682375,WA_2020,extension,1,0.35730869462212744,,0.35730869462212744,32000.0,21836.0,,,presidential,4080400,41
WA,Okanogan,111,2022,general,1,0.57475,WA_2022,extension,1,0.3569900945520036,,,32000.0,18392.0,,,senate,4088484,42
WA,Okanogan,111,2024,general,1,0.6828125,WA_2024,extension,1,0.3412322274881517,,0.3412322274881517,32000.0,21850.0,,,presidential,4096576,43
WA,Pacific,112,1996,general,0,0.5983359813690186,WA_1996,original,0,0.6285430788993835,0.6285430788993835,0.6622903943061829,15945.0,9349.0,0.24077441,,,3984016,29
WA,Pacific,112,1998,general,0,0.5136522054672241,WA_1998,original,0,,,,15945.0,8108.0,0.3438579,,,3992004,30
WA,Pacific,112,2000,general,0,0.6088429093360901,WA_2000,original,0,0.6023793816566467,0.6023793816566467,0.5477229356765747,15945.0,9708.0,0.4185208,,,4000000,31
WA,Pacific,112,2002,general,0,0.48314186930656433,WA_2002,original,0,,,,,7781.0,0.49145353,,,4008004,32
WA,Pacific,112,2004,general,0,0.6529972553253174,WA_2004,original,0,0.5241448879241943,0.5241448879241943,0.5458643436431885,,10621.0,0.5305527,,,4016016,33
WA,Pacific,112,2006,general,1,0.5394824743270874,WA_2006,original,0,,,,,8861.0,0.99842006,,,4024036,34
WA,Pacific,112,2008,general,1,0.6719927787780762,WA_2008,original,0,0.5228128433227539,0.5228128433227539,0.572260320186615,,11145.0,0.9973082,,,4032064,35
WA,Pacific,112,2010,general,1,0.6056432127952576,WA_2010,original,0,,,,16480.0,9981.0,1.0,,,4040100,36
WA,Pacific,112,2012,general,1,,WA_2012,original,0,0.517261266708374,0.517261266708374,0.5593535900115967,,,,,,4048144,37
WA,Pacific,112,2014,general,1,,WA_2014,original,0,,,,,,,,,4056196,38
WA,Pacific,112,2016,general,1,,WA_2016,original,0,0.49464666843414307,0.49464666843414307,0.46292585134506226,,,,,,4064256,39
WA,Pacific,112,2018,general,1,,WA_2018,original,0,,,,,,,,,4072324,40
WA,Pacific,112,2020,general,1,0.7341176470588235,WA_2020,extension,1,0.43519520519437277,,0.43519520519437277,17000.0,12480.0,,,presidential,4080400,41
WA,Pacific,112,2022,general,1,0.624,WA_2022,extension,1,0.44334734578160134,,,17000.0,10608.0,,,senate,4088484,42
WA,Pacific,112,2024,general,1,0.7311764705882353,WA_2024,extension,1,0.41841004184100417,,0.41841004184100417,17000.0,12430.0,,,presidential,4096576,43
WA,Pend Oreille,113,1996,general,0,0.6307321190834045,WA_1996,original,0,0.46939191222190857,0.46939191222190857,0.5137747526168823,8550.0,5083.0,0.4617352,,,3984016,29
WA,Pend Oreille,113,1998,general,0,0.5871554613113403,WA_1998,original,0,,,,8550.0,4876.0,0.51538146,,,3992004,30
WA,Pend Oreille,113,2000,general,0,0.6411696076393127,WA_2000,original,0,0.5029744505882263,0.5029744505882263,0.39077043533325195,8550.0,5482.0,0.20466983,,,4000000,31
WA,Pend Oreille,113,2002,general,0,0.5422056317329407,WA_2002,original,0,,,,,4769.0,0.19459006,,,4008004,32
WA,Pend Oreille,113,2004,general,1,0.6932775974273682,WA_2004,original,0,0.43251895904541016,0.43251895904541016,0.3848075866699219,,6268.0,0.99904275,,,4016016,33
WA,Pend Oreille,113,2006,general,1,0.5703876614570618,WA_2006,original,0,,,,,5297.0,1.0,,,4024036,34
WA,Pend Oreille,113,2008,general,1,0.6978435516357422,WA_2008,original,0,0.3965756595134735,0.3965756595134735,0.4080267548561096,,6652.0,1.0,,,4032064,35
WA,Pend Oreille,113,2010,general,1,0.6083037853240967,WA_2010,original,0,,,,9875.0,6007.0,0.9998335,,,4040100,36
WA,Pend Oreille,113,2012,general,1,,WA_2012,original,0,0.3705614507198334,0.3705614507198334,0.38823530077934265,,,,,,4048144,37
WA,Pend Oreille,113,2014,general,1,,WA_2014,original,0,,,,,,,,,4056196,38
WA,Pend Oreille,113,2016,general,1,,WA_2016,original,0,0.36606624722480774,0.36606624722480774,0.30664342641830444,,,,,,4064256,39
WA,Pend Oreille,113,2018,general,1,,WA_2018,original,0,,,,,,,,,4072324,40
WA,Pend Oreille,113,2020,general,1,0.7653636363636364,WA_2020,extension,1,0.3013782168557141,,0.3013782168557141,11000.0,8419.0,,,presidential,4080400,41
WA,Pend Oreille,113,2022,general,1,0.6457272727272727,WA_2022,extension,1,0.2957603819997106,,,11000.0,7103.0,,,senate,4088484,42
WA,Pend Oreille,113,2024,general,1,0.7672727272727272,WA_2024,extension,1,0.2874543239951279,,0.2874543239951279,11000.0,8440.0,,,presidential,4096576,43
WA,Pierce,114,1996,general,0,0.5268588662147522,WA_1996,original,0,0.5542768239974976,0.5542768239974976,0.5751660466194153,487010.0,241604.0,0.5998659,,,3984016,29
WA,Pierce,114,1998,general,0,0.4427737891674042,WA_1998,original,0,,,,487010.0,209340.0,0.72033536,,,3992004,30
WA,Pierce,114,2000,general,0,0.5562472939491272,WA_2000,original,0,0.5664235949516296,0.5664235949516296,0.5386044979095459,487010.0,270898.0,0.73464185,,,4000000,31
WA,Pierce,114,2002,general,0,0.38452377915382385,WA_2002,original,0,,,,,192734.0,0.8159328,,,4008004,32
WA,Pierce,114,2004,general,0,0.6150251626968384,WA_2004,original,0,0.4794386327266693,0.4794386327266693,0.5120512247085571,,317012.0,0.8029822,,,4016016,33
WA,Pierce,114,2006,general,0,0.4088899493217468,WA_2006,original,0,,,,,216574.0,0.8375659,,,4024036,34
WA,Pierce,114,2008,general,0,0.6137811541557312,WA_2008,original,0,0.5110439658164978,0.5110439658164978,0.5620577335357666,,333824.0,0.8305544,,,4032064,35
WA,Pierce,114,2010,general,0,0.49116986989974976,WA_2010,original,0,,,,554975.0,272587.0,0.8937587,,,4040100,36
WA,Pierce,114,2012,general,1,,WA_2012,original,0,0.48541632294654846,0.48541632294654846,0.5566785931587219,,,,,,4048144,37
WA,Pierce,114,2014,general,1,,WA_2014,original,0,,,,,,,,,4056196,38
WA,Pierce,114,2016,general,1,,WA_2016,original,0,0.5007618069648743,0.5007618069648743,0.5402584075927734,,,,,,4064256,39
WA,Pierce,114,2018,general,1,,WA_2018,original,0,,,,,,,,,4072324,40
WA,Pierce,114,2020,general,1,0.675321875,WA_2020,extension,1,0.5390508834604615,,0.5390508834604615,640000.0,432206.0,,,presidential,4080400,41
WA,Pierce,114,2022,general,1,0.5841484375,WA_2022,extension,1,0.5453364807130097,,,640000.0,373855.0,,,senate,4088484,42
WA,Pierce,114,2024,general,1,0.671875,WA_2024,extension,1,0.5231143552311436,,0.5231143552311436,640000.0,430000.0,,,presidential,4096576,43
WA,San Juan,115,1996,general,0,0.7084092497825623,WA_1996,original,0,0.6319357752799988,0.6319357752799988,0.5921435356140137,11060.0,7432.0,0.41052207,,,3984016,29
WA,San Juan,115,1998,general,0,0.6575995087623596,WA_1998,original,0,,,,11060.0,7086.0,0.52455544,,,3992004,30
WA,San Juan,115,2000,general,0,0.7662748694419861,WA_2000,original,0,0.6673689484596252,0.6673689484596252,0.5956129431724548,11060.0,8475.0,0.56471974,,,4000000,31
WA,San Juan,115,2002,general,0,0.6226836442947388,WA_2002,original,0,,,,,7064.0,0.5952718,,,4008004,32
WA,San Juan,115,2004,general,0,0.8723963499069214,WA_2004,original,0,0.616030216217041,0.616030216217041,0.6669703125953674,,10145.0,0.6352883,,,4016016,33
WA,San Juan,115,2006,general,1,0.6970341801643372,WA_2006,original,0,,,,,8304.0,0.9985549,,,4024036,34
WA,San Juan,115,2008,general,1,0.8718801736831665,WA_2008,original,0,0.677307665348053,0.677307665348053,0.7137050032615662,,10635.0,0.99981195,,,4032064,35
WA,San Juan,115,2010,general,1,0.753271758556366,WA_2010,original,0,,,,12455.0,9382.0,0.9996802,,,4040100,36
WA,San Juan,115,2012,general,1,,WA_2012,original,0,0.6481694579124451,0.6481694579124451,0.6960726976394653,,,,,,4048144,37
WA,San Juan,115,2014,general,1,,WA_2014,original,0,,,,,,,,,4056196,38
WA,San Juan,115,2016,general,1,,WA_2016,original,0,0.6911182403564453,0.6911182403564453,0.7273833751678467,,,,,,4064256,39
WA,San Juan,115,2018,general,1,,WA_2018,original,0,,,,,,,,,4072324,40
WA,San Juan,115,2020,general,1,0.8520714285714286,WA_2020,extension,1,0.682799442896936,,0.682799442896936,14000.0,11929.0,,,presidential,4080400,41
WA,San Juan,115,2022,general,1,0.7606428571428572,WA_2022,extension,1,0.7062815044590927,,,14000.0,10649.0,,,senate,4088484,42
WA,San Juan,115,2024,general,1,0.8357142857142857,WA_2024,extension,1,0.6666666666666666,,0.6666666666666666,14000.0,11700.0,,,presidential,4096576,43
WA,Skagit,116,1996,general,0,0.6257066130638123,WA_1996,original,0,0.5280954241752625,0.5280954241752625,0.5273550152778625,71125.0,41849.0,0.24777175,,,3984016,29
WA,Skagit,116,1998,general,0,0.5162172913551331,WA_1998,original,0,,,,71125.0,35621.0,0.331546,,,3992004,30
WA,Skagit,116,2000,general,0,0.6444288492202759,WA_2000,original,0,0.5475430488586426,0.5475430488586426,0.47968071699142456,71125.0,45835.0,0.5100687,,,4000000,31
WA,Skagit,116,2002,general,0,0.4598332941532135,WA_2002,original,0,,,,,33681.0,0.52222323,,,4008004,32
WA,Skagit,116,2004,general,0,0.6993093490600586,WA_2004,original,0,0.4606788456439972,0.4606788456439972,0.4901697039604187,,52705.0,0.5791291,,,4016016,33
WA,Skagit,116,2006,general,1,0.5373840928077698,WA_2006,original,0,,,,,41641.0,1.0,,,4024036,34
WA,Skagit,116,2008,general,1,0.7113728523254395,WA_2008,original,0,0.50333571434021,0.50333571434021,0.5490134954452515,,56632.0,1.0,,,4032064,35
WA,Skagit,116,2010,general,1,0.6072558164596558,WA_2010,original,0,,,,80625.0,48960.0,1.0,,,4040100,36
WA,Skagit,116,2012,general,1,,WA_2012,original,0,0.4732539653778076,0.4732539653778076,0.5336408615112305,,,,,,4048144,37
WA,Skagit,116,2014,general,1,,WA_2014,original,0,,,,,,,,,4056196,38
WA,Skagit,116,2016,general,1,,WA_2016,original,0,0.4962438941001892,0.4962438941001892,0.5189981460571289,,,,,,4064256,39
WA,Skagit,116,2018,general,1,,WA_2018,original,0,,,,,,,,,4072324,40
WA,Skagit,116,2020,general,1,0.7812448979591837,WA_2020,extension,1,0.47579855253849923,,0.47579855253849923,98000.0,76562.0,,,presidential,4080400,41
WA,Skagit,116,2022,general,1,0.6798979591836735,WA_2022,extension,1,0.48236102865356373,,,98000.0,66630.0,,,senate,4088484,42
WA,Skagit,116,2024,general,1,0.7775510204081633,WA_2024,extension,1,0.4589041095890411,,0.4589041095890411,98000.0,76200.0,,,presidential,4096576,43
WA,Skamania,117,1996,general,0,0.5814058780670166,WA_1996,original,0,0.520380437374115,0.520380437374115,0.5541626214981079,7075.0,3846.0,0.56838274,,,3984016,29
WA,Skamania,117,1998,general,0,0.49510592222213745,WA_1998,original,0,,,,7075.0,3389.0,0.62142223,,,3992004,30
WA,Skamania,117,2000,general,0,0.6117314696311951,WA_2000,original,0,0.5646687746047974,0.5646687746047974,0.4490266442298889,7075.0,4328.0,0.6640481,,,4000000,31
WA,Skamania,117,2002,general,0,0.48336756229400635,WA_2002,original,0,,,,,3531.0,0.55083543,,,4008004,32
WA,Skamania,117,2004,general,1,0.6891838312149048,WA_2004,original,0,0.469314843416214,0.469314843416214,0.46833693981170654,,5193.0,1.0,,,4016016,33
WA,Skamania,117,2006,general,1,0.5357372760772705,WA_2006,original,0,,,,,4160.0,0.99735576,,,4024036,34
WA,Skamania,117,2008,general,1,0.6963102221488953,WA_2008,original,0,0.4768458306789398,0.4768458306789398,0.5274293422698975,,5567.0,0.99964076,,,4032064,35
WA,Skamania,117,2010,general,1,0.5655757784843445,WA_2010,original,0,,,,8250.0,4666.0,0.9995714,,,4040100,36
WA,Skamania,117,2012,general,1,,WA_2012,original,0,0.45915865898132324,0.45915865898132324,0.4944496750831604,,,,,,4048144,37
WA,Skamania,117,2014,general,1,,WA_2014,original,0,,,,,,,,,4056196,38
WA,Skamania,117,2016,general,1,,WA_2016,original,0,0.44452422857284546,0.44452422857284546,0.43255814909935,,,,,,4064256,39
WA,Skamania,117,2018,general,1,,WA_2018,original,0,,,,,,,,,4072324,40
WA,Skamania,117,2020,general,1,0.7826315789473685,WA_2020,extension,1,0.3837371205792258,,0.3837371205792258,9500.0,7435.0,,,presidential,4080400,41
WA,Skamania,117,2022,general,1,0.6652631578947369,WA_2022,extension,1,0.3858267716535433,,,9500.0,6320.0,,,senate,4088484,42
WA,Skamania,117,2024,general,1,0.7821052631578947,WA_2024,extension,1,0.3682008368200837,,0.3682008368200837,9500.0,7430.0,,,presidential,4096576,43
WA,Snohomish,118,1996,general,0,0.5751789808273315,WA_1996,original,0,0.5740016102790833,0.5740016102790833,0.572422206401825,414150.0,225026.0,0.30724004,,,3984016,29
WA,Snohomish,118,1998,general,0,0.46991613507270813,WA_1998,original,0,,,,414150.0,189230.0,0.42523912,,,3992004,30
WA,Snohomish,118,2000,general,0,0.6119111180305481,WA_2000,original,0,0.5799444317817688,0.5799444317817688,0.541795015335083,414150.0,253423.0,0.5037506,,,4000000,31
WA,Snohomish,118,2002,general,0,0.4254470467567444,WA_2002,original,0,,,,,181075.0,0.6435234,,,4008004,32
WA,Snohomish,118,2004,general,0,0.6799494028091431,WA_2004,original,0,0.48869624733924866,0.48869624733924866,0.5380882620811462,,297187.0,0.6761938,,,4016016,33
WA,Snohomish,118,2006,general,1,0.46427541971206665,WA_2006,original,0,,,,,208243.0,0.99360365,,,4024036,34
WA,Snohomish,118,2008,general,1,0.7047454714775085,WA_2008,original,0,0.5267345309257507,0.5267345309257507,0.5964472889900208,,324179.0,0.9795422,,,4032064,35
WA,Snohomish,118,2010,general,1,0.5657177567481995,WA_2010,original,0,,,,478440.0,270662.0,0.99610215,,,4040100,36
WA,Snohomish,118,2012,general,1,,WA_2012,original,0,0.5123302340507507,0.5123302340507507,0.586305558681488,,,,,,4048144,37
WA,Snohomish,118,2014,general,1,,WA_2014,original,0,,,,,,,,,4056196,38
WA,Snohomish,118,2016,general,1,,WA_2016,original,0,0.5225785374641418,0.5225785374641418,0.590869665145874,,,,,,4064256,39
WA,Snohomish,118,2018,general,1,,WA_2018,original,0,,,,,,,,,4072324,40
WA,Snohomish,118,2020,general,1,0.7197633333333333,WA_2020,extension,1,0.5884906138098166,,0.5884906138098166,600000.0,431858.0,,,presidential,4080400,41
WA,Snohomish,118,2022,general,1,0.6327083333333333,WA_2022,extension,1,0.5943797658418433,,,600000.0,379625.0,,,senate,4088484,42
WA,Snohomish,118,2024,general,1,0.7133333333333334,WA_2024,extension,1,0.573170731707317,,0.573170731707317,600000.0,428000.0,,,presidential,4096576,43
WA,Spokane,119,1996,general,0,0.5660613179206848,WA_1996,original,0,0.5329928398132324,0.5329928398132324,0.5184272527694702,302910.0,162781.0,0.17901966,,,3984016,29
WA,Spokane,119,1998,general,0,0.4388040006160736,WA_1998,original,0,,,,302910.0,129552.0,0.22830215,,,3992004,30
WA,Spokane,119,2000,general,0,0.5778647065162659,WA_2000,original,0,0.5875280499458313,0.5875280499458313,0.4551716446876526,302910.0,175041.0,0.31173268,,,4000000,31
WA,Spokane,119,2002,general,0,0.4277240037918091,WA_2002,original,0,,,,,132843.0,0.58282334,,,4008004,32
WA,Spokane,119,2004,general,0,0.6406428217887878,WA_2004,original,0,0.4617592394351959,0.4617592394351959,0.43943625688552856,,203886.0,0.64335954,,,4016016,33
WA,Spokane,119,2006,general,1,0.482736200094223,WA_2006,original,0,,,,,157335.0,0.98971623,,,4024036,34
WA,Spokane,119,2008,general,1,0.6658564209938049,WA_2008,original,0,0.48109838366508484,0.48109838366508484,0.49409621953964233,,222126.0,0.9996939,,,4032064,35
WA,Spokane,119,2010,general,1,0.5444951057434082,WA_2010,original,0,,,,342060.0,186250.0,0.9999195,,,4040100,36
WA,Spokane,119,2012,general,1,,WA_2012,original,0,0.43491387367248535,0.43491387367248535,0.4701489210128784,,,,,,4048144,37
WA,Spokane,119,2014,general,1,,WA_2014,original,0,,,,,,,,,4056196,38
WA,Spokane,119,2016,general,1,,WA_2016,original,0,0.4597393572330475,0.4597393572330475,0.4525390565395355,,,,,,4064256,39
WA,Spokane,119,2018,general,1,,WA_2018,original,0,,,,,,,,,4072324,40
WA,Spokane,119,2020,general,1,0.718825974025974,WA_2020,extension,1,0.4336547118847539,,0.4336547118847539,385000.0,276748.0,,,presidential,4080400,41
WA,Spokane,119,2022,general,1,0.6262935064935065,WA_2022,extension,1,0.43511957102708665,,,385000.0,241123.0,,,senate,4088484,42
WA,Spokane,119,2024,general,1,0.7168831168831169,WA_2024,extension,1,0.41509433962264153,,0.41509433962264153,385000.0,276000.0,,,presidential,4096576,43
WA,Stevens,120,1996,general,0,0.6272559762001038,WA_1996,original,0,0.4061588943004608,0.4061588943004608,0.42630577087402344,28190.0,16984.0,0.20448658,,,3984016,29
WA,Stevens,120,1998,general,0,0.5030156970024109,WA_1998,original,0,,,,28190.0,13900.0,0.24956834,,,3992004,30
WA,Stevens,120,2000,general,0,0.651862382888794,WA_2000,original,0,0.4293230175971985,0.4293230175971985,0.32979416847229004,28190.0,18376.0,0.3446343,,,4000000,31
WA,Stevens,120,2002,general,0,0.5094155669212341,WA_2002,original,0,,,,,14644.0,0.41860148,,,4008004,32
WA,Stevens,120,2004,general,0,0.7031964063644409,WA_2004,original,0,0.36252397298812866,0.36252397298812866,0.3439027965068817,,20606.0,0.5143647,,,4016016,33
WA,Stevens,120,2006,general,1,0.5821500420570374,WA_2006,original,0,,,,,17383.0,0.99982744,,,4024036,34
WA,Stevens,120,2008,general,1,0.7481424808502197,WA_2008,original,0,0.3502185642719269,0.3502185642719269,0.39290833473205566,,22756.0,0.9981104,,,4032064,35
WA,Stevens,120,2010,general,1,0.6269620656967163,WA_2010,original,0,,,,32045.0,20091.0,0.9994027,,,4040100,36
WA,Stevens,120,2012,general,1,,WA_2012,original,0,0.3378525972366333,0.3378525972366333,0.3618142008781433,,,,,,4048144,37
WA,Stevens,120,2014,general,1,,WA_2014,original,0,,,,,,,,,4056196,38
WA,Stevens,120,2016,general,1,,WA_2016,original,0,0.3107961118221283,0.3107961118221283,0.2755638360977173,,,,,,4064256,39
WA,Stevens,120,2018,general,1,,WA_2018,original,0,,,,,,,,,4072324,40
WA,Stevens,120,2020,general,1,0.7785714285714286,WA_2020,extension,1,0.26278334211913545,,0.26278334211913545,35000.0,27250.0,,,presidential,4080400,41
WA,Stevens,120,2022,general,1,0.6581714285714285,WA_2022,extension,1,0.2566608649082876,,,35000.0,23036.0,,,senate,4088484,42
WA,Stevens,120,2024,general,1,0.7828571428571428,WA_2024,extension,1,0.24953095684803,,0.24953095684803,35000.0,27400.0,,,presidential,4096576,43
WA,Thurston,121,1996,general,0,0.643705427646637,WA_1996,original,0,0.6109826564788818,0.6109826564788818,0.6040845513343811,149950.0,88566.0,0.5394169,,,3984016,29
WA,Thurston,121,1998,general,0,0.550898015499115,WA_1998,original,0,,,,149950.0,79202.0,0.70229286,,,3992004,30
WA,Thurston,121,2000,general,0,0.6578459739685059,WA_2000,original,0,0.6246355175971985,0.6246355175971985,0.5583188533782959,149950.0,98644.0,0.70260733,,,4000000,31
WA,Thurston,121,2002,general,0,0.4730575382709503,WA_2002,original,0,,,,,73859.0,0.7773054,,,4008004,32
WA,Thurston,121,2004,general,0,0.7023254632949829,WA_2004,original,0,0.5440237522125244,0.5440237522125244,0.566240668296814,,113996.0,0.73910487,,,4016016,33
WA,Thurston,121,2006,general,1,0.5045362710952759,WA_2006,original,0,,,,,85011.0,0.9991413,,,4024036,34
WA,Thurston,121,2008,general,1,0.7328261733055115,WA_2008,original,0,0.5787528157234192,0.5787528157234192,0.6107301712036133,,128006.0,0.99966407,,,4032064,35
WA,Thurston,121,2010,general,1,0.5943907499313354,WA_2010,original,0,,,,180595.0,107344.0,0.9991616,,,4040100,36
WA,Thurston,121,2012,general,1,,WA_2012,original,0,0.5375296473503113,0.5375296473503113,0.6003454327583313,,,,,,4048144,37
WA,Thurston,121,2014,general,1,,WA_2014,original,0,,,,,,,,,4056196,38
WA,Thurston,121,2016,general,1,,WA_2016,original,0,0.5489915609359741,0.5489915609359741,0.5859038233757019,,,,,,4064256,39
WA,Thurston,121,2018,general,1,,WA_2018,original,0,,,,,,,,,4072324,40
WA,Thurston,121,2020,general,1,0.7377090909090909,WA_2020,extension,1,0.6009166623691403,,0.6009166623691403,220000.0,162296.0,,,presidential,4080400,41
WA,Thurston,121,2022,general,1,0.6475181818181818,WA_2022,extension,1,0.6153028069326175,,,220000.0,142454.0,,,senate,4088484,42
WA,Thurston,121,2024,general,1,0.7272727272727273,WA_2024,extension,1,0.5836065573770491,,0.5836065573770491,220000.0,160000.0,,,presidential,4096576,43
WA,Wahkiakum,122,1996,general,0,0.6570087671279907,WA_1996,original,0,0.5646599531173706,0.5646599531173706,0.598833441734314,2915.0,1867.0,0.4970541,,,3984016,29
WA,Wahkiakum,122,1998,general,0,0.6628836393356323,WA_1998,original,0,,,,2915.0,1908.0,0.5859539,,,3992004,30
WA,Wahkiakum,122,2000,general,0,0.6905660629272461,WA_2000,original,0,0.5908607840538025,0.5908607840538025,0.4373638331890106,2915.0,2013.0,0.6666667,,,4000000,31
WA,Wahkiakum,122,2002,general,0,0.6409937739372253,WA_2002,original,0,,,,,1892.0,0.71088797,,,4008004,32
WA,Wahkiakum,122,2004,general,0,0.754601240158081,WA_2004,original,0,0.47466540336608887,0.47466540336608887,0.4657846689224243,,2255.0,0.7383592,,,4016016,33
WA,Wahkiakum,122,2006,general,1,0.6185123920440674,WA_2006,original,0,,,,,1871.0,1.0,,,4024036,34
WA,Wahkiakum,122,2008,general,1,0.7652694582939148,WA_2008,original,0,0.4192139804363251,0.4192139804363251,0.5035938620567322,,2343.0,0.9995732,,,4032064,35
WA,Wahkiakum,122,2010,general,1,0.6750402450561523,WA_2010,original,0,,,,3105.0,2096.0,1.0,,,4040100,36
WA,Wahkiakum,122,2012,general,1,,WA_2012,original,0,0.428254097700119,0.428254097700119,0.4943515658378601,,,,,,4048144,37
WA,Wahkiakum,122,2014,general,1,,WA_2014,original,0,,,,,,,,,4056196,38
WA,Wahkiakum,122,2016,general,1,,WA_2016,original,0,0.3997451066970825,0.3997451066970825,0.38235294818878174,,,,,,4064256,39
WA,Wahkiakum,122,2018,general,1,,WA_2018,original,0,,,,,,,,,4072324,40
WA,Wahkiakum,122,2020,general,1,0.826,WA_2020,extension,1,0.3674634320371031,,0.3674634320371031,3500.0,2891.0,,,presidential,4080400,41
WA,Wahkiakum,122,2022,general,1,0.6974285714285714,WA_2022,extension,1,0.36768447837150126,,,3500.0,2441.0,,,senate,4088484,42
WA,Wahkiakum,122,2024,general,1,0.8228571428571428,WA_2024,extension,1,0.35125448028673834,,0.35125448028673834,3500.0,2880.0,,,presidential,4096576,43
WA,Walla Walla,123,1996,general,0,0.5209234952926636,WA_1996,original,0,0.5010578632354736,0.5010578632354736,0.46942707896232605,38895.0,19855.0,0.27620247,,,3984016,29
WA,Walla Walla,123,1998,general,0,0.41446566581726074,WA_1998,original,0,,,,38895.0,15959.0,0.37051195,,,3992004,30
WA,Walla Walla,123,2000,general,0,0.556421160697937,WA_2000,original,0,0.5224224925041199,0.5224224925041199,0.35077103972435,38895.0,21642.0,0.47010443,,,4000000,31
WA,Walla Walla,123,2002,general,0,0.3929744064807892,WA_2002,original,0,,,,,15438.0,0.54067886,,,4008004,32
WA,Walla Walla,123,2004,general,0,0.5864902138710022,WA_2004,original,0,0.35913535952568054,0.35913535952568054,0.3656775951385498,,23269.0,0.6553354,,,4016016,33
WA,Walla Walla,123,2006,general,1,0.4568076729774475,WA_2006,original,0,,,,,18302.0,1.0,,,4024036,34
WA,Walla Walla,123,2008,general,1,0.6195031404495239,WA_2008,original,0,0.3832206130027771,0.3832206130027771,0.415488600730896,,25062.0,0.9998803,,,4032064,35
WA,Walla Walla,123,2010,general,1,0.5338111519813538,WA_2010,original,0,,,,40460.0,21598.0,0.9999537,,,4040100,36
WA,Walla Walla,123,2012,general,1,,WA_2012,original,0,0.38034239411354065,0.38034239411354065,0.400065541267395,,,,,,4048144,37
WA,Walla Walla,123,2014,general,1,,WA_2014,original,0,,,,,,,,,4056196,38
WA,Walla Walla,123,2016,general,1,,WA_2016,original,0,0.41840922832489014,0.41840922832489014,0.4152495265007019,,,,,,4064256,39
WA,Walla Walla,123,2018,general,1,,WA_2018,original,0,,,,,,,,,4072324,40
WA,Walla Walla,123,2020,general,1,0.6714888888888889,WA_2020,extension,1,0.3850570760555632,,0.3850570760555632,45000.0,30217.0,,,presidential,4080400,41
WA,Walla Walla,123,2022,general,1,0.5668666666666666,WA_2022,extension,1,0.38908364585031796,,,45000.0,25509.0,,,senate,4088484,42
WA,Walla Walla,123,2024,general,1,0.6711111111111111,WA_2024,extension,1,0.3689655172413793,,0.3689655172413793,45000.0,30200.0,,,presidential,4096576,43
WA,Whatcom,124,1996,general,0,0.6042795181274414,WA_1996,original,0,0.5402050018310547,0.5402050018310547,0.5170825123786926,118550.0,65518.0,0.3754388,,,3984016,29
WA,Whatcom,124,1998,general,0,0.503054678440094,WA_1998,original,0,,,,118550.0,57090.0,0.505395,,,3992004,30
WA,Whatcom,124,2000,general,0,0.629869282245636,WA_2000,original,0,0.5945007801055908,0.5945007801055908,0.4981411099433899,118550.0,74671.0,0.56908303,,,4000000,31
WA,Whatcom,124,2002,general,0,0.4454697370529175,WA_2002,original,0,,,,,55066.0,0.65312535,,,4008004,32
WA,Whatcom,124,2004,general,0,0.7112011909484863,WA_2004,original,0,0.5120364427566528,0.5120364427566528,0.5450069904327393,,91515.0,0.7285472,,,4016016,33
WA,Whatcom,124,2006,general,1,0.5217735767364502,WA_2006,original,0,,,,,69782.0,0.99932647,,,4024036,34
WA,Whatcom,124,2008,general,1,0.7305228114128113,WA_2008,original,0,0.5467326641082764,0.5467326641082764,0.5915827751159668,,101399.0,0.99996054,,,4032064,35
WA,Whatcom,124,2010,general,1,0.6018819212913513,WA_2010,original,0,,,,144535.0,86993.0,0.9999885,,,4040100,36
WA,Whatcom,124,2012,general,1,,WA_2012,original,0,0.5310038924217224,0.5310038924217224,0.5720798969268799,,,,,,4048144,37
WA,Whatcom,124,2014,general,1,,WA_2014,original,0,,,,,,,,,4056196,38
WA,Whatcom,124,2016,general,1,,WA_2016,original,0,0.566377580165863,0.566377580165863,0.5977867841720581,,,,,,4064256,39
WA,Whatcom,124,2018,general,1,,WA_2018,original,0,,,,,,,,,4072324,40
WA,Whatcom,124,2020,general,1,0.7319771428571429,WA_2020,extension,1,0.5725302226243754,,0.5725302226243754,175000.0,128096.0,,,presidential,4080400,41
WA,Whatcom,124,2022,general,1,0.6421371428571429,WA_2022,extension,1,0.5826173992826758,,,175000.0,112374.0,,,senate,4088484,42
WA,Whatcom,124,2024,general,1,0.7228571428571429,WA_2024,extension,1,0.5537190082644629,,0.5537190082644629,175000.0,126500.0,,,presidential,4096576,43
WA,Whitman,125,1996,general,0,0.5270634889602661,WA_1996,original,0,0.5560290217399597,0.5560290217399597,0.5188625454902649,31340.0,16134.0,0.15588199,,,3984016,29
WA,Whitman,125,1998,general,0,0.42423775792121887,WA_1998,original,0,,,,31340.0,13141.0,0.19077696,,,3992004,30
WA,Whitman,125,2000,general,0,0.5235481858253479,WA_2000,original,0,0.5771740078926086,0.5771740078926086,0.4196106195449829,31340.0,16408.0,0.2780351,,,4000000,31
WA,Whitman,125,2002,general,0,0.3447781503200531,WA_2002,original,0,,,,,10931.0,0.29347727,,,4008004,32
WA,Whitman,125,2004,general,0,0.5650959610939026,WA_2004,original,0,0.4519225060939789,0.4519225060939789,0.46861571073532104,,18122.0,0.3445536,,,4016016,33
WA,Whitman,125,2006,general,1,0.4074203372001648,WA_2006,original,0,,,,,13214.0,0.98675644,,,4024036,34
WA,Whitman,125,2008,general,1,0.5435124635696411,WA_2008,original,0,0.4845587909221649,0.4845587909221649,0.5281239151954651,,17826.0,1.0,,,4032064,35
WA,Whitman,125,2010,general,1,0.40130698680877686,WA_2010,original,0,,,,34430.0,13817.0,1.0,,,4040100,36
WA,Whitman,125,2012,general,1,,WA_2012,original,0,0.438289999961853,0.438289999961853,0.4857954680919647,,,,,,4048144,37
WA,Whitman,125,2014,general,1,,WA_2014,original,0,,,,,,,,,4056196,38
WA,Whitman,125,2016,general,1,,WA_2016,original,0,0.4953175485134125,0.4953175485134125,0.5238922238349915,,,,,,4064256,39
WA,Whitman,125,2018,general,1,,WA_2018,original,0,,,,,,,,,4072324,40
WA,Whitman,125,2020,general,1,0.75034375,WA_2020,extension,1,0.48516442938442156,,0.48516442938442156,32000.0,24011.0,,,presidential,4080400,41
WA,Whitman,125,2022,general,1,0.633375,WA_2022,extension,1,0.494027784897729,,,32000.0,20268.0,,,senate,4088484,42
WA,Whitman,125,2024,general,1,0.74375,WA_2024,extension,1,0.4669603524229075,,0.4669603524229075,32000.0,23800.0,,,presidential,4096576,43
WA,Yakima,126,1996,general,0,0.5034510493278503,WA_1996,original,0,0.47759363055229187,0.47759363055229187,0.48132872581481934,129575.0,64164.0,0.31140515,,,3984016,29
WA,Yakima,126,1998,general,0,0.41986849904060364,WA_1998,original,0,,,,129575.0,53958.0,0.12559769,,,3992004,30
WA,Yakima,126,2000,general,0,0.5449044704437256,WA_2000,original,0,0.49649545550346375,0.49649545550346375,0.39277368783950806,129575.0,70606.0,0.56411636,,,4000000,31
WA,Yakima,126,2002,general,0,0.3715371787548065,WA_2002,original,0,,,,,48537.0,0.70482314,,,4008004,32
WA,Yakima,126,2004,general,0,0.5591956377029419,WA_2004,original,0,0.3494790494441986,0.3494790494441986,0.39643025398254395,,73647.0,0.7387945,,,4016016,33
WA,Yakima,126,2006,general,1,0.4186645448207855,WA_2006,original,0,,,,,55584.0,0.9987946,,,4024036,34
WA,Yakima,126,2008,general,1,0.5842634439468384,WA_2008,original,0,0.39266517758369446,0.39266517758369446,0.4461697041988373,,78191.0,0.9999105,,,4032064,35
WA,Yakima,126,2010,general,1,0.46417784690856934,WA_2010,original,0,,,,136075.0,63163.0,0.999905,,,4040100,36
WA,Yakima,126,2012,general,1,,WA_2012,original,0,0.4166688621044159,0.4166688621044159,0.4402168095111847,,,,,,4048144,37
WA,Yakima,126,2014,general,1,,WA_2014,original,0,,,,,,,,,4056196,38
WA,Yakima,126,2016,general,1,,WA_2016,original,0,0.4497684836387634,0.4497684836387634,0.4284912347793579,,,,,,4064256,39
WA,Yakima,126,2018,general,1,,WA_2018,original,0,,,,,,,,,4072324,40
WA,Yakima,126,2020,general,1,0.6215,WA_2020,extension,1,0.3836868676375875,,0.3836868676375875,160000.0,99440.0,,,presidential,4080400,41
WA,Yakima,126,2022,general,1,0.52216875,WA_2022,extension,1,0.3801428465143962,,,160000.0,83547.0,,,senate,4088484,42
WA,Yakima,126,2024,general,1,0.621875,WA_2024,extension,1,0.3697916666666667,,0.3697916666666667,160000.0,99500.0,,,presidential,4096576,43
