coef,se,t,p,n,r2,note,sample,outcome
0.03071452518392935,0.013848626672410958,2.2178751662876723,0.02836979328550293,630,0.9772595590637181,,Original (2000-2016),dem_share_pres
0.017348655691358798,0.00755059209545144,2.2976550013620547,0.023243558325353186,756,0.9725096363548026,,Extended (2000-2020),dem_share_pres
-0.0018937574926231376,0.04347220373835546,-0.04356249119600712,0.9652531509870286,126,0.40250104197841907,"State FE, robust SE",2020 only (cross-section),dem_share_pres
