specification,coef,se,pval,n_obs,n_counties
dem_share_ca,-0.008586263902200629,0.010326943606275783,0.40747696415185386,174,58
turnout_ca,-0.004782373006493999,0.009785148583209951,0.6259744604950206,174,58
dem_share_all,-0.03162665627578318,0.00988708298986867,0.0015590149965001299,378,126
turnout_all,-0.023593331277719922,0.009300683906978411,0.011800896282571749,378,126
