Check,Outcome,Coef,SE,N_Obs
Dropping 2020,Dem Vote Share,0.012473919343060951,0.005458098581215283,2250
Dropping 2020,Turnout,0.004880526766910353,0.008565276640699195,1492
Presidential Only,Dem Vote Share (Pres),0.012679506238927565,0.006163215527446159,950
California Only,Dem Vote Share (Pres),0.006310202287558612,0.007436578220378163,406
California Only,Turnout,-0.007488929298859491,0.012822350314421832,754
