Analysis,Outcome,Coef,SE,N_Obs
CA Full,Dem Vote Share (Pres),0.006310202287558612,0.007436578220378163,406
CA Full,Dem Vote Share (Gov),0.016452160108955595,0.01109210963453911,406
CA Full,Turnout,-0.007488929298859491,0.012822350314421832,754
CA VCA Period,Dem Vote Share (Pres),-0.0037000120854276913,0.005387306764884414,116
CA VCA Period,Dem Vote Share (Gov),0.009233730648619654,0.01202518980674171,116
CA VCA Period,Turnout,-0.0028387287232227456,0.011568695913662405,232
