Outcome,Sample,Specification,Coef,SE,CI_Low,CI_High,N_Obs,N_Counties
Dem Vote Share,Full (1996-2024),Basic,0.03283344724502392,0.008063594734629996,0.01702880156514913,0.04863809292489871,2376,126
Dem Vote Share,Full (1996-2024),Linear,0.012016170892596007,0.005008446141950348,0.002199616454373325,0.02183272533081869,2376,126
Dem Vote Share,Full (1996-2024),Quadratic,0.008195627059223061,0.004738416924228703,-0.0010916701122651966,0.01748292423071132,2376,126
Turnout,Full (1996-2024),Basic,0.006741430226284163,0.008874131428606106,-0.010651867373783803,0.024134727826352127,1618,126
Turnout,Full (1996-2024),Linear,0.003949796642923668,0.007678067136455232,-0.011099214944528587,0.018998808230375922,1618,126
Turnout,Full (1996-2024),Quadratic,0.010998928782283457,0.006075720353987296,-0.0009094831115316424,0.022907340676098557,1618,126
