Outcome,Period,Coef,SE,CI_Low,CI_High,N_Obs
Dem Vote Share,Original (1996-2018),0.010860313490371427,0.0037621869354310467,0.0034864270969265764,0.018234199883816277,1998
Turnout,Original (1996-2018),0.021501318187116005,0.0064889019963138275,0.008783070274340903,0.03421956609989111,1240
Dem Vote Share,Extension (2020-2024),0.02069848700332723,0.009008301096619183,0.0030422168539536304,0.03835475715270083,378
Turnout,Extension (2020-2024),-0.03603811724850829,0.016988902280083856,-0.06933636571747265,-0.002739868779543936,378
