Period,State,N_Obs,N_Counties,Years,Treat_Rate,Mean_Turnout,Mean_Dem_Share_Pres,Mean_Dem_Share_Gov
original,CA,638,58,1998-2018,0.007836990595611285,0.5150014843149432,0.512078612169315,0.48522774776679345
original,UT,348,29,1996-2018,0.16954022988505746,0.551490952357136,0.24644663874274012,0.26302629092644003
original,WA,468,39,1996-2018,0.5876068376068376,0.5800110052029291,0.4633497509818811,0.4658524146956256
extension,CA,174,58,2020-2024,0.43103448275862066,0.5507567520670303,0.5091301106338131,0.4967835547265599
extension,UT,87,29,2020-2024,1.0,0.7083744993574775,0.23610573952295458,
extension,WA,117,39,2020-2024,1.0,0.7016517526979906,0.4549035228960689,
