county,state,year,county_id,state_year_id,treat,year2,share_votes_dem,dem_share_gov,dem_share_pres,dem_share_sen,turnout_share,vbm_share,cvap,period
Alameda,CA,1998,1,1,0,3992004.0,0.63319427,0.7649454474449158,,,0.44512438774108887,0.19162971,896920.0,original
Alameda,CA,2000,1,2,0,4000000.0,0.615645,,0.7419142127037048,,,,,original
Alameda,CA,2002,1,3,0,4008004.0,0.62179816,0.7387482523918152,,,0.3841375410556793,0.21160452,,original
Alameda,CA,2004,1,4,0,4016016.0,0.6020465,,0.7634834051132202,,0.6263000965118408,0.365479,,original
Alameda,CA,2006,1,5,0,4024036.0,0.6146564,0.6071346402168274,,,0.455890029668808,0.5121404,,original
Alameda,CA,2008,1,6,0,4032064.0,0.5999034,,0.8035770058631897,,0.6857087016105652,0.48334965,,original
Alameda,CA,2010,1,7,0,4040100.0,0.6084111,0.7659573554992676,,,0.499699205160141,0.54111886,937530.0,original
Alameda,CA,2012,1,8,0,4048144.0,0.60467654,,0.8127905130386353,,0.6206293106079102,0.5534616,970755.0,original
Alameda,CA,2014,1,9,0,4056196.0,0.6162622,0.8217055201530457,,,0.3646825850009918,0.6207955,1005255.0,original
Alameda,CA,2016,1,10,0,4064256.0,0.59712166,,0.8429475426673889,,0.6442309617996216,0.66391844,1040380.0,original
Alameda,CA,2018,1,11,0,4072324.0,0.60148245,0.8055204153060913,,,0.5491510629653931,0.7285111,1069835.0,original
Alameda,CA,2020,1,37,0,4080400.0,,,0.8192111601553381,,0.6986505494904395,,1101930.0,extension
Alameda,CA,2022,1,38,1,4088484.0,,0.7931774354518423,,,0.4385733596494066,,1112628.0,extension
Alameda,CA,2024,1,39,1,4096576.0,,,0.7801339913171128,,0.596264489325014,,1123327.0,extension
Alpine,CA,1998,2,1,0,3992004.0,0.5285714,0.5357142686843872,,,0.6208726167678833,1.0,920.0,original
Alpine,CA,2000,2,2,0,4000000.0,0.46349207,,0.4853479862213135,,,,,original
Alpine,CA,2002,2,3,0,4008004.0,0.4703833,0.4810924232006073,,,0.6482673287391663,1.0,,original
Alpine,CA,2004,2,4,0,4016016.0,0.44951922,,0.5453216433525085,,0.8154822587966919,1.0,,original
Alpine,CA,2006,2,5,0,4024036.0,0.45179063,0.4249512553215027,,,0.651562511920929,1.0,,original
Alpine,CA,2008,2,6,0,4032064.0,0.4476386,,0.6261127591133118,,0.8386363983154297,1.0,,original
Alpine,CA,2010,2,7,0,4040100.0,0.46296296,0.5831809639930725,,,0.6778442859649658,1.0,835.0,original
Alpine,CA,2012,2,8,0,4048144.0,0.45124283,,0.6223999857902527,,0.7288888692855835,1.0,900.0,original
Alpine,CA,2014,2,9,0,4056196.0,0.45112783,0.6187363862991333,,,0.49263158440589905,1.0,950.0,original
Alpine,CA,2016,2,10,0,4064256.0,0.44620812,,0.6061705946922302,,0.6938547492027283,1.0,895.0,original
Alpine,CA,2018,2,11,0,4072324.0,0.4463668,0.6276422739028931,,,0.6994413137435913,1.0,895.0,original
Alpine,CA,2020,2,37,0,4080400.0,,,0.6611111111111111,,0.8036876355748374,,922.0,extension
Alpine,CA,2022,2,38,0,4088484.0,,0.5864297253634895,,,0.664876476906552,,931.0,extension
Alpine,CA,2024,2,39,0,4096576.0,,,0.6634349030470914,,0.7851063829787234,,940.0,extension
Amador,CA,1998,3,1,0,3992004.0,0.33200055,0.5051940083503723,,,0.5096403956413269,0.29543623,27430.0,original
Amador,CA,2000,3,2,0,4000000.0,0.321756,,0.40253543853759766,,,,,original
Amador,CA,2002,3,3,0,4008004.0,0.3231766,0.38805317878723145,,,0.47986701130867004,0.34887174,,original
Amador,CA,2004,3,4,0,4016016.0,0.31101716,,0.370636910200119,,0.6298294067382812,0.4050752,,original
Amador,CA,2006,3,5,0,4024036.0,0.3219586,0.23772060871124268,,,0.5182313323020935,0.48590392,,original
Amador,CA,2008,3,6,0,4032064.0,0.31263638,,0.42522042989730835,,0.6333691477775574,0.51836264,,original
Amador,CA,2010,3,7,0,4040100.0,0.30765343,0.44230392575263977,,,0.5431475639343262,0.585597,30500.0,original
Amador,CA,2012,3,8,0,4048144.0,0.3078486,,0.39915844798088074,,0.5869073271751404,0.6118193,30475.0,original
Amador,CA,2014,3,9,0,4056196.0,0.31480858,0.44554221630096436,,,0.4340023100376129,0.6529848,30145.0,original
Amador,CA,2016,3,10,0,4064256.0,0.2968178,,0.36412152647972107,,0.604794979095459,0.6783859,30240.0,original
Amador,CA,2018,3,11,0,4072324.0,0.30297926,0.35451599955558777,,,0.5715571045875549,0.71935445,31115.0,original
Amador,CA,2020,3,37,1,4080400.0,,,0.3750575029901555,,0.6958936595107339,,32048.0,extension
Amador,CA,2022,3,38,1,4088484.0,,0.3230769230769231,,,0.5764833127317676,,32360.0,extension
Amador,CA,2024,3,39,1,4096576.0,,,0.3570019723865877,,0.685684552049218,,32671.0,extension
Butte,CA,1998,4,1,0,3992004.0,0.35580483,0.4798651933670044,,,0.4619593918323517,0.29524142,146805.0,original
Butte,CA,2000,4,2,0,4000000.0,0.35107183,,0.4073997139930725,,,,,original
Butte,CA,2002,4,3,0,4008004.0,0.3496971,0.37276336550712585,,,0.4159896671772003,0.29671577,,original
Butte,CA,2004,4,4,0,4016016.0,0.3517789,,0.4510466456413269,,0.6307366490364075,0.41442966,,original
Butte,CA,2006,4,5,0,4024036.0,0.35843673,0.2905559837818146,,,0.4471835494041443,0.5092037,,original
Butte,CA,2008,4,6,0,4032064.0,0.3591844,,0.5120509266853333,,0.6186202764511108,0.4943758,,original
Butte,CA,2010,4,7,0,4040100.0,0.35427392,0.46611037850379944,,,0.4741244316101074,0.5700726,163320.0,original
Butte,CA,2012,4,8,0,4048144.0,0.35975122,,0.48961538076400757,,0.5531086325645447,0.6190227,165830.0,original
Butte,CA,2014,4,9,0,4056196.0,0.34798333,0.4779096245765686,,,0.3769459128379822,0.7222983,168430.0,original
Butte,CA,2016,4,10,0,4064256.0,0.36175826,,0.4793740212917328,,0.5794766545295715,0.6982676,170635.0,original
Butte,CA,2018,4,11,0,4072324.0,0.3719577,0.46773213148117065,,,0.5183961987495422,0.73960805,173840.0,original
Butte,CA,2020,4,37,1,4080400.0,,,0.508552180402598,,0.5698919326463936,,179055.0,extension
Butte,CA,2022,4,38,1,4088484.0,,0.4348642343424304,,,0.400682544774716,,180794.0,extension
Butte,CA,2024,4,39,1,4096576.0,,,0.4838579102256938,,0.5178434466285363,,182532.0,extension
Calaveras,CA,1998,5,1,0,3992004.0,0.34375,0.4744648039340973,,,0.5514640212059021,0.36455852,30920.0,original
Calaveras,CA,2000,5,2,0,4000000.0,0.32199237,,0.4009156823158264,,,,,original
Calaveras,CA,2002,5,3,0,4008004.0,0.31426105,0.3840073049068451,,,0.48354634642601013,0.3799267,,original
Calaveras,CA,2004,5,4,0,4016016.0,0.30248833,,0.37858089804649353,,0.6741020083427429,0.46836287,,original
Calaveras,CA,2006,5,5,0,4024036.0,0.30683446,0.25166577100753784,,,0.5286937355995178,0.57889855,,original
Calaveras,CA,2008,5,6,0,4032064.0,0.30244064,,0.4332832992076874,,0.657088041305542,0.5852552,,original
Calaveras,CA,2010,5,7,0,4040100.0,0.2995884,0.4206720292568207,,,0.5596606135368347,0.6285231,35945.0,original
Calaveras,CA,2012,5,8,0,4048144.0,0.29519415,,0.4121702015399933,,0.614615797996521,0.67051685,35920.0,original
Calaveras,CA,2014,5,9,0,4056196.0,0.29875812,0.437273234128952,,,0.45367708802223206,0.70610523,35490.0,original
Calaveras,CA,2016,5,10,0,4064256.0,0.28695253,,0.37026333808898926,,0.6758280396461487,0.7021481,35475.0,original
Calaveras,CA,2018,5,11,0,4072324.0,0.28669104,0.3593243956565857,,,0.6063044667243958,0.7495781,36165.0,original
Calaveras,CA,2020,5,37,1,4080400.0,,,0.3781809968378256,,0.7292348993288591,,37250.0,extension
Calaveras,CA,2022,5,38,1,4088484.0,,0.3344161958568738,,,0.5647133893438264,,37612.0,extension
Calaveras,CA,2024,5,39,1,4096576.0,,,0.3557699759745795,,0.6973112474653043,,37973.0,extension
Colusa,CA,1998,6,1,0,3992004.0,0.37574553,0.449022501707077,,,0.5285165309906006,0.2754732,9685.0,original
Colusa,CA,2000,6,2,0,4000000.0,0.342246,,0.32471156120300293,,,,,original
Colusa,CA,2002,6,3,0,4008004.0,0.2864992,0.2932295501232147,,,0.4687238931655884,0.28470588,,original
Colusa,CA,2004,6,4,0,4016016.0,0.29718563,,0.3197569251060486,,0.6119201183319092,0.34044585,,original
Colusa,CA,2006,6,5,0,4024036.0,0.2873633,0.23149506747722626,,,0.4791660010814667,0.42563292,,original
Colusa,CA,2008,6,6,0,4032064.0,0.3155806,,0.40764835476875305,,0.6025521159172058,0.49341702,,original
Colusa,CA,2010,6,7,0,4040100.0,0.29445922,0.3800849914550781,,,0.46863695979118347,0.43524095,11335.0,original
Colusa,CA,2012,6,8,0,4048144.0,0.30363816,,0.39120879769325256,,0.5217987298965454,0.558109,11675.0,original
Colusa,CA,2014,6,9,0,4056196.0,0.2814971,0.4272749125957489,,,0.3698870837688446,0.60153776,11955.0,original
Colusa,CA,2016,6,10,0,4064256.0,0.31741485,,0.42836445569992065,,0.5571545362472534,0.61740535,12230.0,original
Colusa,CA,2018,6,11,0,4072324.0,0.300141,0.34686794877052307,,,0.470088928937912,0.55631983,12370.0,original
Colusa,CA,2020,6,37,0,4080400.0,,,0.4152542372881356,,0.6240483478533867,,12741.0,extension
Colusa,CA,2022,6,38,0,4088484.0,,0.2792161093131967,,,0.4323357947920715,,12865.0,extension
Colusa,CA,2024,6,39,0,4096576.0,,,0.3551497443389335,,0.5405759162303665,,12988.0,extension
Contra Costa,CA,1998,7,1,0,3992004.0,0.52411187,0.647189736366272,,,0.5068112015724182,0.3065612,613960.0,original
Contra Costa,CA,2000,7,2,0,4000000.0,0.51918876,,0.6134297251701355,,,,,original
Contra Costa,CA,2002,7,3,0,4008004.0,0.5630152,0.5987165570259094,,,0.44013071060180664,0.31883672,,original
Contra Costa,CA,2004,7,4,0,4016016.0,0.5148154,,0.630737841129303,,0.6624255776405334,0.35880575,,original
Contra Costa,CA,2006,7,5,0,4024036.0,0.52265376,0.44778385758399963,,,0.4813462495803833,0.48506844,,original
Contra Costa,CA,2008,7,6,0,4032064.0,0.51939803,,0.6923090815544128,,0.7038823962211609,0.4758337,,original
Contra Costa,CA,2010,7,7,0,4040100.0,0.5169025,0.6307303309440613,,,0.5351688861846924,0.5316499,659020.0,original
Contra Costa,CA,2012,7,8,0,4048144.0,0.52084464,,0.6805431842803955,,0.6474348902702332,0.5562748,682915.0,original
Contra Costa,CA,2014,7,9,0,4056196.0,0.52451116,0.6864557266235352,,,0.36510711908340454,0.6394306,709400.0,original
Contra Costa,CA,2016,7,10,0,4064256.0,0.51758015,,0.7335833311080933,,0.6587091684341431,0.6426006,730755.0,original
Contra Costa,CA,2018,7,11,0,4072324.0,0.5212793,0.6819776296615601,,,0.5624243021011353,0.68600065,752720.0,original
Contra Costa,CA,2020,7,37,0,4080400.0,,,0.731447503175158,,0.749682059378152,,775302.0,extension
Contra Costa,CA,2022,7,38,0,4088484.0,,0.6830603624682435,,,0.4962807969556569,,782829.0,extension
Contra Costa,CA,2024,7,39,0,4096576.0,,,0.6962582825493433,,0.6691971719073431,,790356.0,extension
Del Norte,CA,1998,8,1,0,3992004.0,0.36403033,0.5530620813369751,,,0.38972628116607666,0.34108323,19745.0,original
Del Norte,CA,2000,8,2,0,4000000.0,0.35027948,,0.40782415866851807,,,,,original
Del Norte,CA,2002,8,3,0,4008004.0,0.35937035,0.4857855439186096,,,0.34700295329093933,0.35013643,,original
Del Norte,CA,2004,8,4,0,4016016.0,0.3460026,,0.42084774374961853,,0.4655366837978363,0.35075334,,original
Del Norte,CA,2006,8,5,0,4024036.0,0.36254612,0.4102106988430023,,,0.3297223150730133,0.50219685,,original
Del Norte,CA,2008,8,6,0,4032064.0,0.34746796,,0.4653390645980835,,0.4604971706867218,0.48440728,,original
Del Norte,CA,2010,8,7,0,4040100.0,0.34528175,0.5482186079025269,,,0.39752262830734253,0.5487776,20990.0,original
Del Norte,CA,2012,8,8,0,4048144.0,0.34197566,,0.451041042804718,,0.416170597076416,0.5922964,21335.0,original
Del Norte,CA,2014,8,9,0,4056196.0,0.33416048,0.49637115001678467,,,0.3472413122653961,0.5935625,21115.0,original
Del Norte,CA,2016,8,10,0,4064256.0,0.32871807,,0.4043392539024353,,0.4647519588470459,0.62686414,21065.0,original
Del Norte,CA,2018,8,11,0,4072324.0,0.33230928,0.41318443417549133,,,0.40946143865585327,0.6565944,20610.0,original
Del Norte,CA,2020,8,37,0,4080400.0,,,0.4199138085832286,,0.5394761635575654,,21228.0,extension
Del Norte,CA,2022,8,38,0,4088484.0,,0.3897313432835821,,,0.3907343472986843,,21434.0,extension
Del Norte,CA,2024,8,39,0,4096576.0,,,0.4155869459327813,,0.488170055452865,,21640.0,extension
El Dorado,CA,1998,9,1,0,3992004.0,0.31761175,0.4543895125389099,,,0.5527136325836182,0.3030391,109920.0,original
El Dorado,CA,2000,9,2,0,4000000.0,0.30821002,,0.38409140706062317,,,,,original
El Dorado,CA,2002,9,3,0,4008004.0,0.30491242,0.3326977789402008,,,0.5013521313667297,0.31142658,,original
El Dorado,CA,2004,9,4,0,4016016.0,0.3004547,,0.37878289818763733,,0.7418071627616882,0.39432395,,original
El Dorado,CA,2006,9,5,0,4024036.0,0.30869105,0.2260286808013916,,,0.566133975982666,0.51024115,,original
El Dorado,CA,2008,9,6,0,4032064.0,0.30217606,,0.44614335894584656,,0.7481937408447266,0.5472255,,original
El Dorado,CA,2010,9,7,0,4040100.0,0.29830942,0.407219797372818,,,0.5981358289718628,0.70527923,131425.0,original
El Dorado,CA,2012,9,8,0,4048144.0,0.2988616,,0.4082471430301666,,0.6723772883415222,0.7142108,133260.0,original
El Dorado,CA,2014,9,9,0,4056196.0,0.30320078,0.45496177673339844,,,0.4671934247016907,0.7733632,134790.0,original
El Dorado,CA,2016,9,10,0,4064256.0,0.3000459,,0.42502713203430176,,0.7085146903991699,0.7616157,136940.0,original
El Dorado,CA,2018,9,11,0,4072324.0,0.30662578,0.4058387577533722,,,0.6431102752685547,0.79038906,141080.0,original
El Dorado,CA,2020,9,37,1,4080400.0,,,0.4549749248627257,,0.7992319973574102,,145312.0,extension
El Dorado,CA,2022,9,38,1,4088484.0,,0.3894621691421095,,,0.6043428773948188,,146723.0,extension
El Dorado,CA,2024,9,39,1,4096576.0,,,0.4383983384185568,,0.755329633980045,,148134.0,extension
Fresno,CA,1998,10,1,0,3992004.0,0.39121944,0.4908267855644226,,,0.41109761595726013,0.27606264,446270.0,original
Fresno,CA,2000,10,2,0,4000000.0,0.3839206,,0.44754496216773987,,,,,original
Fresno,CA,2002,10,3,0,4008004.0,0.37384072,0.4072269797325134,,,0.34779173135757446,0.3100646,,original
Fresno,CA,2004,10,4,0,4016016.0,0.3762526,,0.4207928478717804,,0.5291720032691956,0.38460216,,original
Fresno,CA,2006,10,5,0,4024036.0,0.37990028,0.3150659203529358,,,0.3700731694698334,0.46323603,,original
Fresno,CA,2008,10,6,0,4032064.0,0.39380857,,0.5106285810470581,,0.5530510544776917,0.45320335,,original
Fresno,CA,2010,10,7,0,4040100.0,0.3803543,0.45004016160964966,,,0.3955248296260834,0.52867305,516405.0,original
Fresno,CA,2012,10,8,0,4048144.0,0.39361316,,0.5091456174850464,,0.49359920620918274,0.5431222,530090.0,original
Fresno,CA,2014,10,9,0,4056196.0,0.38275295,0.47623008489608765,,,0.2973029613494873,0.60285765,549675.0,original
Fresno,CA,2016,10,10,0,4064256.0,0.39636713,,0.5325784683227539,,0.5155609846115112,0.5485046,566160.0,original
Fresno,CA,2018,10,11,0,4072324.0,0.3953216,0.4908371567726135,,,0.4422621428966522,0.6358319,581040.0,original
Fresno,CA,2020,10,37,1,4080400.0,,,0.539946683674183,,0.609568383430442,,598471.0,extension
Fresno,CA,2022,10,38,1,4088484.0,,0.4492183399137321,,,0.3625542379220298,,604282.0,extension
Fresno,CA,2024,10,39,1,4096576.0,,,0.4774903008011286,,0.5343358050916911,,610092.0,extension
Glenn,CA,1998,11,1,0,3992004.0,0.2979351,0.43209877610206604,,,0.5102277994155884,0.24124412,15375.0,original
Glenn,CA,2000,11,2,0,4000000.0,0.28719053,,0.3012178838253021,,,,,original
Glenn,CA,2002,11,3,0,4008004.0,0.27248678,0.2830505669116974,,,0.4232269525527954,0.28348583,,original
Glenn,CA,2004,11,4,0,4016016.0,0.2729107,,0.3219391703605652,,0.590370237827301,0.43610206,,original
Glenn,CA,2006,11,5,0,4024036.0,0.27119967,0.19747081398963928,,,0.4643109440803528,0.43313763,,original
Glenn,CA,2008,11,6,0,4032064.0,0.28402367,,0.3871837556362152,,0.5953413248062134,0.3678504,,original
Glenn,CA,2010,11,7,0,4040100.0,0.27117842,0.3320915997028351,,,0.4732148051261902,0.40712,17155.0,original
Glenn,CA,2012,11,8,0,4048144.0,0.27765444,,0.36952871084213257,,0.5358209013938904,0.74105424,17420.0,original
Glenn,CA,2014,11,9,0,4056196.0,0.25450492,0.343965083360672,,,0.3569115102291107,0.7899854,17290.0,original
Glenn,CA,2016,11,10,0,4064256.0,0.27968103,,0.3462103307247162,,0.5784907937049866,0.7830731,16830.0,original
Glenn,CA,2018,11,11,0,4072324.0,0.26871356,0.2909265458583832,,,0.49964475631713867,0.8277047,16890.0,original
Glenn,CA,2020,11,37,0,4080400.0,,,0.3612769035992041,,0.6490774271426107,,17397.0,extension
Glenn,CA,2022,11,38,0,4088484.0,,0.2433795712484237,,,0.4514402823636571,,17566.0,extension
Glenn,CA,2024,11,39,0,4096576.0,,,0.3207398661944116,,0.5888124506597496,,17734.0,extension
Humboldt,CA,1998,12,1,0,3992004.0,0.51215374,0.5748952627182007,,,0.505641520023346,0.22702211,94715.0,original
Humboldt,CA,2000,12,2,0,4000000.0,0.47936398,,0.5169752240180969,,,,,original
Humboldt,CA,2002,12,3,0,4008004.0,0.4938587,0.5474632978439331,,,0.4580603539943695,0.25301918,,original
Humboldt,CA,2004,12,4,0,4016016.0,0.4727547,,0.596339225769043,,0.6855919361114502,0.29112667,,original
Humboldt,CA,2006,12,5,0,4024036.0,0.4870594,0.46295443177223206,,,0.5015357732772827,0.39912102,,original
Humboldt,CA,2008,12,6,0,4032064.0,0.47526518,,0.6463968753814697,,0.6495012640953064,0.40633643,,original
Humboldt,CA,2010,12,7,0,4040100.0,0.4752106,0.6089728474617004,,,0.5044757127761841,0.47864535,102665.0,original
Humboldt,CA,2012,12,8,0,4048144.0,0.47638002,,0.6466912031173706,,0.559814989566803,0.51946914,103770.0,original
Humboldt,CA,2014,12,9,0,4056196.0,0.48611692,0.6461277604103088,,,0.3690163791179657,0.5719588,104410.0,original
Humboldt,CA,2016,12,10,0,4064256.0,0.4763183,,0.6437476873397827,,0.5804035663604736,0.5762262,105070.0,original
Humboldt,CA,2018,12,11,0,4072324.0,0.48433796,0.6449405550956726,,,0.5069734454154968,0.66514456,105400.0,original
Humboldt,CA,2020,12,37,0,4080400.0,,,0.6728185397817789,,0.633997162911516,,108562.0,extension
Humboldt,CA,2022,12,38,1,4088484.0,,0.618038411649023,,,0.4360494818274704,,109616.0,extension
Humboldt,CA,2024,12,39,1,4096576.0,,,0.6486416010691178,,0.5803560133730912,,110670.0,extension
Imperial,CA,1998,13,1,0,3992004.0,0.4990327,0.6068454384803772,,,0.3352932929992676,0.14790668,74450.0,original
Imperial,CA,2000,13,2,0,4000000.0,0.50463337,,0.5529218316078186,,,,,original
Imperial,CA,2002,13,3,0,4008004.0,0.50516796,0.5698624849319458,,,0.29491904377937317,0.1868851,,original
Imperial,CA,2004,13,4,0,4016016.0,0.50162476,,0.5306315422058105,,0.44644981622695923,0.24048777,,original
Imperial,CA,2006,13,5,0,4024036.0,0.511188,0.4916858673095703,,,0.28741204738616943,0.31235248,,original
Imperial,CA,2008,13,6,0,4032064.0,0.50365174,,0.63301020860672,,0.4897274076938629,0.32250208,,original
Imperial,CA,2010,13,7,0,4040100.0,0.4967907,0.6372677683830261,,,0.311119943857193,0.3658866,88040.0,original
Imperial,CA,2012,13,8,0,4048144.0,0.5027579,,0.6629915833473206,,0.4277290999889374,0.49955735,92430.0,original
Imperial,CA,2014,13,9,0,4056196.0,0.49323598,0.6426149606704712,,,0.22504830360412598,0.62422836,95735.0,original
Imperial,CA,2016,13,10,0,4064256.0,0.5030191,,0.7199973464012146,,0.4926448464393616,0.551447,99250.0,original
Imperial,CA,2018,13,11,0,4072324.0,0.4952861,0.6167336106300354,,,0.33029624819755554,0.6192654,102620.0,original
Imperial,CA,2020,13,37,0,4080400.0,,,0.6245475011256191,,0.5365992109669911,,105699.0,extension
Imperial,CA,2022,13,38,1,4088484.0,,0.5594763801935116,,,0.2798688217381119,,106725.0,extension
Imperial,CA,2024,13,39,1,4096576.0,,,0.4956012844629386,,0.5013874581210384,,107751.0,extension
Inyo,CA,1998,14,1,0,3992004.0,0.31610942,0.4771636426448822,,,0.5342320799827576,0.22623712,12850.0,original
Inyo,CA,2000,14,2,0,4000000.0,0.3292299,,0.3600814640522003,,,,,original
Inyo,CA,2002,14,3,0,4008004.0,0.315007,0.3721175789833069,,,0.5045655965805054,0.26505652,,original
Inyo,CA,2004,14,4,0,4016016.0,0.31283772,,0.3968724012374878,,0.6842728853225708,0.32615173,,original
Inyo,CA,2006,14,5,0,4024036.0,0.31295043,0.3115941882133484,,,0.5216740965843201,0.4190433,,original
Inyo,CA,2008,14,6,0,4032064.0,0.31204668,,0.45281878113746643,,0.6815786957740784,0.43188405,,original
Inyo,CA,2010,14,7,0,4040100.0,0.3077063,0.46897411346435547,,,0.5386767387390137,0.47080293,13225.0,original
Inyo,CA,2012,14,8,0,4048144.0,0.3122749,,0.44086575508117676,,0.5987504720687866,0.63577217,13605.0,original
Inyo,CA,2014,14,9,0,4056196.0,0.3111801,0.42678210139274597,,,0.410723477602005,0.704578,13615.0,original
Inyo,CA,2016,14,10,0,4064256.0,0.31407368,,0.42617857456207275,,0.609127402305603,0.6062095,13695.0,original
Inyo,CA,2018,14,11,0,4072324.0,0.32286432,0.44670888781547546,,,0.5411420464515686,0.71699136,13660.0,original
Inyo,CA,2020,14,37,0,4080400.0,,,0.5007564296520424,,0.6738450604122246,,14070.0,extension
Inyo,CA,2022,14,38,0,4088484.0,,0.4523204493780928,,,0.5263269041250176,,14206.0,extension
Inyo,CA,2024,14,39,0,4096576.0,,,0.4846002999192525,,0.6240674893676358,,14343.0,extension
Kern,CA,1998,15,1,0,3992004.0,0.31268603,0.4305362403392792,,,0.3830912411212921,0.20407492,385495.0,original
Kern,CA,2000,15,2,0,4000000.0,0.31356212,,0.37360328435897827,,,,,original
Kern,CA,2002,15,3,0,4008004.0,0.30838278,0.3587774336338043,,,0.35201025009155273,0.19590212,,original
Kern,CA,2004,15,4,0,4016016.0,0.3073828,,0.3282126188278198,,0.5236802101135254,0.25456467,,original
Kern,CA,2006,15,5,0,4024036.0,0.3111191,0.24701422452926636,,,0.36149823665618896,0.35501006,,original
Kern,CA,2008,15,6,0,4032064.0,0.32639185,,0.4094501733779907,,0.5426290035247803,0.41197944,,original
Kern,CA,2010,15,7,0,4040100.0,0.30500907,0.39692097902297974,,,0.3809960186481476,0.47921157,461535.0,original
Kern,CA,2012,15,8,0,4048144.0,0.3255557,,0.41411206126213074,,0.4686640799045563,0.5639693,477950.0,original
Kern,CA,2014,15,9,0,4056196.0,0.31724235,0.40900319814682007,,,0.2762496769428253,0.646817,492330.0,original
Kern,CA,2016,15,10,0,4064256.0,0.3272736,,0.43232882022857666,,0.497914582490921,0.53588843,504215.0,original
Kern,CA,2018,15,11,0,4072324.0,0.32281864,0.41060197353363037,,,0.39914670586586,0.65303475,515640.0,original
Kern,CA,2020,15,37,0,4080400.0,,,0.4477622964579486,,0.5746955897941853,,531109.0,extension
Kern,CA,2022,15,38,0,4088484.0,,0.3693687964685246,,,0.3518832072143302,,536266.0,extension
Kern,CA,2024,15,39,0,4096576.0,,,0.3920070983630305,,0.5231519960400575,,541422.0,extension
Kings,CA,1998,16,1,0,3992004.0,0.34197265,0.5150856375694275,,,0.29460448026657104,0.14867035,79865.0,original
Kings,CA,2000,16,2,0,4000000.0,0.3421606,,0.40269166231155396,,,,,original
Kings,CA,2002,16,3,0,4008004.0,0.3380723,0.38903340697288513,,,0.26760390400886536,0.22970742,,original
Kings,CA,2004,16,4,0,4016016.0,0.33303338,,0.3402751684188843,,0.396872878074646,0.34672406,,original
Kings,CA,2006,16,5,0,4024036.0,0.33288035,0.2880101799964905,,,0.27602335810661316,0.3443366,,original
Kings,CA,2008,16,6,0,4032064.0,0.3438085,,0.42798271775245667,,0.4143049120903015,0.642348,,original
Kings,CA,2010,16,7,0,4040100.0,0.32137007,0.43338099122047424,,,0.30157092213630676,0.6960485,89120.0,original
Kings,CA,2012,16,8,0,4048144.0,0.33856037,,0.42345839738845825,,0.3544946610927582,0.758216,90385.0,original
Kings,CA,2014,16,9,0,4056196.0,0.3231739,0.3919917643070221,,,0.24952590465545654,0.7875939,91225.0,original
Kings,CA,2016,16,10,0,4064256.0,0.3337664,,0.42942288517951965,,0.3813459575176239,0.77612156,91830.0,original
Kings,CA,2018,16,11,0,4072324.0,0.32863706,0.4057717025279999,,,0.3289552927017212,0.7978174,93040.0,original
Kings,CA,2020,16,37,0,4080400.0,,,0.4371887493862664,,0.4576598386743329,,95831.0,extension
Kings,CA,2022,16,38,1,4088484.0,,0.3488778240190249,,,0.2781257105061904,,96762.0,extension
Kings,CA,2024,16,39,1,4096576.0,,,0.3823072943610967,,0.4248147238259018,,97692.0,extension
Lake,CA,1998,17,1,0,3992004.0,0.4608985,0.6218553185462952,,,0.4631940722465515,0.2920455,42605.0,original
Lake,CA,2000,17,2,0,4000000.0,0.42631835,,0.551967442035675,,,,,original
Lake,CA,2002,17,3,0,4008004.0,0.42830056,0.534754753112793,,,0.37306541204452515,0.29053846,,original
Lake,CA,2004,17,4,0,4016016.0,0.41678804,,0.5422546863555908,,0.562207818031311,0.43694302,,original
Lake,CA,2006,17,5,0,4024036.0,0.42666563,0.39145928621292114,,,0.43182429671287537,0.52203834,,original
Lake,CA,2008,17,6,0,4032064.0,0.41970444,,0.599217414855957,,0.5524642467498779,0.5325755,,original
Lake,CA,2010,17,7,0,4040100.0,0.41926467,0.5654966831207275,,,0.45590919256210327,0.57537115,47130.0,original
Lake,CA,2012,17,8,0,4048144.0,0.41762555,,0.5886061787605286,,0.4940035343170166,0.62056154,47945.0,original
Lake,CA,2014,17,9,0,4056196.0,0.40681362,0.6127907633781433,,,0.3751765787601471,0.6668512,48140.0,original
Lake,CA,2016,17,10,0,4064256.0,0.4032112,,0.5202913880348206,,0.5223864912986755,0.6745864,48020.0,original
Lake,CA,2018,17,11,0,4072324.0,0.40636352,0.5139250159263611,,,0.44905856251716614,0.7181924,47800.0,original
Lake,CA,2020,17,37,0,4080400.0,,,0.5323902508551881,,0.5849616118942195,,49234.0,extension
Lake,CA,2022,17,38,0,4088484.0,,0.4853708211216532,,,0.4049525265529449,,49712.0,extension
Lake,CA,2024,17,39,0,4096576.0,,,0.4929300712772105,,0.533154014743973,,50190.0,extension
Lassen,CA,1998,18,1,0,3992004.0,0.27890012,0.48262694478034973,,,0.32134658098220825,0.18011905,26190.0,original
Lassen,CA,2000,18,2,0,4000000.0,0.2528935,,0.2963625490665436,,,,,original
Lassen,CA,2002,18,3,0,4008004.0,0.26432136,0.34994956851005554,,,0.2999618947505951,0.25473255,,original
Lassen,CA,2004,18,4,0,4016016.0,0.2342476,,0.2798652946949005,,0.43895018100738525,0.3545927,,original
Lassen,CA,2006,18,5,0,4024036.0,0.24490161,0.29346469044685364,,,0.33306756615638733,0.45993388,,original
Lassen,CA,2008,18,6,0,4032064.0,0.22654666,,0.323967844247818,,0.43615004420280457,0.4420504,,original
Lassen,CA,2010,18,7,0,4040100.0,0.22231627,0.45678433775901794,,,0.3503614366054535,0.36874405,26975.0,original
Lassen,CA,2012,18,8,0,4048144.0,0.21481222,,0.29500433802604675,,0.3951745629310608,0.7495837,27355.0,original
Lassen,CA,2014,18,9,0,4056196.0,0.219329,0.3243916630744934,,,0.26053813099861145,0.7657774,26760.0,original
Lassen,CA,2016,18,10,0,4064256.0,0.20189242,,0.22698509693145752,,0.42774587869644165,0.42731562,25265.0,original
Lassen,CA,2018,18,11,0,4072324.0,0.20002258,0.2265971601009369,,,0.36317360401153564,0.4479851,25145.0,original
Lassen,CA,2020,18,37,0,4080400.0,,,0.2378281927096609,,0.4627591798911155,,25899.0,extension
Lassen,CA,2022,18,38,0,4088484.0,,0.1574700109051254,,,0.3506558066613131,,26151.0,extension
Lassen,CA,2024,18,39,0,4096576.0,,,0.2233035955663692,,0.4306870691614272,,26402.0,extension
Los Angeles,CA,1998,19,1,0,3992004.0,0.53126293,0.6782702803611755,,,0.4207468032836914,0.19805893,4992965.0,original
Los Angeles,CA,2000,19,2,0,4000000.0,0.54292566,,0.6623613238334656,,,,,original
Los Angeles,CA,2002,19,3,0,4008004.0,0.5500561,0.6157734990119934,,,0.35037654638290405,0.20157932,,original
Los Angeles,CA,2004,19,4,0,4016016.0,0.5308093,,0.6393300890922546,,0.5942735075950623,0.22741026,,original
Los Angeles,CA,2006,19,5,0,4024036.0,0.54155564,0.5157940983772278,,,0.38420140743255615,0.26136345,,original
Los Angeles,CA,2008,19,6,0,4032064.0,0.536841,,0.7059215307235718,,0.624707043170929,0.24056065,,original
Los Angeles,CA,2010,19,7,0,4040100.0,0.5392871,0.6600602269172668,,,0.42974239587783813,0.28549474,5531465.0,original
Los Angeles,CA,2012,19,8,0,4048144.0,0.53988034,,0.7146145701408386,,0.5664738416671753,0.3014882,5713775.0,original
Los Angeles,CA,2014,19,9,0,4056196.0,0.5390722,0.668436586856842,,,0.2560562789440155,0.37991157,5931645.0,original
Los Angeles,CA,2016,19,10,0,4064256.0,0.5407505,,0.7619920969009399,,0.5787736773490906,0.3621914,6123490.0,original
Los Angeles,CA,2018,19,11,0,4072324.0,0.54365706,0.7190161347389221,,,0.4820210933685303,0.44661817,6272375.0,original
Los Angeles,CA,2020,19,37,1,4080400.0,,,0.7255831056567208,,0.6599199200810582,,6460546.0,extension
Los Angeles,CA,2022,19,38,1,4088484.0,,0.6780657509730135,,,0.3662621660608866,,6523270.0,extension
Los Angeles,CA,2024,19,39,1,4096576.0,,,0.6701215507416056,,0.5661145455036856,,6585994.0,extension
Madera,CA,1998,20,1,0,3992004.0,0.32171625,0.42237594723701477,,,0.39344286918640137,0.29303557,71505.0,original
Madera,CA,2000,20,2,0,4000000.0,0.31585532,,0.36482635140419006,,,,,original
Madera,CA,2002,20,3,0,4008004.0,0.30962315,0.3393351137638092,,,0.36353060603141785,0.35778075,,original
Madera,CA,2004,20,4,0,4016016.0,0.31128514,,0.3515070974826813,,0.5136027336120605,0.4569126,,original
Madera,CA,2006,20,5,0,4024036.0,0.30876374,0.2586797773838043,,,0.39097315073013306,0.5421984,,original
Madera,CA,2008,20,6,0,4032064.0,0.3232445,,0.43221378326416016,,0.530048668384552,0.54003996,,original
Madera,CA,2010,20,7,0,4040100.0,0.30978602,0.3937765061855316,,,0.4134846031665802,0.59239143,84615.0,original
Madera,CA,2012,20,8,0,4048144.0,0.31913623,,0.41209158301353455,,0.4699609577655792,0.6117049,85805.0,original
Madera,CA,2014,20,9,0,4056196.0,0.29953858,0.3721780776977539,,,0.3137502074241638,0.6722689,87235.0,original
Madera,CA,2016,20,10,0,4064256.0,0.31960905,,0.4216560125350952,,0.49964380264282227,0.6557507,88435.0,original
Madera,CA,2018,20,11,1,4072324.0,0.31677067,0.39031797647476196,,,0.4268360733985901,0.8862143,91295.0,original
Madera,CA,2020,20,37,1,4080400.0,,,0.4409089179005062,,0.5713039964268244,,94034.0,extension
Madera,CA,2022,20,38,1,4088484.0,,0.3593788046860204,,,0.3892803353449819,,94947.0,extension
Madera,CA,2024,20,39,1,4096576.0,,,0.393455227379278,,0.5698310035468391,,95860.0,extension
Marin,CA,1998,21,1,0,3992004.0,0.6058642,0.7190564274787903,,,0.5863632559776306,0.23152009,175745.0,original
Marin,CA,2000,21,2,0,4000000.0,0.5939856,,0.6941240429878235,,,,,original
Marin,CA,2002,21,3,0,4008004.0,0.6042978,0.6687918901443481,,,0.5241274237632751,0.38071176,,original
Marin,CA,2004,21,4,0,4016016.0,0.58206934,,0.742386519908905,,0.7822415232658386,0.48701188,,original
Marin,CA,2006,21,5,0,4024036.0,0.59584683,0.5101233720779419,,,0.6239554286003113,0.57745767,,original
Marin,CA,2008,21,6,0,4032064.0,0.5797999,,0.7938767075538635,,0.8141939043998718,0.5869616,,original
Marin,CA,2010,21,7,0,4040100.0,0.58732086,0.7218323945999146,,,0.6671761274337769,0.6036392,173395.0,original
Marin,CA,2012,21,8,0,4048144.0,0.58203036,,0.7638710737228394,,0.7680939435958862,0.6505486,176330.0,original
Marin,CA,2014,21,9,0,4056196.0,0.5924954,0.7935447692871094,,,0.4997822940349579,0.7100608,179150.0,original
Marin,CA,2016,21,10,0,4064256.0,0.58012205,,0.8331443071365356,,0.7827140688896179,0.7021903,182750.0,original
Marin,CA,2018,21,11,0,4072324.0,0.5854886,0.7948949933052063,,,0.7176244258880615,0.73583823,184545.0,original
Marin,CA,2020,21,37,0,4080400.0,,,0.839032047089601,,0.8196558309352329,,190081.0,extension
Marin,CA,2022,21,38,1,4088484.0,,0.8003174763152591,,,0.6203608663710681,,191927.0,extension
Marin,CA,2024,21,39,1,4096576.0,,,0.8284381552857938,,0.7437245835311603,,193772.0,extension
Mariposa,CA,1998,22,1,0,3992004.0,0.31137234,0.4380466341972351,,,0.5585224032402039,0.26720926,13190.0,original
Mariposa,CA,2000,22,2,0,4000000.0,0.31084338,,0.37332627177238464,,,,,original
Mariposa,CA,2002,22,3,0,4008004.0,0.30510375,0.36366745829582214,,,0.4986153542995453,0.298264,,original
Mariposa,CA,2004,22,4,0,4016016.0,0.30061018,,0.3840066194534302,,0.6853399276733398,0.36434773,,original
Mariposa,CA,2006,22,5,0,4024036.0,0.30767718,0.2812013030052185,,,0.5612249970436096,0.55323535,,original
Mariposa,CA,2008,22,6,0,4032064.0,0.30085748,,0.4362630248069763,,0.6951468586921692,0.5524805,,original
Mariposa,CA,2010,22,7,0,4040100.0,0.29415554,0.4054018557071686,,,0.5772649049758911,0.60460675,14515.0,original
Mariposa,CA,2012,22,8,0,4048144.0,0.2990099,,0.40495485067367554,,0.6179226040840149,0.5807515,14730.0,original
Mariposa,CA,2014,22,9,0,4056196.0,0.29664212,0.3822854459285736,,,0.46710848808288574,0.70206094,14335.0,original
Mariposa,CA,2016,22,10,0,4064256.0,0.29305398,,0.3758276104927063,,0.6573968529701233,0.70691335,14060.0,original
Mariposa,CA,2018,22,11,0,4072324.0,0.30323073,0.38694384694099426,,,0.595214307308197,0.7397096,14000.0,original
Mariposa,CA,2020,22,37,1,4080400.0,,,0.4072524407252441,,0.7128987517337032,,14420.0,extension
Mariposa,CA,2022,22,38,1,4088484.0,,0.3755102040816326,,,0.5384615384615384,,14560.0,extension
Mariposa,CA,2024,22,39,1,4096576.0,,,0.3916946036552395,,0.6468707482993197,,14700.0,extension
Mendocino,CA,1998,23,1,0,3992004.0,0.5318814,0.6551435589790344,,,0.5032239556312561,0.24154752,59080.0,original
Mendocino,CA,2000,23,2,0,4000000.0,0.5210211,,0.5754514336585999,,,,,original
Mendocino,CA,2002,23,3,0,4008004.0,0.53610206,0.5652559399604797,,,0.43346279859542847,0.23608096,,original
Mendocino,CA,2004,23,4,0,4016016.0,0.5188994,,0.6530530452728271,,0.6491841673851013,0.30818468,,original
Mendocino,CA,2006,23,5,0,4024036.0,0.5259878,0.49618595838546753,,,0.5223320722579956,0.20392755,,original
Mendocino,CA,2008,23,6,0,4032064.0,0.5152189,,0.7219945788383484,,0.6677758693695068,0.22195663,,original
Mendocino,CA,2010,23,7,0,4040100.0,0.52004504,0.6794345378875732,,,0.5245319604873657,0.7939692,61960.0,original
Mendocino,CA,2012,23,8,0,4048144.0,0.51537675,,0.7060059309005737,,0.5840550661087036,0.80471176,61775.0,original
Mendocino,CA,2014,23,9,0,4056196.0,0.52803034,0.717566728591919,,,0.4071114659309387,0.82503897,61450.0,original
Mendocino,CA,2016,23,10,0,4064256.0,0.5079519,,0.6697303652763367,,0.6268004775047302,0.8441518,61790.0,original
Mendocino,CA,2018,23,11,0,4072324.0,0.5159042,0.6630945801734924,,,0.5501012206077576,0.86863333,61745.0,original
Mendocino,CA,2020,23,37,0,4080400.0,,,0.684487145948774,,0.6814157900529899,,63597.0,extension
Mendocino,CA,2022,23,38,0,4088484.0,,0.6261433177600843,,,0.4733162033792727,,64215.0,extension
Mendocino,CA,2024,23,39,0,4096576.0,,,0.6399925486334727,,0.6048864758144127,,64832.0,extension
Merced,CA,1998,24,1,0,3992004.0,0.41459218,0.547308623790741,,,0.3821471333503723,0.23748425,109900.0,original
Merced,CA,2000,24,2,0,4000000.0,0.4144061,,0.4654296636581421,,,,,original
Merced,CA,2002,24,3,0,4008004.0,0.4153696,0.484971284866333,,,0.36650967597961426,0.24589968,,original
Merced,CA,2004,24,4,0,4016016.0,0.4109709,,0.42768579721450806,,0.49787017703056335,0.35151145,,original
Merced,CA,2006,24,5,0,4024036.0,0.4091724,0.3484276533126831,,,0.3517696261405945,0.4089946,,original
Merced,CA,2008,24,6,0,4032064.0,0.42684755,,0.5424563884735107,,0.5129354596138,0.40294954,,original
Merced,CA,2010,24,7,0,4040100.0,0.41447708,0.4873741865158081,,,0.36591342091560364,0.46606037,133425.0,original
Merced,CA,2012,24,8,0,4048144.0,0.43144512,,0.5447627902030945,,0.4587079584598541,0.5266703,136915.0,original
Merced,CA,2014,24,9,0,4056196.0,0.3986608,0.5012832880020142,,,0.2725875675678253,0.584066,141870.0,original
Merced,CA,2016,24,10,0,4064256.0,0.4390049,,0.5650495290756226,,0.4989592134952545,0.47808787,145565.0,original
Merced,CA,2018,24,11,0,4072324.0,0.43237993,0.5199216604232788,,,0.4035140573978424,0.55132127,149115.0,original
Merced,CA,2020,24,37,0,4080400.0,,,0.5542720731320994,,0.5895056905487408,,153588.0,extension
Merced,CA,2022,24,38,1,4088484.0,,0.4559188030322219,,,0.3564160433324735,,155080.0,extension
Merced,CA,2024,24,39,1,4096576.0,,,0.4776279042129657,,0.5517752329614041,,156571.0,extension
Modoc,CA,1998,25,1,0,3992004.0,0.25662482,0.4348355531692505,,,0.53691565990448,0.19102064,6710.0,original
Modoc,CA,2000,25,2,0,4000000.0,0.25220093,,0.24144098162651062,,,,,original
Modoc,CA,2002,25,3,0,4008004.0,0.24707195,0.2940215468406677,,,0.5138618350028992,0.19168591,,original
Modoc,CA,2004,25,4,0,4016016.0,0.24024251,,0.26208940148353577,,0.66551274061203,0.2334147,,original
Modoc,CA,2006,25,5,0,4024036.0,0.23837453,0.20354729890823364,,,0.5648701190948486,0.29716367,,original
Modoc,CA,2008,25,6,0,4032064.0,0.23774432,,0.3057754933834076,,0.6591611504554749,0.31831297,,original
Modoc,CA,2010,25,7,0,4040100.0,0.22143318,0.29056602716445923,,,0.5456981658935547,0.35642284,7090.0,original
Modoc,CA,2012,25,8,0,4048144.0,0.22355348,,0.28575101494789124,,0.5711673498153687,0.69835013,7110.0,original
Modoc,CA,2014,25,9,0,4056196.0,0.22271806,0.2719886898994446,,,0.4214337468147278,0.7257732,6905.0,original
Modoc,CA,2016,25,10,0,4064256.0,0.21952613,,0.24545200169086456,,0.5723122358322144,0.7159032,6790.0,original
Modoc,CA,2018,25,11,0,4072324.0,0.21697006,0.23781903088092804,,,0.519227921962738,0.77838147,6735.0,original
Modoc,CA,2020,25,37,0,4080400.0,,,0.2700164357830477,,0.6253423670174427,,6937.0,extension
Modoc,CA,2022,25,38,0,4088484.0,,0.201348182883939,,,0.4871501998857795,,7004.0,extension
Modoc,CA,2024,25,39,0,4096576.0,,,0.2589928057553957,,0.5678733031674208,,7072.0,extension
Mono,CA,1998,26,1,0,3992004.0,0.39032257,0.5001524090766907,,,0.3949664533138275,0.2302464,8960.0,original
Mono,CA,2000,26,2,0,4000000.0,0.36453414,,0.43780606985092163,,,,,original
Mono,CA,2002,26,3,0,4008004.0,0.3791209,0.4067278206348419,,,0.34565702080726624,0.22229381,,original
Mono,CA,2004,26,4,0,4016016.0,0.35758707,,0.5006667971611023,,0.6013333201408386,0.28806356,,original
Mono,CA,2006,26,5,0,4024036.0,0.3625365,0.33686622977256775,,,0.42838138341903687,0.15113872,,original
Mono,CA,2008,26,6,0,4032064.0,0.36403295,,0.5678355097770691,,0.6217920184135437,0.33730653,,original
Mono,CA,2010,26,7,0,4040100.0,0.35781595,0.4937910735607147,,,0.4868861436843872,0.3662159,9265.0,original
Mono,CA,2012,26,8,0,4048144.0,0.36333406,,0.5446392893791199,,0.5406832098960876,0.5986981,9660.0,original
Mono,CA,2014,26,9,0,4056196.0,0.35664138,0.5309043526649475,,,0.33635395765304565,0.6491284,9380.0,original
Mono,CA,2016,26,10,0,4064256.0,0.37039226,,0.5677723288536072,,0.5875736474990845,0.61020964,9335.0,original
Mono,CA,2018,26,11,0,4072324.0,0.37717324,0.5575932264328003,,,0.508041262626648,0.66254056,9700.0,original
Mono,CA,2020,26,37,0,4080400.0,,,0.6149249157217285,,0.6743068761885697,,9991.0,extension
Mono,CA,2022,26,38,0,4088484.0,,0.5456336178594878,,,0.4529143536875495,,10088.0,extension
Mono,CA,2024,26,39,0,4096576.0,,,0.6055708390646493,,0.5953853706431026,,10185.0,extension
Monterey,CA,1998,27,1,0,3992004.0,0.50930977,0.6223248243331909,,,0.4258533716201782,0.36291936,217070.0,original
Monterey,CA,2000,27,2,0,4000000.0,0.51388866,,0.6070982813835144,,,,,original
Monterey,CA,2002,27,3,0,4008004.0,0.5200054,0.5987478494644165,,,0.4119652807712555,0.43655658,,original
Monterey,CA,2004,27,4,0,4016016.0,0.51077485,,0.611322820186615,,0.5838040709495544,0.50164497,,original
Monterey,CA,2006,27,5,0,4024036.0,0.51374274,0.4327715337276459,,,0.41189438104629517,0.5801691,,original
Monterey,CA,2008,27,6,0,4032064.0,0.52133596,,0.6951119899749756,,0.6050118207931519,0.5880074,,original
Monterey,CA,2010,27,7,0,4040100.0,0.5196606,0.6308470368385315,,,0.46448880434036255,0.6517856,218410.0,original
Monterey,CA,2012,27,8,0,4048144.0,0.52267444,,0.6892195343971252,,0.5597723126411438,0.70314324,223130.0,original
Monterey,CA,2014,27,9,0,4056196.0,0.5084738,0.6943279504776001,,,0.3303573429584503,0.76368237,227375.0,original
Monterey,CA,2016,27,10,0,4064256.0,0.5188396,,0.7185501456260681,,0.5971992015838623,0.7483188,229575.0,original
Monterey,CA,2018,27,11,0,4072324.0,0.51686996,0.6598257422447205,,,0.5098541378974915,0.7595532,230715.0,original
Monterey,CA,2020,27,37,0,4080400.0,,,0.7110862890946759,,0.6896387752697403,,237636.0,extension
Monterey,CA,2022,27,38,0,4088484.0,,0.6390153629233616,,,0.4256368152568933,,239944.0,extension
Monterey,CA,2024,27,39,0,4096576.0,,,0.6540348312553589,,0.6056445587427916,,242251.0,extension
Napa,CA,1998,28,1,0,3992004.0,0.48483586,0.6294571161270142,,,0.5426124334335327,0.27241302,81325.0,original
Napa,CA,2000,28,2,0,4000000.0,0.4816858,,0.5765852928161621,,,,,original
Napa,CA,2002,28,3,0,4008004.0,0.48889476,0.565050482749939,,,0.46121418476104736,0.2692866,,original
Napa,CA,2004,28,4,0,4016016.0,0.4767854,,0.604145348072052,,0.6880896091461182,0.38201243,,original
Napa,CA,2006,28,5,0,4024036.0,0.48847565,0.4158121347427368,,,0.5187486410140991,0.44614926,,original
Napa,CA,2008,28,6,0,4032064.0,0.48329285,,0.6659866571426392,,0.7133166193962097,0.27503893,,original
Napa,CA,2010,28,7,0,4040100.0,0.47927058,0.5996102094650269,,,0.5542857050895691,0.30338135,86275.0,original
Napa,CA,2012,28,8,0,4048144.0,0.48118556,,0.6475196480751038,,0.6557735204696655,0.89161116,87945.0,original
Napa,CA,2014,28,9,0,4056196.0,0.48314738,0.6818625330924988,,,0.42814069986343384,0.93816745,90545.0,original
Napa,CA,2016,28,10,0,4064256.0,0.48187032,,0.6924394965171814,,0.6803075671195984,0.9283851,92980.0,original
Napa,CA,2018,28,11,1,4072324.0,0.4818875,0.648002564907074,,,0.60208660364151,0.99926484,94890.0,original
Napa,CA,2020,28,37,1,4080400.0,,,0.7066942817017292,,0.7379191094467806,,97737.0,extension
Napa,CA,2022,28,38,1,4088484.0,,0.6473417418376307,,,0.507751859432949,,98686.0,extension
Napa,CA,2024,28,39,1,4096576.0,,,0.6797652944045054,,0.6578979063371941,,99634.0,extension
Nevada,CA,1998,29,1,0,3992004.0,0.37467882,0.47049030661582947,,,0.5801384449005127,0.26575223,69110.0,original
Nevada,CA,2000,29,2,0,4000000.0,0.3758181,,0.4046441316604614,,,,,original
Nevada,CA,2002,29,3,0,4008004.0,0.37366268,0.393323689699173,,,0.5724667310714722,0.3091202,,original
Nevada,CA,2004,29,4,0,4016016.0,0.37579808,,0.4568949341773987,,0.7585421800613403,0.49611065,,original
Nevada,CA,2006,29,5,0,4024036.0,0.3843157,0.292874276638031,,,0.6007646322250366,0.5519593,,original
Nevada,CA,2008,29,6,0,4032064.0,0.3813117,,0.5272107720375061,,0.7529643774032593,0.69505316,,original
Nevada,CA,2010,29,7,0,4040100.0,0.37928292,0.47914981842041016,,,0.6544100046157837,0.73846126,75850.0,original
Nevada,CA,2012,29,8,0,4048144.0,0.38174793,,0.4967471659183502,,0.6764732599258423,0.7355337,77125.0,original
Nevada,CA,2014,29,9,0,4056196.0,0.387065,0.5463211536407471,,,0.510617196559906,0.76322895,77610.0,original
Nevada,CA,2016,29,10,0,4064256.0,0.38496837,,0.5271965861320496,,0.726110577583313,0.77917254,78225.0,original
Nevada,CA,2018,29,11,1,4072324.0,0.39026302,0.5293472409248352,,,0.6967692971229553,0.9443778,78930.0,original
Nevada,CA,2020,29,37,1,4080400.0,,,0.5758655643194273,,0.7963049521513444,,81298.0,extension
Nevada,CA,2022,29,38,1,4088484.0,,0.5253562488913416,,,0.6180881260126451,,82087.0,extension
Nevada,CA,2024,29,39,1,4096576.0,,,0.5634328980503994,,0.7496983445146966,,82876.0,extension
Orange,CA,1998,30,1,0,3992004.0,0.30559605,0.46187007427215576,,,0.4509422779083252,0.25130844,1631415.0,original
Orange,CA,2000,30,2,0,4000000.0,0.30889753,,0.4199029505252838,,,,,original
Orange,CA,2002,30,3,0,4008004.0,0.30459112,0.37633174657821655,,,0.3980748951435089,0.2879015,,original
Orange,CA,2004,30,4,0,4016016.0,0.30811632,,0.39510929584503174,,0.6452557444572449,0.3903016,,original
Orange,CA,2006,30,5,0,4024036.0,0.3138643,0.2675919830799103,,,0.4375971555709839,0.48221585,,original
Orange,CA,2008,30,6,0,4032064.0,0.3256207,,0.4869283139705658,,0.6631611585617065,0.46544147,,original
Orange,CA,2010,30,7,0,4040100.0,0.31533957,0.39667680859565735,,,0.5007930994033813,0.5189873,1793565.0,original
Orange,CA,2012,30,8,0,4048144.0,0.3289497,,0.46807920932769775,,0.609391987323761,0.5128697,1859565.0,original
Orange,CA,2014,30,9,0,4056196.0,0.31647474,0.4443131983280182,,,0.3310832381248474,0.60573304,1934130.0,original
Orange,CA,2016,30,10,0,4064256.0,0.34525692,,0.5460174679756165,,0.6236518025398254,0.5830249,1987335.0,original
Orange,CA,2018,30,11,0,4072324.0,0.34966478,0.5014293789863586,,,0.5420293211936951,0.6445173,2041825.0,original
Orange,CA,2020,30,37,1,4080400.0,,,0.5461289346510952,,0.7235697167963178,,2103080.0,extension
Orange,CA,2022,30,38,1,4088484.0,,0.4850941542834451,,,0.4506432311214797,,2123498.0,extension
Orange,CA,2024,30,39,1,4096576.0,,,0.5137076639045379,,0.6487964080682266,,2143916.0,extension
Placer,CA,1998,31,1,0,3992004.0,0.31313938,0.447900652885437,,,0.5557373762130737,0.2917112,175125.0,original
Placer,CA,2000,31,2,0,4000000.0,0.30439582,,0.378050297498703,,,,,original
Placer,CA,2002,31,3,0,4008004.0,0.29711872,0.32708510756492615,,,0.5262129306793213,0.3253535,,original
Placer,CA,2004,31,4,0,4016016.0,0.29669476,,0.36671683192253113,,0.763859748840332,0.39419535,,original
Placer,CA,2006,31,5,0,4024036.0,0.30417502,0.2251400649547577,,,0.5822402238845825,0.5059923,,original
Placer,CA,2008,31,6,0,4032064.0,0.30025768,,0.4424625635147095,,0.7638245820999146,0.55577433,,original
Placer,CA,2010,31,7,0,4040100.0,0.29676,0.4013354182243347,,,0.6092192530632019,0.5900675,238305.0,original
Placer,CA,2012,31,8,0,4048144.0,0.2963961,,0.4007340669631958,,0.6907931566238403,0.66906697,250085.0,original
Placer,CA,2014,31,9,0,4056196.0,0.29958332,0.45408302545547485,,,0.44176098704338074,0.7269856,261560.0,original
Placer,CA,2016,31,10,0,4064256.0,0.29776195,,0.43587493896484375,,0.7025273442268372,0.6935975,271235.0,original
Placer,CA,2018,31,11,0,4072324.0,0.3040568,0.4119662344455719,,,0.6329575777053833,0.73613167,280785.0,original
Placer,CA,2020,31,37,0,4080400.0,,,0.465950461507606,,0.81261993921351,,289209.0,extension
Placer,CA,2022,31,38,0,4088484.0,,0.4043467037222152,,,0.6234898087776012,,292016.0,extension
Placer,CA,2024,31,39,1,4096576.0,,,0.4561582104353244,,0.7964378747998806,,294824.0,extension
Plumas,CA,1998,32,1,0,3992004.0,0.34554335,0.4570179581642151,,,0.5509131550788879,0.32490227,15885.0,original
Plumas,CA,2000,32,2,0,4000000.0,0.3127355,,0.35282114148139954,,,,,original
Plumas,CA,2002,32,3,0,4008004.0,0.31181568,0.37608569860458374,,,0.5067055821418762,0.37873548,,original
Plumas,CA,2004,32,4,0,4016016.0,0.3081129,,0.3742069900035858,,0.7023738026618958,0.46382716,,original
Plumas,CA,2006,32,5,0,4024036.0,0.31654176,0.2626286745071411,,,0.5561050772666931,0.5626459,,original
Plumas,CA,2008,32,6,0,4032064.0,0.3050095,,0.4386046528816223,,0.6864078640937805,0.58742946,,original
Plumas,CA,2010,32,7,0,4040100.0,0.30077583,0.39990711212158203,,,0.5868207216262817,0.6900479,16010.0,original
Plumas,CA,2012,32,8,0,4048144.0,0.30142787,,0.41305017471313477,,0.6403281688690186,0.7105263,15845.0,original
Plumas,CA,2014,32,9,0,4056196.0,0.3046762,0.41745248436927795,,,0.4680452346801758,0.7622532,15475.0,original
Plumas,CA,2016,32,10,0,4064256.0,0.29577157,,0.3895708918571472,,0.663189172744751,1.0,15145.0,original
Plumas,CA,2018,32,11,0,4072324.0,0.29891244,0.3715367913246155,,,0.6161417365074158,1.0,15240.0,original
Plumas,CA,2020,32,37,0,4080400.0,,,0.4144103216427403,,0.7170796967573422,,15697.0,extension
Plumas,CA,2022,32,38,0,4088484.0,,0.357118035445384,,,0.5446687697160884,,15850.0,extension
Plumas,CA,2024,32,39,0,4096576.0,,,0.4125192406362237,,0.6291088613923259,,16002.0,extension
Riverside,CA,1998,33,1,0,3992004.0,0.36585078,0.5279732942581177,,,0.40035280585289,0.2477712,918775.0,original
Riverside,CA,2000,33,2,0,4000000.0,0.3725711,,0.46619459986686707,,,,,original
Riverside,CA,2002,33,3,0,4008004.0,0.3664673,0.4331727623939514,,,0.31638675928115845,0.28938028,,original
Riverside,CA,2004,33,4,0,4016016.0,0.35935295,,0.41504573822021484,,0.5405784845352173,0.34299678,,original
Riverside,CA,2006,33,5,0,4024036.0,0.36695355,0.31488314270973206,,,0.3549533188343048,0.40870118,,original
Riverside,CA,2008,33,6,0,4032064.0,0.37785244,,0.5117910504341125,,0.5652523040771484,0.4152769,,original
Riverside,CA,2010,33,7,0,4040100.0,0.36690834,0.4575873911380768,,,0.3952890634536743,0.48118243,1244760.0,original
Riverside,CA,2012,33,8,0,4048144.0,0.38253444,,0.5084488391876221,,0.5069015026092529,0.55480886,1321020.0,original
Riverside,CA,2014,33,9,0,4056196.0,0.37038174,0.4708596169948578,,,0.2565416395664215,0.6510856,1394565.0,original
Riverside,CA,2016,33,10,0,4064256.0,0.38840726,,0.5286107063293457,,0.5292897820472717,0.6559537,1453255.0,original
Riverside,CA,2018,33,11,0,4072324.0,0.38700098,0.4981326460838318,,,0.42738839983940125,0.700857,1522140.0,original
Riverside,CA,2020,33,37,0,4080400.0,,,0.5405689056537316,,0.6353829943028593,,1567804.0,extension
Riverside,CA,2022,33,38,1,4088484.0,,0.4782673632029481,,,0.3764315936693396,,1583026.0,extension
Riverside,CA,2024,33,39,1,4096576.0,,,0.4935032590208846,,0.5883977883268355,,1598247.0,extension
Sacramento,CA,1998,34,1,0,3992004.0,0.46093246,0.5913274884223938,,,0.47627338767051697,0.2201248,796640.0,original
Sacramento,CA,2000,34,2,0,4000000.0,0.45077363,,0.5210241675376892,,,,,original
Sacramento,CA,2002,34,3,0,4008004.0,0.44215888,0.466896116733551,,,0.40484878420829773,0.34384468,,original
Sacramento,CA,2004,34,4,0,4016016.0,0.44144028,,0.501183807849884,,0.574691891670227,0.33286515,,original
Sacramento,CA,2006,34,5,0,4024036.0,0.44453153,0.36104607582092285,,,0.42820653319358826,0.47560313,,original
Sacramento,CA,2008,34,6,0,4032064.0,0.45113572,,0.5970808863639832,,0.6206246614456177,0.4418688,,original
Sacramento,CA,2010,34,7,0,4040100.0,0.4505958,0.5960648655891418,,,0.4720572233200073,0.52752,907820.0,original
Sacramento,CA,2012,34,8,0,4048144.0,0.4539373,,0.5974012613296509,,0.5562309622764587,0.5862023,938540.0,original
Sacramento,CA,2014,34,9,0,4056196.0,0.45532852,0.6232825517654419,,,0.3409025967121124,0.66256875,970415.0,original
Sacramento,CA,2016,34,10,0,4064256.0,0.45204914,,0.632057785987854,,0.5758376717567444,0.6471945,999780.0,original
Sacramento,CA,2018,34,11,1,4072324.0,0.45232043,0.58809494972229,,,0.5086389780044556,0.9420666,1027550.0,original
Sacramento,CA,2020,34,37,1,4080400.0,,,0.6295341560353778,,0.6786718519694324,,1058376.0,extension
Sacramento,CA,2022,34,38,1,4088484.0,,0.5751099739747453,,,0.4469303384076388,,1068652.0,extension
Sacramento,CA,2024,34,39,1,4096576.0,,,0.6021170767424538,,0.6085911200747408,,1078928.0,extension
San Benito,CA,1998,35,1,0,3992004.0,0.47841275,0.6025764346122742,,,0.4393724203109741,0.19320403,30395.0,original
San Benito,CA,2000,35,2,0,4000000.0,0.4823093,,0.565527081489563,,,,,original
San Benito,CA,2002,35,3,0,4008004.0,0.47539744,0.5395112633705139,,,0.41638538241386414,0.2992287,,original
San Benito,CA,2004,35,4,0,4016016.0,0.4654686,,0.5310798287391663,,0.6297045946121216,0.31885335,,original
San Benito,CA,2006,35,5,0,4024036.0,0.4707626,0.3968254029750824,,,0.4762152433395386,0.41055578,,original
San Benito,CA,2008,35,6,0,4032064.0,0.47131374,,0.6161203384399414,,0.647190272808075,0.4329897,,original
San Benito,CA,2010,35,7,0,4040100.0,0.46663284,0.5428515672683716,,,0.5351148843765259,0.46632156,30685.0,original
San Benito,CA,2012,35,8,0,4048144.0,0.47564706,,0.6056179404258728,,0.5917307138442993,0.64699465,32530.0,original
San Benito,CA,2014,35,9,0,4056196.0,0.47788393,0.6352491974830627,,,0.40734291076660156,0.6757392,34455.0,original
San Benito,CA,2016,35,10,0,4064256.0,0.47237423,,0.6149199604988098,,0.6303369402885437,0.7091022,35765.0,original
San Benito,CA,2018,35,11,0,4072324.0,0.4696186,0.5612026453018188,,,0.5535483956336975,0.8516414,37200.0,original
San Benito,CA,2020,35,37,0,4080400.0,,,0.6247076334254731,,0.7521922956467272,,38316.0,extension
San Benito,CA,2022,35,38,1,4088484.0,,0.5326386760649708,,,0.5060483870967742,,38688.0,extension
San Benito,CA,2024,35,39,1,4096576.0,,,0.5646739332614114,,0.7078597030209933,,39060.0,extension
San Bernardino,CA,1998,36,1,0,3992004.0,0.39802057,0.5479674339294434,,,0.35972270369529724,0.21219893,989410.0,original
San Bernardino,CA,2000,36,2,0,4000000.0,0.4012772,,0.4919726252555847,,,,,original
San Bernardino,CA,2002,36,3,0,4008004.0,0.39177978,0.4503297805786133,,,0.28688913583755493,0.2297451,,original
San Bernardino,CA,2004,36,4,0,4016016.0,0.39204594,,0.44051674008369446,,0.4972217082977295,0.2702205,,original
San Bernardino,CA,2006,36,5,0,4024036.0,0.3930664,0.350251704454422,,,0.32603713870048523,0.38549232,,original
San Bernardino,CA,2008,36,6,0,4032064.0,0.40788853,,0.5322965979576111,,0.5425601601600647,0.37186038,,original
San Bernardino,CA,2010,36,7,0,4040100.0,0.39327016,0.4941982626914978,,,0.3787015378475189,0.4400045,1175860.0,original
San Bernardino,CA,2012,36,8,0,4048144.0,0.40955055,,0.5376682877540588,,0.4826270639896393,0.48046425,1221670.0,original
San Bernardino,CA,2014,36,9,0,4056196.0,0.38431057,0.4685559868812561,,,0.23105065524578094,0.60045755,1269345.0,original
San Bernardino,CA,2016,36,10,0,4064256.0,0.41382673,,0.556850254535675,,0.5130760073661804,0.5730014,1311445.0,original
San Bernardino,CA,2018,36,11,0,4072324.0,0.41130003,0.5153512358665466,,,0.40512901544570923,0.61693716,1347820.0,original
San Bernardino,CA,2020,36,37,0,4080400.0,,,0.5544947428343445,,0.6057467828316844,,1388255.0,extension
San Bernardino,CA,2022,36,38,0,4088484.0,,0.4739075907590759,,,0.3242414924953611,,1401733.0,extension
San Bernardino,CA,2024,36,39,0,4096576.0,,,0.4889930185137671,,0.5382335213618322,,1415211.0,extension
San Diego,CA,1998,37,1,0,3992004.0,0.3662991,0.5165495872497559,,,0.43825554847717285,0.30760437,1788075.0,original
San Diego,CA,2000,37,2,0,4000000.0,0.36312407,,0.479160338640213,,,,,original
San Diego,CA,2002,37,3,0,4008004.0,0.36075246,0.43953123688697815,,,0.376107394695282,0.27558985,,original
San Diego,CA,2004,37,4,0,4016016.0,0.35789856,,0.4689987301826477,,0.6187039017677307,0.30169296,,original
San Diego,CA,2006,37,5,0,4024036.0,0.36409533,0.3157781660556793,,,0.4195914566516876,0.40961608,,original
San Diego,CA,2008,37,6,0,4032064.0,0.36950785,,0.5519822835922241,,0.6511950492858887,0.4600268,,original
San Diego,CA,2010,37,7,0,4040100.0,0.36153945,0.46927410364151,,,0.4709450304508209,0.55072904,1967030.0,original
San Diego,CA,2012,37,8,0,4048144.0,0.3707896,,0.5387696027755737,,0.5917328000068665,0.5609795,2033460.0,original
San Diego,CA,2014,37,9,0,4056196.0,0.36448884,0.51067054271698,,,0.3293055295944214,0.6495868,2102710.0,original
San Diego,CA,2016,37,10,0,4064256.0,0.38032553,,0.6062071919441223,,0.6192657947540283,0.63641196,2174370.0,original
San Diego,CA,2018,37,11,0,4072324.0,0.38790974,0.5685797929763794,,,0.524703323841095,0.68511164,2237310.0,original
San Diego,CA,2020,37,37,0,4080400.0,,,0.6164906208299888,,0.6950624211030151,,2304429.0,extension
San Diego,CA,2022,37,38,1,4088484.0,,0.5578171211820899,,,0.4423358755923366,,2326802.0,extension
San Diego,CA,2024,37,39,1,4096576.0,,,0.5864682617684411,,0.6290656809025803,,2349176.0,extension
San Francisco,CA,1998,38,1,0,3992004.0,0.6581776,0.8407407402992249,,,0.45854610204696655,0.2667528,553675.0,original
San Francisco,CA,2000,38,2,0,4000000.0,0.63516957,,0.8242900967597961,,,,,original
San Francisco,CA,2002,38,3,0,4008004.0,0.63927674,0.8116223216056824,,,0.40155157446861267,0.29078817,,original
San Francisco,CA,2004,38,4,0,4016016.0,0.6170902,,0.8451984524726868,,0.6375873684883118,0.3744051,,original
San Francisco,CA,2006,38,5,0,4024036.0,0.63187253,0.6783023476600647,,,0.4417177438735962,0.42703936,,original
San Francisco,CA,2008,38,6,0,4032064.0,0.6131473,,0.8603729605674744,,0.6676653027534485,0.46013778,,original
San Francisco,CA,2010,38,7,0,4040100.0,0.6210202,0.8169293403625488,,,0.4897153377532959,0.50349057,581205.0,original
San Francisco,CA,2012,38,8,0,4048144.0,0.61410046,,0.8650340437889099,,0.6148939728736877,0.52948546,593395.0,original
San Francisco,CA,2014,38,9,0,4056196.0,0.6209201,0.8815253376960754,,,0.37977397441864014,0.58914685,608820.0,original
San Francisco,CA,2016,38,10,0,4064256.0,0.6054972,,0.9015393257141113,,0.6608551740646362,0.63467604,627260.0,original
San Francisco,CA,2018,38,11,0,4072324.0,0.611526,0.8639010190963745,,,0.5766775608062744,0.65700233,646545.0,original
San Francisco,CA,2020,38,37,0,4080400.0,,,0.8701783129646803,,0.6659118450433297,,665941.0,extension
San Francisco,CA,2022,38,38,0,4088484.0,,0.8538342632336648,,,0.4483385806513019,,672407.0,extension
San Francisco,CA,2024,38,39,0,4096576.0,,,0.8379707646390362,,0.5935787600608068,,678872.0,extension
San Joaquin,CA,1998,39,1,0,3992004.0,0.4168686,0.5328163504600525,,,0.4066171646118164,0.23432945,331050.0,original
San Joaquin,CA,2000,39,2,0,4000000.0,0.4235449,,0.4938192069530487,,,,,original
San Joaquin,CA,2002,39,3,0,4008004.0,0.41120344,0.4799439311027527,,,0.3709102272987366,0.28905985,,original
San Joaquin,CA,2004,39,4,0,4016016.0,0.41684657,,0.46285441517829895,,0.5420955419540405,0.3354838,,original
San Joaquin,CA,2006,39,5,0,4024036.0,0.4180269,0.37264981865882874,,,0.3867051899433136,0.41660115,,original
San Joaquin,CA,2008,39,6,0,4032064.0,0.43345207,,0.5543994903564453,,0.5638640522956848,0.47954893,,original
San Joaquin,CA,2010,39,7,0,4040100.0,0.41994482,0.5187940001487732,,,0.4123884439468384,0.59767574,391655.0,original
San Joaquin,CA,2012,39,8,0,4048144.0,0.439235,,0.57005774974823,,0.5092021226882935,0.64269036,406210.0,original
San Joaquin,CA,2014,39,9,0,4056196.0,0.40979087,0.5354140996932983,,,0.28304871916770935,0.73034775,421030.0,original
San Joaquin,CA,2016,39,10,0,4064256.0,0.4349902,,0.5766162276268005,,0.5318962931632996,0.66297275,433295.0,original
San Joaquin,CA,2018,39,11,0,4072324.0,0.4294189,0.5218782424926758,,,0.4379642605781555,0.7112518,448975.0,original
San Joaquin,CA,2020,39,37,0,4080400.0,,,0.5709320247311638,,0.6237360631773793,,462444.0,extension
San Joaquin,CA,2022,39,38,0,4088484.0,,0.4821542365712674,,,0.3797645919980125,,466934.0,extension
San Joaquin,CA,2024,39,39,0,4096576.0,,,0.4954057024835415,,0.5593075448004344,,471424.0,extension
San Luis Obispo,CA,1998,40,1,0,3992004.0,0.3632817,0.5131474137306213,,,0.4928544759750366,0.42888618,182390.0,original
San Luis Obispo,CA,2000,40,2,0,4000000.0,0.35550848,,0.43917739391326904,,,,,original
San Luis Obispo,CA,2002,40,3,0,4008004.0,0.3605126,0.40570929646492004,,,0.4507790207862854,0.38483724,,original
San Luis Obispo,CA,2004,40,4,0,4016016.0,0.3576293,,0.46349528431892395,,0.6859194040298462,0.42541885,,original
San Luis Obispo,CA,2006,40,5,0,4024036.0,0.3647376,0.33078670501708984,,,0.5124255418777466,0.531222,,original
San Luis Obispo,CA,2008,40,6,0,4032064.0,0.35884959,,0.5275514125823975,,0.6793210506439209,0.5103945,,original
San Luis Obispo,CA,2010,40,7,0,4040100.0,0.3583207,0.4779731035232544,,,0.5381131768226624,0.58612806,200705.0,original
San Luis Obispo,CA,2012,40,8,0,4048144.0,0.35902876,,0.5053247809410095,,0.6200610995292664,0.6327177,204525.0,original
San Luis Obispo,CA,2014,40,9,0,4056196.0,0.36426252,0.5432441234588623,,,0.4211524724960327,0.71019894,208250.0,original
San Luis Obispo,CA,2016,40,10,0,4064256.0,0.36300212,,0.5443859696388245,,0.6551368236541748,0.7065254,213215.0,original
San Luis Obispo,CA,2018,40,11,0,4072324.0,0.36983305,0.5157618522644043,,,0.5914475917816162,0.7564763,217015.0,original
San Luis Obispo,CA,2020,40,37,0,4080400.0,,,0.56701295699408,,0.7143764679566044,,223525.0,extension
San Luis Obispo,CA,2022,40,38,0,4088484.0,,0.5112931538911645,,,0.5300492698142635,,225696.0,extension
San Luis Obispo,CA,2024,40,39,0,4096576.0,,,0.5560083694596776,,0.6616432464694162,,227866.0,extension
San Mateo,CA,1998,41,1,0,3992004.0,0.556826,0.7058040499687195,,,0.4744713306427002,0.32015103,443860.0,original
San Mateo,CA,2000,41,2,0,4000000.0,0.54404765,,0.6749846935272217,,,,,original
San Mateo,CA,2002,41,3,0,4008004.0,0.5527236,0.6596364974975586,,,0.4033021330833435,0.3172597,,original
San Mateo,CA,2004,41,4,0,4016016.0,0.53325754,,0.7037551999092102,,0.6481039524078369,0.43148616,,original
San Mateo,CA,2006,41,5,0,4024036.0,0.5471412,0.5015859603881836,,,0.47220298647880554,0.49755388,,original
San Mateo,CA,2008,41,6,0,4032064.0,0.53340095,,0.7480319738388062,,0.6883058547973633,0.4809468,,original
San Mateo,CA,2010,41,7,0,4040100.0,0.5393975,0.6783559918403625,,,0.5053413510322571,0.5208323,447735.0,original
San Mateo,CA,2012,41,8,0,4048144.0,0.5379104,,0.739077091217041,,0.6307608485221863,0.58691853,457530.0,original
San Mateo,CA,2014,41,9,0,4056196.0,0.5455894,0.7522436380386353,,,0.3474713861942291,0.6712982,473285.0,original
San Mateo,CA,2016,41,10,0,4064256.0,0.53543484,,0.8041688799858093,,0.6652188301086426,0.67518395,486010.0,original
San Mateo,CA,2018,41,11,1,4072324.0,0.5373369,0.7522537708282471,,,0.5822820663452148,0.8827648,498140.0,original
San Mateo,CA,2020,41,37,1,4080400.0,,,0.7940911184201562,,0.729194439896781,,513084.0,extension
San Mateo,CA,2022,41,38,1,4088484.0,,0.7498434450967004,,,0.4777711720128323,,518066.0,extension
San Mateo,CA,2024,41,39,1,4096576.0,,,0.7602550903862342,,0.6318935009664524,,523047.0,extension
Santa Barbara,CA,1998,42,1,0,3992004.0,0.43139163,0.5549785494804382,,,0.49702054262161255,0.34877923,252050.0,original
Santa Barbara,CA,2000,42,2,0,4000000.0,0.42553383,,0.5066182017326355,,,,,original
Santa Barbara,CA,2002,42,3,0,4008004.0,0.42416167,0.4899056851863861,,,0.4654541015625,0.40308473,,original
Santa Barbara,CA,2004,42,4,0,4016016.0,0.42440128,,0.5404140949249268,,0.6795241832733154,0.42522907,,original
Santa Barbara,CA,2006,42,5,0,4024036.0,0.43061742,0.3678886592388153,,,0.4963710606098175,0.5542941,,original
Santa Barbara,CA,2008,42,6,0,4032064.0,0.4325581,,0.6169078350067139,,0.6981402635574341,0.5216185,,original
Santa Barbara,CA,2010,42,7,0,4040100.0,0.42751965,0.5216487646102905,,,0.5189445614814758,0.57580155,259045.0,original
Santa Barbara,CA,2012,42,8,0,4048144.0,0.43363896,,0.5929946303367615,,0.621019721031189,0.5890821,265655.0,original
Santa Barbara,CA,2014,42,9,0,4056196.0,0.4244939,0.582614541053772,,,0.41904518008232117,0.6774666,272300.0,original
Santa Barbara,CA,2016,42,10,0,4064256.0,0.44373924,,0.6552746891975403,,0.6545780897140503,0.6617434,278445.0,original
Santa Barbara,CA,2018,42,11,0,4072324.0,0.44844255,0.6048755645751953,,,0.5598047375679016,0.7144207,281700.0,original
Santa Barbara,CA,2020,42,37,0,4080400.0,,,0.6640963929299588,,0.6902888495990019,,290151.0,extension
Santa Barbara,CA,2022,42,38,0,4088484.0,,0.5957421661471184,,,0.4620777695857568,,292968.0,extension
Santa Barbara,CA,2024,42,39,0,4096576.0,,,0.6376362285567454,,0.6244907618709535,,295785.0,extension
Santa Clara,CA,1998,43,1,0,3992004.0,0.50810724,0.6700361967086792,,,0.4508828818798065,0.2035619,974140.0,original
Santa Clara,CA,2000,43,2,0,4000000.0,0.49680778,,0.6378827691078186,,,,,original
Santa Clara,CA,2002,43,3,0,4008004.0,0.5018105,0.6304887533187866,,,0.38099607825279236,0.19554727,,original
Santa Clara,CA,2004,43,4,0,4016016.0,0.48640206,,0.6486960649490356,,0.6134288907051086,0.30215767,,original
Santa Clara,CA,2006,43,5,0,4024036.0,0.4935816,0.45112380385398865,,,0.44035327434539795,0.41660884,,original
Santa Clara,CA,2008,43,6,0,4032064.0,0.4830629,,0.7086542844772339,,0.667911946773529,0.572888,,original
Santa Clara,CA,2010,43,7,0,4040100.0,0.48302105,0.6373273134231567,,,0.5084530711174011,0.6847908,1029450.0,original
Santa Clara,CA,2012,43,8,0,4048144.0,0.484619,,0.7205467224121094,,0.6111234426498413,0.7009456,1068915.0,original
Santa Clara,CA,2014,43,9,0,4056196.0,0.48080733,0.7294067144393921,,,0.3637121319770813,0.7622833,1111225.0,original
Santa Clara,CA,2016,43,10,0,4064256.0,0.4847553,,0.7794001698493958,,0.6343168616294861,0.7372619,1142325.0,original
Santa Clara,CA,2018,43,11,0,4072324.0,0.4889088,0.7139512300491333,,,0.5344393849372864,0.77860177,1170245.0,original
Santa Clara,CA,2020,43,37,1,4080400.0,,,0.7422322686495816,,0.7056212625025718,,1205352.0,extension
Santa Clara,CA,2022,43,38,1,4088484.0,,0.7000931914854354,,,0.4452510363130671,,1217055.0,extension
Santa Clara,CA,2024,43,39,1,4096576.0,,,0.7077270988875771,,0.6107253102118645,,1228757.0,extension
Santa Cruz,CA,1998,44,1,0,3992004.0,0.59677786,0.7029344439506531,,,0.520300030708313,0.2943648,167150.0,original
Santa Cruz,CA,2000,44,2,0,4000000.0,0.58741546,,0.692171037197113,,,,,original
Santa Cruz,CA,2002,44,3,0,4008004.0,0.59779835,0.6784928441047668,,,0.47691723704338074,0.33025506,,original
Santa Cruz,CA,2004,44,4,0,4016016.0,0.5806408,,0.7458980679512024,,0.73188716173172,0.38120463,,original
Santa Cruz,CA,2006,44,5,0,4024036.0,0.5936887,0.5353009700775146,,,0.5455276370048523,0.4558632,,original
Santa Cruz,CA,2008,44,6,0,4032064.0,0.57886314,,0.79640132188797,,0.7574583888053894,0.47063124,,original
Santa Cruz,CA,2010,44,7,0,4040100.0,0.5858382,0.7334339022636414,,,0.5667533874511719,0.5141018,172980.0,original
Santa Cruz,CA,2012,44,8,0,4048144.0,0.58341384,,0.7906261682510376,,0.6825293302536011,0.5305836,177755.0,original
Santa Cruz,CA,2014,44,9,0,4056196.0,0.59640795,0.7861499190330505,,,0.40411537885665894,0.5908158,183215.0,original
Santa Cruz,CA,2016,44,10,0,4064256.0,0.58031404,,0.8093417286872864,,0.7043353319168091,0.6281618,187645.0,original
Santa Cruz,CA,2018,44,11,0,4072324.0,0.5792364,0.7678877115249634,,,0.6377236843109131,0.6809203,190835.0,original
Santa Cruz,CA,2020,44,37,0,4080400.0,,,0.8092050742653152,,0.7366503866503866,,196560.0,extension
Santa Cruz,CA,2022,44,38,1,4088484.0,,0.7595061870614098,,,0.5248654694963419,,198468.0,extension
Santa Cruz,CA,2024,44,39,1,4096576.0,,,0.7830759211016003,,0.669413156200562,,200377.0,extension
Shasta,CA,1998,45,1,0,3992004.0,0.2740606,0.45065030455589294,,,0.4754191040992737,0.26538616,117895.0,original
Shasta,CA,2000,45,2,0,4000000.0,0.26408443,,0.31743553280830383,,,,,original
Shasta,CA,2002,45,3,0,4008004.0,0.2688981,0.34820228815078735,,,0.4136621356010437,0.32449114,,original
Shasta,CA,2004,45,4,0,4016016.0,0.2574154,,0.31779131293296814,,0.6311578154563904,0.44472945,,original
Shasta,CA,2006,45,5,0,4024036.0,0.2662313,0.2225523591041565,,,0.4691956341266632,0.5448761,,original
Shasta,CA,2008,45,6,0,4032064.0,0.2565314,,0.3679434061050415,,0.6240139007568359,0.51784265,,original
Shasta,CA,2010,45,7,0,4040100.0,0.2537643,0.3437577486038208,,,0.5040703415870667,0.57127607,131930.0,original
Shasta,CA,2012,45,8,0,4048144.0,0.25140303,,0.3494437336921692,,0.5765575766563416,0.62918186,133860.0,original
Shasta,CA,2014,45,9,0,4056196.0,0.25029668,0.3805824816226959,,,0.43239539861679077,0.68157816,135760.0,original
Shasta,CA,2016,45,10,0,4064256.0,0.24116217,,0.30104348063468933,,0.6031685471534729,0.691129,136655.0,original
Shasta,CA,2018,45,11,0,4072324.0,0.24623717,0.28903695940971375,,,0.5209057927131653,0.6854102,136015.0,original
Shasta,CA,2020,45,37,0,4080400.0,,,0.330436506625252,,0.6631214532995467,,140095.0,extension
Shasta,CA,2022,45,38,0,4088484.0,,0.2715557501459428,,,0.4843909060061079,,141456.0,extension
Shasta,CA,2024,45,39,0,4096576.0,,,0.3130300338067821,,0.622479274030921,,142816.0,extension
Sierra,CA,1998,46,1,0,3992004.0,0.42857143,0.442702054977417,,,0.6717917323112488,0.2978959,2685.0,original
Sierra,CA,2000,46,2,0,4000000.0,0.33064517,,0.31542056798934937,,,,,original
Sierra,CA,2002,46,3,0,4008004.0,0.31578946,0.34285715222358704,,,0.5500310659408569,0.37830508,,original
Sierra,CA,2004,46,4,0,4016016.0,0.3009434,,0.3408970832824707,,0.7403858304023743,1.0,,original
Sierra,CA,2006,46,5,0,4024036.0,0.3038618,0.23787061870098114,,,0.6112149357795715,1.0,,original
Sierra,CA,2008,46,6,0,4032064.0,0.30444282,,0.3908469080924988,,0.7530879378318787,1.0,,original
Sierra,CA,2010,46,7,0,4040100.0,0.3003663,0.3786523640155792,,,0.7031775712966919,1.0,2675.0,original
Sierra,CA,2012,46,8,0,4048144.0,0.28772637,,0.3820948004722595,,0.7244532704353333,1.0,2515.0,original
Sierra,CA,2014,46,9,0,4056196.0,0.2991453,0.4420572817325592,,,0.6779166460037231,1.0,2400.0,original
Sierra,CA,2016,46,10,0,4064256.0,0.29073858,,0.36446329951286316,,0.7811088562011719,1.0,2435.0,original
Sierra,CA,2018,46,11,0,4072324.0,0.2968561,0.35932812094688416,,,0.6930612325668335,1.0,2450.0,original
Sierra,CA,2020,46,37,0,4080400.0,,,0.3899572649572649,,0.7646592709984152,,2524.0,extension
Sierra,CA,2022,46,38,0,4088484.0,,0.3428386260531432,,,0.6055729984301413,,2548.0,extension
Sierra,CA,2024,46,39,0,4096576.0,,,0.3755125951962507,,0.6819595645412131,,2572.0,extension
Siskiyou,CA,1998,47,1,0,3992004.0,0.3439712,0.4805361330509186,,,0.5157992243766785,0.2746871,32665.0,original
Siskiyou,CA,2000,47,2,0,4000000.0,0.32770082,,0.3413962423801422,,,,,original
Siskiyou,CA,2002,47,3,0,4008004.0,0.32459956,0.3530247211456299,,,0.48423609137535095,0.2781677,,original
Siskiyou,CA,2004,47,4,0,4016016.0,0.32770583,,0.38339900970458984,,0.6525793075561523,0.30080664,,original
Siskiyou,CA,2006,47,5,0,4024036.0,0.3361048,0.29714763164520264,,,0.5097957253456116,0.57744503,,original
Siskiyou,CA,2008,47,6,0,4032064.0,0.32593867,,0.4464731812477112,,0.6422172784805298,0.61326706,,original
Siskiyou,CA,2010,47,7,0,4040100.0,0.32196918,0.42505696415901184,,,0.5450866222381592,0.6524224,34345.0,original
Siskiyou,CA,2012,47,8,0,4048144.0,0.32487705,,0.42074987292289734,,0.5904037356376648,0.67913777,34180.0,original
Siskiyou,CA,2014,47,9,0,4056196.0,0.32515728,0.4416063725948334,,,0.41969093680381775,0.7099376,33975.0,original
Siskiyou,CA,2016,47,10,0,4064256.0,0.3188223,,0.3894481956958771,,0.626465380191803,0.7284756,33780.0,original
Siskiyou,CA,2018,47,11,0,4072324.0,0.32442898,0.39737942814826965,,,0.5448572039604187,0.74272054,33785.0,original
Siskiyou,CA,2020,47,37,0,4080400.0,,,0.4192195079316523,,0.6738699387913446,,34799.0,extension
Siskiyou,CA,2022,47,38,0,4088484.0,,0.356937313095977,,,0.5044114298724954,,35136.0,extension
Siskiyou,CA,2024,47,39,0,4096576.0,,,0.4006253006253006,,0.6057676044426904,,35474.0,extension
Solano,CA,1998,48,1,0,3992004.0,0.505564,0.6504042744636536,,,0.4083288609981537,0.24221674,256255.0,original
Solano,CA,2000,48,2,0,4000000.0,0.49480745,,0.5927714705467224,,,,,original
Solano,CA,2002,48,3,0,4008004.0,0.48752517,0.5805308818817139,,,0.35299500823020935,0.26577562,,original
Solano,CA,2004,48,4,0,4016016.0,0.48570496,,0.577325165271759,,0.575108528137207,0.3125279,,original
Solano,CA,2006,48,5,0,4024036.0,0.49237126,0.44104793667793274,,,0.4004305303096771,0.49572164,,original
Solano,CA,2008,48,6,0,4032064.0,0.49320298,,0.6456396579742432,,0.6123790740966797,0.51088923,,original
Solano,CA,2010,48,7,0,4040100.0,0.48769292,0.6163390278816223,,,0.44478052854537964,0.5625447,270430.0,original
Solano,CA,2012,48,8,0,4048144.0,0.49567994,,0.6500957012176514,,0.556150496006012,0.57224715,276765.0,original
Solano,CA,2014,48,9,0,4056196.0,0.48668116,0.6457133889198303,,,0.3189236521720886,0.71180147,286335.0,original
Solano,CA,2016,48,10,0,4064256.0,0.48502272,,0.6634690165519714,,0.5763875246047974,0.6614506,296030.0,original
Solano,CA,2018,48,11,0,4072324.0,0.48687732,0.6129947304725647,,,0.4847075045108795,0.6910793,306065.0,original
Solano,CA,2020,48,37,0,4080400.0,,,0.6550996541342158,,0.652919774018468,,315247.0,extension
Solano,CA,2022,48,38,0,4088484.0,,0.5953881135210038,,,0.4103541224223079,,318308.0,extension
Solano,CA,2024,48,39,0,4096576.0,,,0.6183994965878639,,0.590705981927261,,321368.0,extension
Sonoma,CA,1998,49,1,0,3992004.0,0.5725206,0.6889176368713379,,,0.524636447429657,0.29046884,310645.0,original
Sonoma,CA,2000,49,2,0,4000000.0,0.5626356,,0.648669421672821,,,,,original
Sonoma,CA,2002,49,3,0,4008004.0,0.5700281,0.627357542514801,,,0.4798215627670288,0.43219766,,original
Sonoma,CA,2004,49,4,0,4016016.0,0.5528333,,0.6849190592765808,,0.7105690836906433,0.505963,,original
Sonoma,CA,2006,49,5,0,4024036.0,0.5625103,0.48674213886260986,,,0.5639277100563049,0.6036328,,original
Sonoma,CA,2008,49,6,0,4032064.0,0.5514841,,0.7539138197898865,,0.7342473864555359,0.5942791,,original
Sonoma,CA,2010,49,7,0,4040100.0,0.5565191,0.6822017431259155,,,0.578377366065979,0.63443184,323180.0,original
Sonoma,CA,2012,49,8,0,4048144.0,0.55337656,,0.7375314831733704,,0.6566143035888672,0.71087193,333255.0,original
Sonoma,CA,2014,49,9,0,4056196.0,0.56300294,0.7475292086601257,,,0.42707309126853943,0.7621857,343330.0,original
Sonoma,CA,2016,49,10,0,4064256.0,0.5482134,,0.7573297023773193,,0.6780591607093811,0.7613647,350055.0,original
Sonoma,CA,2018,49,11,0,4072324.0,0.5518945,0.7226991653442383,,,0.6007218956947327,0.8007051,356020.0,original
Sonoma,CA,2020,49,37,0,4080400.0,,,0.7638130675458334,,0.7315278660270902,,366701.0,extension
Sonoma,CA,2022,49,38,1,4088484.0,,0.7092335430024208,,,0.5332832785521564,,370261.0,extension
Sonoma,CA,2024,49,39,1,4096576.0,,,0.7390155785800696,,0.6725839372319907,,373821.0,extension
Stanislaus,CA,1998,50,1,0,3992004.0,0.39382917,0.5188889503479004,,,0.39561229944229126,0.34310117,265720.0,original
Stanislaus,CA,2000,50,2,0,4000000.0,0.38642198,,0.4565660357475281,,,,,original
Stanislaus,CA,2002,50,3,0,4008004.0,0.38801682,0.4762326776981354,,,0.36139219999313354,0.41215688,,original
Stanislaus,CA,2004,50,4,0,4016016.0,0.3770567,,0.4078662693500519,,0.5264987349510193,0.39544097,,original
Stanislaus,CA,2006,50,5,0,4024036.0,0.38309726,0.3217145502567291,,,0.36713606119155884,0.5360164,,original
Stanislaus,CA,2008,50,6,0,4032064.0,0.39184022,,0.5088163018226624,,0.5519598722457886,0.52891535,,original
Stanislaus,CA,2010,50,7,0,4040100.0,0.3835059,0.46636587381362915,,,0.40157362818717957,0.64134216,305025.0,original
Stanislaus,CA,2012,50,8,0,4048144.0,0.39614883,,0.5141054391860962,,0.5059400200843811,0.6824609,310185.0,original
Stanislaus,CA,2014,50,9,0,4056196.0,0.37707213,0.5153842568397522,,,0.2897292971611023,0.7462529,320085.0,original
Stanislaus,CA,2016,50,10,0,4064256.0,0.3937709,,0.5098444223403931,,0.5395275354385376,0.7067212,328050.0,original
Stanislaus,CA,2018,50,11,0,4072324.0,0.39893582,0.4919379949569702,,,0.475280225276947,0.76657706,335015.0,original
Stanislaus,CA,2020,50,37,0,4080400.0,,,0.5040383644623927,,0.6227116630200107,,345065.0,extension
Stanislaus,CA,2022,50,38,1,4088484.0,,0.4223277619553017,,,0.3758926111315209,,348416.0,extension
Stanislaus,CA,2024,50,39,1,4096576.0,,,0.4437460030260017,,0.5613731855835982,,351766.0,extension
Sutter,CA,1998,51,1,0,3992004.0,0.27852255,0.43019112944602966,,,0.48335760831832886,0.3557658,47805.0,original
Sutter,CA,2000,51,2,0,4000000.0,0.2835321,,0.32663199305534363,,,,,original
Sutter,CA,2002,51,3,0,4008004.0,0.28104788,0.3247219920158386,,,0.43644022941589355,0.33165038,,original
Sutter,CA,2004,51,4,0,4016016.0,0.28342614,,0.32161039113998413,,0.6021058559417725,0.4897999,,original
Sutter,CA,2006,51,5,0,4024036.0,0.29477137,0.23981642723083496,,,0.46163609623908997,0.35229185,,original
Sutter,CA,2008,51,6,0,4032064.0,0.30120382,,0.41493672132492065,,0.6122559905052185,0.68317485,,original
Sutter,CA,2010,51,7,0,4040100.0,0.29173437,0.4012520909309387,,,0.46361300349235535,0.68189114,56435.0,original
Sutter,CA,2012,51,8,0,4048144.0,0.30252135,,0.4021904170513153,,0.5392367839813232,0.6801278,58045.0,original
Sutter,CA,2014,51,9,0,4056196.0,0.28820485,0.4273067116737366,,,0.3576834797859192,0.75658584,58795.0,original
Sutter,CA,2016,51,10,0,4064256.0,0.30338615,,0.4184052348136902,,0.5751858949661255,0.73516935,59845.0,original
Sutter,CA,2018,51,11,0,4072324.0,0.2991362,0.3698088228702545,,,0.5054291486740112,0.77418095,60875.0,original
Sutter,CA,2020,51,37,0,4080400.0,,,0.4160557711657323,,0.6800529497137207,,62701.0,extension
Sutter,CA,2022,51,38,0,4088484.0,,0.3231338504233971,,,0.4439425051334702,,63310.0,extension
Sutter,CA,2024,51,39,0,4096576.0,,,0.3390642909242471,,0.6154038705236314,,63919.0,extension
Tehama,CA,1998,52,1,0,3992004.0,0.28378227,0.4781613051891327,,,0.5032505393028259,0.21946038,38145.0,original
Tehama,CA,2000,52,2,0,4000000.0,0.27004072,,0.32901856303215027,,,,,original
Tehama,CA,2002,52,3,0,4008004.0,0.27475488,0.35688793659210205,,,0.4046328067779541,0.27639693,,original
Tehama,CA,2004,52,4,0,4016016.0,0.26663166,,0.3251863420009613,,0.5959184765815735,0.34223014,,original
Tehama,CA,2006,52,5,0,4024036.0,0.27436996,0.2142857164144516,,,0.453104704618454,0.46638218,,original
Tehama,CA,2008,52,6,0,4032064.0,0.26960328,,0.37602993845939636,,0.6038629412651062,0.5483208,,original
Tehama,CA,2010,52,7,0,4040100.0,0.26489612,0.3540618121623993,,,0.4856535494327545,0.5944566,42345.0,original
Tehama,CA,2012,52,8,0,4048144.0,0.26443136,,0.3578871488571167,,0.5290799736976624,0.654701,43965.0,original
Tehama,CA,2014,52,9,0,4056196.0,0.25929677,0.35208332538604736,,,0.3514578342437744,0.7133177,44930.0,original
Tehama,CA,2016,52,10,0,4064256.0,0.25687057,,0.30529525876045227,,0.5398372411727905,0.6948372,45460.0,original
Tehama,CA,2018,52,11,0,4072324.0,0.25384244,0.2754989564418793,,,0.4676470458507538,0.73599094,45220.0,original
Tehama,CA,2020,52,37,0,4080400.0,,,0.317660059888778,,0.6166348197608261,,46577.0,extension
Tehama,CA,2022,52,38,0,4088484.0,,0.2435170374678881,,,0.4386867677390546,,47029.0,extension
Tehama,CA,2024,52,39,0,4096576.0,,,0.2860946060652828,,0.5587919378277627,,47481.0,extension
Trinity,CA,1998,53,1,0,3992004.0,0.39647326,0.530227541923523,,,0.523272693157196,0.33234304,9940.0,original
Trinity,CA,2000,53,2,0,4000000.0,0.37376532,,0.3664643466472626,,,,,original
Trinity,CA,2002,53,3,0,4008004.0,0.36973414,0.4308885633945465,,,0.4957428276538849,0.37283123,,original
Trinity,CA,2004,53,4,0,4016016.0,0.35422778,,0.43866288661956787,,0.6252481341362,0.30764553,,original
Trinity,CA,2006,53,5,0,4024036.0,0.35684648,0.29707345366477966,,,0.5616214871406555,0.39815578,,original
Trinity,CA,2008,53,6,0,4032064.0,0.3561095,,0.5237323641777039,,0.5837302207946777,0.36624497,,original
Trinity,CA,2010,53,7,0,4040100.0,0.350132,0.48946741223335266,,,0.5237964391708374,0.657388,10905.0,original
Trinity,CA,2012,53,8,0,4048144.0,0.34847826,,0.4961038827896118,,0.5388322472572327,0.6974544,10790.0,original
Trinity,CA,2014,53,9,0,4056196.0,0.36228436,0.44166237115859985,,,0.36741623282432556,0.7436922,10895.0,original
Trinity,CA,2016,53,10,0,4064256.0,0.34297127,,0.4405093491077423,,0.5655205249786377,0.741091,10470.0,original
Trinity,CA,2018,53,11,0,4072324.0,0.34197977,0.4225352108478546,,,0.5238049030303955,0.76530236,10355.0,original
Trinity,CA,2020,53,37,0,4080400.0,,,0.4720980294750787,,0.5867241702606413,,10666.0,extension
Trinity,CA,2022,53,38,0,4088484.0,,0.4108681245858184,,,0.4203732937134367,,10769.0,extension
Trinity,CA,2024,53,39,0,4096576.0,,,0.4511790714812085,,0.5191759404028327,,10873.0,extension
Tulare,CA,1998,54,1,0,3992004.0,0.33367705,0.4516826272010803,,,0.3925619125366211,0.18458618,193760.0,original
Tulare,CA,2000,54,2,0,4000000.0,0.32362,,0.3790481984615326,,,,,original
Tulare,CA,2002,54,3,0,4008004.0,0.3181972,0.36421167850494385,,,0.3194526135921478,0.2274217,,original
Tulare,CA,2004,54,4,0,4016016.0,0.31350163,,0.331933856010437,,0.48430725932121277,0.32877427,,original
Tulare,CA,2006,54,5,0,4024036.0,0.31376928,0.2655111849308014,,,0.33148306608200073,0.42009166,,original
Tulare,CA,2008,54,6,0,4032064.0,0.33064103,,0.4219963550567627,,0.4906265437602997,0.36806786,,original
Tulare,CA,2010,54,7,0,4040100.0,0.3146602,0.3981761038303375,,,0.36788100004196167,0.39887857,225910.0,original
Tulare,CA,2012,54,8,0,4048144.0,0.3298147,,0.4229849576950073,,0.4381912052631378,0.5997025,233195.0,original
Tulare,CA,2014,54,9,0,4056196.0,0.30854836,0.3842214345932007,,,0.2627962827682495,0.6872854,239425.0,original
Tulare,CA,2016,54,10,0,4064256.0,0.33328915,,0.4494068920612335,,0.47266730666160583,0.6468658,245640.0,original
Tulare,CA,2018,54,11,0,4072324.0,0.33714032,0.42824476957321167,,,0.3996678292751312,0.7080225,252875.0,original
Tulare,CA,2020,54,37,0,4080400.0,,,0.4600721026697475,,0.5637389090881169,,260461.0,extension
Tulare,CA,2022,54,38,0,4088484.0,,0.3643321726561986,,,0.3472603521046428,,262990.0,extension
Tulare,CA,2024,54,39,0,4096576.0,,,0.3940107347769757,,0.5207574599181226,,265519.0,extension
Tuolumne,CA,1998,55,1,0,3992004.0,0.34947392,0.498974472284317,,,0.4823223948478699,0.24096563,42630.0,original
Tuolumne,CA,2000,55,2,0,4000000.0,0.33491668,,0.4153832495212555,,,,,original
Tuolumne,CA,2002,55,3,0,4008004.0,0.33436042,0.4252966344356537,,,0.4270022213459015,0.29717392,,original
Tuolumne,CA,2004,55,4,0,4016016.0,0.3211679,,0.39088553190231323,,0.6151465773582458,0.315815,,original
Tuolumne,CA,2006,55,5,0,4024036.0,0.32788846,0.2560052275657654,,,0.4889881908893585,0.46361864,,original
Tuolumne,CA,2008,55,6,0,4032064.0,0.31943306,,0.4348416328430176,,0.6183101534843445,0.5158733,,original
Tuolumne,CA,2010,55,7,0,4040100.0,0.32063612,0.42995330691337585,,,0.5077829957008362,0.55861616,44970.0,original
Tuolumne,CA,2012,55,8,0,4048144.0,0.3130224,,0.41871178150177,,0.5670198202133179,0.7639248,44360.0,original
Tuolumne,CA,2014,55,9,0,4056196.0,0.32160446,0.4674583971500397,,,0.396698921918869,0.79420376,43925.0,original
Tuolumne,CA,2016,55,10,0,4064256.0,0.30410582,,0.3853594660758972,,0.6006369590759277,0.77711713,43960.0,original
Tuolumne,CA,2018,55,11,0,4072324.0,0.31466094,0.3892937898635864,,,0.548051655292511,0.83572406,44140.0,original
Tuolumne,CA,2020,55,37,1,4080400.0,,,0.4037482724913203,,0.6686829139538976,,45464.0,extension
Tuolumne,CA,2022,55,38,1,4088484.0,,0.3646577701248386,,,0.5060340696205289,,45906.0,extension
Tuolumne,CA,2024,55,39,1,4096576.0,,,0.3879583199971549,,0.621615207025266,,46347.0,extension
Ventura,CA,1998,56,1,0,3992004.0,0.39540136,0.5475190877914429,,,0.46741804480552673,0.28836215,458420.0,original
Ventura,CA,2000,56,2,0,4000000.0,0.392843,,0.4945904612541199,,,,,original
Ventura,CA,2002,56,3,0,4008004.0,0.39386603,0.4781516492366791,,,0.4293113350868225,0.28918222,,original
Ventura,CA,2004,56,4,0,4016016.0,0.3910647,,0.48147478699684143,,0.6698500514030457,0.3555382,,original
Ventura,CA,2006,56,5,0,4024036.0,0.39608234,0.3597877025604248,,,0.4713951647281647,0.4543428,,original
Ventura,CA,2008,56,6,0,4032064.0,0.40275115,,0.5625993609428406,,0.7079547643661499,0.43523523,,original
Ventura,CA,2010,56,7,0,4040100.0,0.39277345,0.4790915846824646,,,0.5303249359130859,0.49012765,499375.0,original
Ventura,CA,2012,56,8,0,4048144.0,0.40275764,,0.5360174775123596,,0.6400802135467529,0.49915713,516215.0,original
Ventura,CA,2014,56,9,0,4056196.0,0.40121856,0.530707597732544,,,0.38324886560440063,0.5844992,531725.0,original
Ventura,CA,2016,56,10,0,4064256.0,0.4113018,,0.5950019359588623,,0.6701933145523071,0.6019957,542060.0,original
Ventura,CA,2018,56,11,0,4072324.0,0.41222078,0.5555379390716553,,,0.5626188516616821,0.6327823,557875.0,original
Ventura,CA,2020,56,37,0,4080400.0,,,0.6078119899902078,,0.7356246225707479,,574611.0,extension
Ventura,CA,2022,56,38,1,4088484.0,,0.5454144197056259,,,0.4842120684603319,,580190.0,extension
Ventura,CA,2024,56,39,1,4096576.0,,,0.5777559290506876,,0.6616857498433683,,585769.0,extension
Yolo,CA,1998,57,1,0,3992004.0,0.5225248,0.6555354595184326,,,0.5013402104377747,0.27754992,107965.0,original
Yolo,CA,2000,57,2,0,4000000.0,0.5088123,,0.5940954685211182,,,,,original
Yolo,CA,2002,57,3,0,4008004.0,0.5135258,0.5569970011711121,,,0.42493584752082825,0.36660522,,original
Yolo,CA,2004,57,4,0,4016016.0,0.49940422,,0.6049513220787048,,0.6250346302986145,0.3927049,,original
Yolo,CA,2006,57,5,0,4024036.0,0.50862974,0.4277644455432892,,,0.45903629064559937,0.45985574,,original
Yolo,CA,2008,57,6,0,4032064.0,0.50269294,,0.6850410103797913,,0.6429659128189087,0.4705977,,original
Yolo,CA,2010,57,7,0,4040100.0,0.5069394,0.6607497930526733,,,0.4672626256942749,0.49420324,130325.0,original
Yolo,CA,2012,57,8,0,4048144.0,0.50424737,,0.675818145275116,,0.5631089210510254,0.54852414,133745.0,original
Yolo,CA,2014,57,9,0,4056196.0,0.51561016,0.6911861896514893,,,0.33853888511657715,0.6238161,137225.0,original
Yolo,CA,2016,57,10,0,4064256.0,0.5070037,,0.7252784967422485,,0.600837230682373,0.5773632,140945.0,original
Yolo,CA,2018,57,11,0,4072324.0,0.51305324,0.6781927347183228,,,0.5190243721008301,0.7017944,144525.0,original
Yolo,CA,2020,57,37,0,4080400.0,,,0.7123827589840869,,0.653388060002284,,148861.0,extension
Yolo,CA,2022,57,38,1,4088484.0,,0.6602815223058017,,,0.4466554894681516,,150306.0,extension
Yolo,CA,2024,57,39,1,4096576.0,,,0.6880189133771807,,0.6101376597188816,,151751.0,extension
Yuba,CA,1998,58,1,0,3992004.0,0.3109716,0.4830969572067261,,,0.3872174918651581,0.2773378,37330.0,original
Yuba,CA,2000,58,2,0,4000000.0,0.30088085,,0.3605044186115265,,,,,original
Yuba,CA,2002,58,3,0,4008004.0,0.29051846,0.33301129937171936,,,0.3031955659389496,0.28136593,,original
Yuba,CA,2004,58,4,0,4016016.0,0.28451064,,0.3201598823070526,,0.4458805322647095,0.32448733,,original
Yuba,CA,2006,58,5,0,4024036.0,0.29183793,0.22703321278095245,,,0.33141249418258667,0.4970314,,original
Yuba,CA,2008,58,6,0,4032064.0,0.30137902,,0.42475926876068115,,0.4874690771102905,0.47977492,,original
Yuba,CA,2010,58,7,0,4040100.0,0.2932094,0.4253946840763092,,,0.36538079380989075,0.5677638,45235.0,original
Yuba,CA,2012,58,8,0,4048144.0,0.29672483,,0.40614137053489685,,0.4287431538105011,0.5867922,46585.0,original
Yuba,CA,2014,58,9,0,4056196.0,0.28531638,0.41624364256858826,,,0.26786690950393677,0.6558447,47490.0,original
Yuba,CA,2016,58,10,0,4064256.0,0.2841725,,0.37523719668388367,,0.48329058289527893,0.6455557,48745.0,original
Yuba,CA,2018,58,11,0,4072324.0,0.2834662,0.35960617661476135,,,0.3872658312320709,0.7071991,50180.0,original
Yuba,CA,2020,58,37,0,4080400.0,,,0.388500657302982,,0.5763180806810486,,51685.0,extension
Yuba,CA,2022,58,38,0,4088484.0,,0.3328409148795272,,,0.3761664782417077,,52187.0,extension
Yuba,CA,2024,58,39,0,4096576.0,,,0.3670933734939759,,0.5707073582721252,,52689.0,extension
Beaver,UT,1996,59,12,0,3984016.0,0.07594936,0.18215613067150116,0.3711507320404053,,0.5984237790107727,,3840.0,original
Beaver,UT,1998,59,13,0,3992004.0,0.06349207,,,0.3154020309448242,0.5008718371391296,,3840.0,original
Beaver,UT,2000,59,14,0,4000000.0,0.049586777,0.36371922492980957,0.24658158421516418,0.22930800914764404,0.6070312261581421,,3840.0,original
Beaver,UT,2002,59,15,0,4008004.0,0.048374906,,,,0.6049265265464783,,,original
Beaver,UT,2004,59,16,0,4016016.0,0.048929665,0.39139020442962646,0.19594594836235046,0.2572254240512848,0.6743545532226562,,,original
Beaver,UT,2006,59,17,0,4024036.0,0.054592166,,,0.20489872992038727,0.602827787399292,,,original
Beaver,UT,2008,59,18,0,4032064.0,0.057681642,0.1592409312725067,0.2217675894498825,,0.6560580134391785,,,original
Beaver,UT,2010,59,19,0,4040100.0,0.05317324,,,0.21468637883663177,0.5776119232177734,,4020.0,original
Beaver,UT,2012,59,20,0,4048144.0,0.056331247,0.16049382090568542,0.13730159401893616,0.18284519016742706,0.6404439210891724,,4055.0,original
Beaver,UT,2014,59,21,1,4056196.0,0.056273766,,,,0.38117358088493347,,4090.0,original
Beaver,UT,2016,59,22,1,4064256.0,0.057869356,0.13746286928653717,0.12559467554092407,0.12447257339954376,0.6093862652778625,,4155.0,original
Beaver,UT,2018,59,23,1,4072324.0,0.062469732,,,0.15537017583847046,0.5258454084396362,,4140.0,original
Beaver,UT,2020,59,40,1,4080400.0,,,0.1169724770642201,,0.6933571907850593,,4471.0,extension
Beaver,UT,2022,59,41,1,4088484.0,,,,0.1753138075313807,0.5373298199385156,,4554.0,extension
Beaver,UT,2024,59,42,1,4096576.0,,,0.1240944881889763,,0.6926892387319388,,4637.0,extension
Box Elder,UT,1996,60,12,0,3984016.0,0.025232404,0.13093557953834534,0.274625301361084,,0.5701116323471069,,26670.0,original
Box Elder,UT,1998,60,13,0,3992004.0,0.047826085,,,0.21972185373306274,0.42774587869644165,,26670.0,original
Box Elder,UT,2000,60,14,0,4000000.0,0.054421768,0.34008124470710754,0.17213501036167145,0.20824208855628967,0.5942257046699524,,26670.0,original
Box Elder,UT,2002,60,15,0,4008004.0,0.024629945,,,,0.459759384393692,,,original
Box Elder,UT,2004,60,16,0,4016016.0,0.032663513,0.3032325804233551,0.12470130622386932,0.15444758534431458,0.6529665589332581,,,original
Box Elder,UT,2006,60,17,0,4024036.0,0.02953767,,,0.20125466585159302,0.4407637417316437,,,original
Box Elder,UT,2008,60,18,0,4032064.0,0.03432606,0.0918579250574112,0.17859646677970886,,0.6358428001403809,,,original
Box Elder,UT,2010,60,19,0,4040100.0,0.026451929,,,0.210694819688797,0.41578012704849243,,30925.0,original
Box Elder,UT,2012,60,20,0,4048144.0,0.034066353,0.1490117907524109,0.10395598411560059,0.18414169549942017,0.6095847487449646,,32030.0,original
Box Elder,UT,2014,60,21,0,4056196.0,0.03076222,,,,0.3040711581707001,,33160.0,original
Box Elder,UT,2016,60,22,0,4064256.0,0.0389907,0.13749463856220245,0.15724916756153107,0.12537699937820435,0.5879553556442261,,34040.0,original
Box Elder,UT,2018,60,23,1,4072324.0,0.043120436,,,0.14954613149166107,0.5494862794876099,,35040.0,original
Box Elder,UT,2020,60,40,1,4080400.0,,,0.1718996195380654,,0.7141875644108554,,37843.0,extension
Box Elder,UT,2022,60,41,1,4088484.0,,,,0.2466203872853489,0.5162411789124118,,38544.0,extension
Box Elder,UT,2024,60,42,1,4096576.0,,,0.1875066661926263,,0.736628869919735,,39245.0,extension
Cache,UT,1996,61,12,0,3984016.0,0.04297597,0.1364494413137436,0.2815127968788147,,0.5217328667640686,,58855.0,original
Cache,UT,1998,61,13,0,3992004.0,0.040167592,,,0.20721757411956787,0.35614192485809326,,58855.0,original
Cache,UT,2000,61,14,0,4000000.0,0.044958584,0.2565423846244812,0.16629141569137573,0.1989721655845642,0.575652003288269,,58855.0,original
Cache,UT,2002,61,15,0,4008004.0,0.04534692,,,,0.36517465114593506,,,original
Cache,UT,2004,61,16,0,4016016.0,0.04939382,0.350553035736084,0.16404621303081512,0.17990365624427795,0.6244506239891052,,,original
Cache,UT,2006,61,17,0,4024036.0,0.05443748,,,0.23192976415157318,0.3200039565563202,,,original
Cache,UT,2008,61,18,0,4032064.0,0.058348127,0.1245611384510994,0.26112985610961914,,0.5996398329734802,,,original
Cache,UT,2010,61,19,0,4040100.0,0.053083196,,,0.26303187012672424,0.35986781120300293,,69595.0,original
Cache,UT,2012,61,20,0,4048144.0,0.058808465,0.19098269939422607,0.15124869346618652,0.21224838495254517,0.5932430624961853,,72370.0,original
Cache,UT,2014,61,21,1,4056196.0,0.05719443,,,,0.3170347511768341,,74260.0,original
Cache,UT,2016,61,22,1,4064256.0,0.07511725,0.20709991455078125,0.2882970869541168,0.1922132819890976,0.6113021373748779,,77065.0,original
Cache,UT,2018,61,23,1,4072324.0,0.08606258,,,0.2380235493183136,0.5085378289222717,,79880.0,original
Cache,UT,2020,61,40,1,4080400.0,,,0.3044877656267145,,0.6673351106989683,,86270.0,extension
Cache,UT,2022,61,41,1,4088484.0,,,,0.3878709420434176,0.4777848591068421,,87868.0,extension
Cache,UT,2024,61,42,1,4096576.0,,,0.3217533304684142,,0.6732054635280442,,89466.0,extension
Carbon,UT,1996,62,12,0,3984016.0,0.17676143,0.4439314007759094,0.6403684020042419,,0.5493297576904297,,14475.0,original
Carbon,UT,1998,62,13,0,3992004.0,0.18042158,,,0.5972678661346436,0.42108801007270813,,14475.0,original
Carbon,UT,2000,62,14,0,4000000.0,0.17341806,0.6434130072593689,0.4674036204814911,0.49177128076553345,0.5229706168174744,,14475.0,original
Carbon,UT,2002,62,15,0,4008004.0,0.17086051,,,,0.4077869951725006,,,original
Carbon,UT,2004,62,16,0,4016016.0,0.17182757,0.6126093864440918,0.4082486629486084,0.4755716621875763,0.6060290932655334,,,original
Carbon,UT,2006,62,17,0,4024036.0,0.18190213,,,0.48359423875808716,0.35143357515335083,,,original
Carbon,UT,2008,62,18,0,4032064.0,0.1744453,0.3279401659965515,0.4587908387184143,,0.5586742758750916,,,original
Carbon,UT,2010,62,19,0,4040100.0,0.16609839,,,0.4616960287094116,0.36533689498901367,,14915.0,original
Carbon,UT,2012,62,20,0,4048144.0,0.16427244,0.3425353765487671,0.3088934123516083,0.3851173222064972,0.5096668004989624,,15155.0,original
Carbon,UT,2014,62,21,0,4056196.0,0.16089614,,,,0.3911111056804657,,15075.0,original
Carbon,UT,2016,62,22,0,4064256.0,0.15600906,0.2673501670360565,0.24556636810302734,0.25130191445350647,0.5455341935157776,,14835.0,original
Carbon,UT,2018,62,23,0,4072324.0,0.15960309,,,0.29987233877182007,0.48610633611679077,,14575.0,original
Carbon,UT,2020,62,40,1,4080400.0,,,0.2632911392405063,,0.5951972555746141,,15741.0,extension
Carbon,UT,2022,62,41,1,4088484.0,,,,0.3313999059413701,0.4196345038358385,,16033.0,extension
Carbon,UT,2024,62,42,1,4096576.0,,,0.2731501514495889,,0.5785959323695172,,16324.0,extension
Daggett,UT,1996,63,12,0,3984016.0,0.10169491,0.27000001072883606,0.35597825050354004,,0.5963274836540222,,695.0,original
Daggett,UT,1998,63,13,0,3992004.0,0.06666667,,,0.2230769246816635,0.6178264617919922,,695.0,original
Daggett,UT,2000,63,14,0,4000000.0,0.093333334,0.41567695140838623,0.24703088402748108,0.27184465527534485,0.6359712481498718,,695.0,original
Daggett,UT,2002,63,15,0,4008004.0,0.13461539,,,,0.7329517602920532,,,original
Daggett,UT,2004,63,16,0,4016016.0,0.08361204,0.4033263921737671,0.22131147980690002,0.2678571343421936,0.7335564494132996,,,original
Daggett,UT,2006,63,17,0,4024036.0,0.07096774,,,0.24007561802864075,0.9208226799964905,,,original
Daggett,UT,2008,63,18,0,4032064.0,0.0743034,0.18119266629219055,0.30607476830482483,,0.7127304673194885,,,original
Daggett,UT,2010,63,19,0,4040100.0,0.07164179,,,0.29411765933036804,0.7585185170173645,,675.0,original
Daggett,UT,2012,63,20,0,4048144.0,0.062330622,0.1975308656692505,0.18799999356269836,0.27272728085517883,0.7342657446861267,,715.0,original
Daggett,UT,2014,63,21,0,4056196.0,0.063535914,,,,0.8208695650100708,,575.0,original
Daggett,UT,2016,63,22,0,4064256.0,0.07239819,0.22857142984867096,0.18872548639774323,0.2183908075094223,0.8203389644622803,,590.0,original
Daggett,UT,2018,63,23,1,4072324.0,0.07635468,,,0.1927710771560669,0.9347368478775024,,475.0,original
Daggett,UT,2020,63,40,1,4080400.0,,,0.1828665568369028,,1.206627680311891,,513.0,extension
Daggett,UT,2022,63,41,1,4088484.0,,,,0.2242798353909465,0.9540229885057472,,522.0,extension
Daggett,UT,2024,63,42,1,4096576.0,,,0.1856617647058823,,1.033834586466165,,532.0,extension
Davis,UT,1996,64,12,0,3984016.0,0.05491718,0.1831386685371399,0.3109603822231293,,0.5371576547622681,,151185.0,original
Davis,UT,1998,64,13,0,3992004.0,0.051236164,,,0.27225548028945923,0.3548840582370758,,151185.0,original
Davis,UT,2000,64,14,0,4000000.0,0.056463405,0.3631119728088379,0.2264479696750641,0.26377594470977783,0.5895227789878845,,151185.0,original
Davis,UT,2002,64,15,0,4008004.0,0.052474324,,,,0.4018646478652954,,,original
Davis,UT,2004,64,16,0,4016016.0,0.065085985,0.36101090908050537,0.1951158046722412,0.21995265781879425,0.668117105960846,,,original
Davis,UT,2006,64,17,0,4024036.0,0.06123539,,,0.25378546118736267,0.35776838660240173,,,original
Davis,UT,2008,64,18,0,4032064.0,0.07137911,0.15035340189933777,0.282670795917511,,0.6255297660827637,,,original
Davis,UT,2010,64,19,0,4040100.0,0.05940155,,,0.2908738851547241,0.3769088685512543,,186825.0,original
Davis,UT,2012,64,20,0,4048144.0,0.06986653,0.23138968646526337,0.18432842195034027,0.250840425491333,0.6264081001281738,,194675.0,original
Davis,UT,2014,64,21,1,4056196.0,0.06654889,,,,0.32179543375968933,,203070.0,original
Davis,UT,2016,64,22,1,4064256.0,0.08085948,0.23251236975193024,0.3162371516227722,0.21670828759670258,0.6633230447769165,,212545.0,original
Davis,UT,2018,64,23,1,4072324.0,0.08823556,,,0.25195324420928955,0.5704469680786133,,222380.0,original
Davis,UT,2020,64,40,1,4080400.0,,,0.3553848439453778,,0.7073947620435524,,240170.0,extension
Davis,UT,2022,64,41,1,4088484.0,,,,0.4430368064702872,0.5058581134667114,,244618.0,extension
Davis,UT,2024,64,42,1,4096576.0,,,0.3715847333548403,,0.6684653866846538,,249066.0,extension
Duchesne,UT,1996,65,12,0,3984016.0,0.05801105,0.15595237910747528,0.25197741389274597,,0.5339908003807068,,9015.0,original
Duchesne,UT,1998,65,13,0,3992004.0,0.051155116,,,0.2331983745098114,0.4559646546840668,,9015.0,original
Duchesne,UT,2000,65,14,0,4000000.0,0.055593923,0.41692858934402466,0.17700523138046265,0.2085958570241928,0.5308929681777954,,9015.0,original
Duchesne,UT,2002,65,15,0,4008004.0,0.05765485,,,,0.4269881844520569,,,original
Duchesne,UT,2004,65,16,0,4016016.0,0.062299926,0.28238293528556824,0.13467153906822205,0.1677030324935913,0.5878604054450989,,,original
Duchesne,UT,2006,65,17,0,4024036.0,0.059766278,,,0.1563180834054947,0.40611395239830017,,,original
Duchesne,UT,2008,65,18,0,4032064.0,0.060927764,0.10564269125461578,0.1626785695552826,,0.5645791888237,,,original
Duchesne,UT,2010,65,19,0,4040100.0,0.054778088,,,0.13638530671596527,0.4211410880088806,,11305.0,original
Duchesne,UT,2012,65,20,1,4048144.0,0.060606062,0.11323238909244537,0.09253066033124924,0.13957004249095917,0.5357767343521118,,12005.0,original
Duchesne,UT,2014,65,21,1,4056196.0,0.06027639,,,,0.3224358856678009,,12480.0,original
Duchesne,UT,2016,65,22,1,4064256.0,0.05725376,0.1091269850730896,0.08322236686944962,0.09313137084245682,0.5477210879325867,,12835.0,original
Duchesne,UT,2018,65,23,1,4072324.0,0.060473587,,,0.11176586151123047,0.4529525339603424,,12955.0,original
Duchesne,UT,2020,65,40,1,4080400.0,,,0.1008855911919578,,0.6092488028018012,,13991.0,extension
Duchesne,UT,2022,65,41,1,4088484.0,,,,0.1499506741203551,0.4407410006315346,,14251.0,extension
Duchesne,UT,2024,65,42,1,4096576.0,,,0.1143472348141432,,0.617987594762233,,14510.0,extension
Emery,UT,1996,66,12,0,3984016.0,0.026821636,0.20510931313037872,0.40276145935058594,,0.6118980646133423,,6875.0,original
Emery,UT,1998,66,13,0,3992004.0,0.024890829,,,0.2816046476364136,0.5841811895370483,,6875.0,original
Emery,UT,2000,66,14,0,4000000.0,0.029662589,0.4282110035419464,0.22804094851016998,0.26164382696151733,0.6593454480171204,,6875.0,original
Emery,UT,2002,66,15,0,4008004.0,0.026043661,,,,0.6016955971717834,,,original
Emery,UT,2004,66,16,0,4016016.0,0.03782432,0.4015645384788513,0.18018212914466858,0.23554176092147827,0.6896490454673767,,,original
Emery,UT,2006,66,17,0,4024036.0,0.03383597,,,0.22009029984474182,0.568367600440979,,,original
Emery,UT,2008,66,18,0,4032064.0,0.037821483,0.1999063640832901,0.22465942800045013,,0.6589609384536743,,,original
Emery,UT,2010,66,19,0,4040100.0,0.03651877,,,0.24138937890529633,0.5398747324943542,,7185.0,original
Emery,UT,2012,66,20,0,4048144.0,0.037393767,0.17089201509952545,0.1309249848127365,0.2073657065629959,0.6266207098960876,,7250.0,original
Emery,UT,2014,66,21,0,4056196.0,0.030480167,,,,0.3786795139312744,,7270.0,original
Emery,UT,2016,66,22,0,4064256.0,0.036591742,0.11720456182956696,0.09986859560012817,0.11219274997711182,0.6139436364173889,,7100.0,original
Emery,UT,2018,66,23,0,4072324.0,0.041679434,,,0.1437041163444519,0.5674285888671875,,7000.0,original
Emery,UT,2020,66,40,1,4080400.0,,,0.1196903117807072,,0.6435185185185185,,7560.0,extension
Emery,UT,2022,66,41,1,4088484.0,,,,0.17884953529264,0.5333766233766234,,7700.0,extension
Emery,UT,2024,66,42,1,4096576.0,,,0.1219660194174757,,0.6391581632653062,,7840.0,extension
Garfield,UT,1996,67,12,0,3984016.0,0.055555556,0.11964385211467743,0.17544947564601898,,0.5981161594390869,,3185.0,original
Garfield,UT,1998,67,13,0,3992004.0,0.15053764,,,0.12722298502922058,0.4923076927661896,,3185.0,original
Garfield,UT,2000,67,14,0,4000000.0,0.034543846,0.33944955468177795,0.09383236616849899,0.12824507057666779,0.6514913439750671,,3185.0,original
Garfield,UT,2002,67,15,0,4008004.0,0.09677419,,,,0.5416012406349182,,,original
Garfield,UT,2004,67,16,0,4016016.0,0.04084507,0.2632075548171997,0.125,0.1660175323486328,0.6985871195793152,,,original
Garfield,UT,2006,67,17,0,4024036.0,0.04749788,,,0.16043119132518768,0.5384615659713745,,,original
Garfield,UT,2008,67,18,0,4032064.0,0.051658165,0.12038369476795197,0.19148936867713928,,0.7010989189147949,,,original
Garfield,UT,2010,67,19,0,4040100.0,0.044094488,,,0.16624365746974945,0.4763636291027069,,3575.0,original
Garfield,UT,2012,67,20,0,4048144.0,0.05137186,0.15963566303253174,0.1439252346754074,0.17958782613277435,0.604347825050354,,3680.0,original
Garfield,UT,2014,67,21,1,4056196.0,0.04517026,,,,0.4715847074985504,,3660.0,original
Garfield,UT,2016,67,22,1,4064256.0,0.060299084,0.16681377589702606,0.18228106200695038,0.15945230424404144,0.6628808975219727,,3610.0,original
Garfield,UT,2018,67,23,1,4072324.0,0.06505668,,,0.1926514357328415,0.6013680100440979,,3655.0,original
Garfield,UT,2020,67,40,1,4080400.0,,,0.1923652694610778,,0.6921712693184697,,3947.0,extension
Garfield,UT,2022,67,41,1,4088484.0,,,,0.2246220302375809,0.593136035811987,,4021.0,extension
Garfield,UT,2024,67,42,1,4096576.0,,,0.1965843023255813,,0.6866145578895946,,4094.0,extension
Grand,UT,1996,68,12,0,3984016.0,0.101535834,0.3462025225162506,0.46418893337249756,,0.596187174320221,,6090.0,original
Grand,UT,1998,68,13,0,3992004.0,0.10911925,,,0.3977455794811249,0.4758853316307068,,6090.0,original
Grand,UT,2000,68,14,0,4000000.0,0.12585033,0.5207291841506958,0.38859060406684875,0.42840132117271423,0.6105090379714966,,6090.0,original
Grand,UT,2002,68,15,0,4008004.0,0.1348629,,,,0.5294399857521057,,,original
Grand,UT,2004,68,16,0,4016016.0,0.14795919,0.5528395175933838,0.46589767932891846,0.45961934328079224,0.6631825566291809,,,original
Grand,UT,2006,68,17,0,4024036.0,0.15327695,,,0.4716351628303528,0.45859968662261963,,,original
Grand,UT,2008,68,18,0,4032064.0,0.15222307,0.34078946709632874,0.5248857140541077,,0.6158989667892456,,,original
Grand,UT,2010,68,19,0,4040100.0,0.13578732,,,0.4729253351688385,0.5261234045028687,,6565.0,original
Grand,UT,2012,68,20,0,4048144.0,0.15358593,0.4618539810180664,0.4638732075691223,0.4697674512863159,0.5889706015586853,,6800.0,original
Grand,UT,2014,68,21,1,4056196.0,0.17141864,,,,0.5143060684204102,,7025.0,original
Grand,UT,2016,68,22,1,4064256.0,0.17685138,0.4770366847515106,0.49809402227401733,0.4736596643924713,0.6561353802680969,,7090.0,original
Grand,UT,2018,68,23,1,4072324.0,0.19154489,,,0.5249202251434326,0.6318736672401428,,6965.0,original
Grand,UT,2020,68,40,1,4080400.0,,,0.5552037989711119,,0.6893113533634672,,7522.0,extension
Grand,UT,2022,68,41,1,4088484.0,,,,0.5602590793430489,0.60610806577917,,7662.0,extension
Grand,UT,2024,68,42,1,4096576.0,,,0.5485935984481086,,0.6794000769132162,,7801.0,extension
Iron,UT,1996,69,12,0,3984016.0,0.03990719,0.11376505345106125,0.22365769743919373,,0.5080059170722961,,22635.0,original
Iron,UT,1998,69,13,0,3992004.0,0.039354682,,,0.16931356489658356,0.38083335757255554,,22635.0,original
Iron,UT,2000,69,14,0,4000000.0,0.044978235,0.2893809676170349,0.1503993272781372,0.1820153445005417,0.5637287497520447,,22635.0,original
Iron,UT,2002,69,15,0,4008004.0,0.044262294,,,,0.4031743109226227,,,original
Iron,UT,2004,69,16,0,4016016.0,0.047512993,0.2977827489376068,0.1503116339445114,0.16705431044101715,0.6179835200309753,,,original
Iron,UT,2006,69,17,0,4024036.0,0.05630317,,,0.18952646851539612,0.3798712491989136,,,original
Iron,UT,2008,69,18,0,4032064.0,0.06019206,0.10798121988773346,0.20651622116565704,,0.6003808975219727,,,original
Iron,UT,2010,69,19,0,4040100.0,0.055177625,,,0.16797232627868652,0.36817649006843567,,29915.0,original
Iron,UT,2012,69,20,0,4048144.0,0.059369512,0.1583751142024994,0.1313922256231308,0.18534822762012482,0.5426923036575317,,31200.0,original
Iron,UT,2014,69,21,0,4056196.0,0.054323282,,,,0.28741762042045593,,31870.0,original
Iron,UT,2016,69,22,1,4064256.0,0.06978961,0.1598842591047287,0.17486260831356049,0.15274307131767273,0.5500921607017517,,32560.0,original
Iron,UT,2018,69,23,1,4072324.0,0.07727658,,,0.2013869285583496,0.4727673828601837,,33985.0,original
Iron,UT,2020,69,40,1,4080400.0,,,0.2048490431723964,,0.6781277244986922,,36704.0,extension
Iron,UT,2022,69,41,1,4088484.0,,,,0.2251469001079266,0.4630055638775947,,37384.0,extension
Iron,UT,2024,69,42,1,4096576.0,,,0.208519850297204,,0.7323647636812652,,38063.0,extension
Juab,UT,1996,70,12,0,3984016.0,0.06009453,0.2255905568599701,0.41839495301246643,,0.5895979404449463,,5005.0,original
Juab,UT,1998,70,13,0,3992004.0,0.048946295,,,0.3385862112045288,0.52775639295578,,5005.0,original
Juab,UT,2000,70,14,0,4000000.0,0.054081634,0.42663657665252686,0.23429220914840698,0.2575927972793579,0.5760239958763123,,5005.0,original
Juab,UT,2002,70,15,0,4008004.0,0.048719235,,,,0.5415052175521851,,,original
Juab,UT,2004,70,16,0,4016016.0,0.05208705,0.4058963656425476,0.18411442637443542,0.2464040070772171,0.648254930973053,,,original
Juab,UT,2006,70,17,0,4024036.0,0.05533752,,,0.24889039993286133,0.5933740139007568,,,original
Juab,UT,2008,70,18,0,4032064.0,0.0548926,0.18030604720115662,0.21641355752944946,,0.620406985282898,,,original
Juab,UT,2010,70,19,0,4040100.0,0.05223569,,,0.22231075167655945,0.47977161407470703,,6130.0,original
Juab,UT,2012,70,20,0,4048144.0,0.04859028,0.15596817433834076,0.11567068845033646,0.21052631735801697,0.6338823437690735,,6375.0,original
Juab,UT,2014,70,21,0,4056196.0,0.049458485,,,,0.4979907274246216,,6470.0,original
Juab,UT,2016,70,22,1,4064256.0,0.053828064,0.12267002463340759,0.13520954549312592,0.11138737201690674,0.7158052325248718,,6675.0,original
Juab,UT,2018,70,23,1,4072324.0,0.051464967,,,0.1290661096572876,0.6106017231941223,,6980.0,original
Juab,UT,2020,70,40,1,4080400.0,,,0.1125261688764829,,0.778190501459273,,7538.0,extension
Juab,UT,2022,70,41,1,4088484.0,,,,0.1552173913043478,0.6161760875227924,,7678.0,extension
Juab,UT,2024,70,42,1,4096576.0,,,0.1145979703356752,,0.833717063187516,,7818.0,extension
Kane,UT,1996,71,12,0,3984016.0,0.04141414,0.11769759654998779,0.15307150781154633,,0.6271874904632568,,4200.0,original
Kane,UT,1998,71,13,0,3992004.0,0.034554973,,,0.14247599244117737,0.5042465329170227,,4200.0,original
Kane,UT,2000,71,14,0,4000000.0,0.041666668,0.28776979446411133,0.14653539657592773,0.17585693299770355,0.6828571557998657,,4200.0,original
Kane,UT,2002,71,15,0,4008004.0,0.042962965,,,,0.5167519450187683,,,original
Kane,UT,2004,71,16,0,4016016.0,0.055982437,0.2751588225364685,0.19264213740825653,0.21045392751693726,0.6921535134315491,,,original
Kane,UT,2006,71,17,0,4024036.0,0.07514832,,,0.23343849182128906,0.5242446064949036,,,original
Kane,UT,2008,71,18,0,4032064.0,0.07866227,0.19027134776115417,0.2790091335773468,,0.6806511282920837,,,original
Kane,UT,2010,71,19,0,4040100.0,0.069121815,,,0.21558211743831635,0.4731060564517975,,5280.0,original
Kane,UT,2012,71,20,0,4048144.0,0.087024696,0.22383813560009003,0.2278015911579132,0.27632004022598267,0.6414883732795715,,5375.0,original
Kane,UT,2014,71,21,0,4056196.0,0.09367397,,,,0.36860573291778564,,5415.0,original
Kane,UT,2016,71,22,1,4064256.0,0.096473716,0.21971066296100616,0.24650698900222778,0.22650602459907532,0.6493175625801086,,5495.0,original
Kane,UT,2018,71,23,1,4072324.0,0.110687025,,,0.25893786549568176,0.5644128322601318,,5620.0,original
Kane,UT,2020,71,40,1,4080400.0,,,0.2653761333006616,,0.6886326194398682,,6070.0,extension
Kane,UT,2022,71,41,1,4088484.0,,,,0.270362960845956,0.5918796505985118,,6182.0,extension
Kane,UT,2024,71,42,1,4096576.0,,,0.2575894879927503,,0.7127422942484907,,6294.0,extension
Millard,UT,1996,72,12,0,3984016.0,0.020348838,0.14090801775455475,0.26061776280403137,,0.6128555536270142,,7395.0,original
Millard,UT,1998,72,13,0,3992004.0,0.022714982,,,0.24694043397903442,0.5363547205924988,,7395.0,original
Millard,UT,2000,72,14,0,4000000.0,0.023171615,0.3771490752696991,0.1531016230583191,0.1815016269683838,0.6682893633842468,,7395.0,original
Millard,UT,2002,72,15,0,4008004.0,0.026149305,,,,0.5135917067527771,,,original
Millard,UT,2004,72,16,0,4016016.0,0.028674917,0.3442964255809784,0.13290870189666748,0.1858019232749939,0.6718186140060425,,,original
Millard,UT,2006,72,17,0,4024036.0,0.02667628,,,0.19010020792484283,0.5336170196533203,,,original
Millard,UT,2008,72,18,0,4032064.0,0.030132357,0.15297578275203705,0.17184312641620636,,0.650510311126709,,,original
Millard,UT,2010,72,19,0,4040100.0,0.025343511,,,0.1962188482284546,0.5602883100509644,,7630.0,original
Millard,UT,2012,72,20,0,4048144.0,0.028265107,0.14811697602272034,0.08779792487621307,0.18517717719078064,0.6554772853851318,,7805.0,original
Millard,UT,2014,72,21,0,4056196.0,0.027202839,,,,0.505987286567688,,7850.0,original
Millard,UT,2016,72,22,1,4064256.0,0.030746076,0.10703548043966293,0.1004427894949913,0.09298176318407059,0.6715098023414612,,7915.0,original
Millard,UT,2018,72,23,1,4072324.0,0.030982658,,,0.12237093597650528,0.583002507686615,,8060.0,original
Millard,UT,2020,72,40,1,4080400.0,,,0.1035169210351692,,0.7076392877656519,,8705.0,extension
Millard,UT,2022,72,41,1,4088484.0,,,,0.1407630522088353,0.5786149334536431,,8866.0,extension
Millard,UT,2024,72,42,1,4096576.0,,,0.1136979748046563,,0.7073224770134042,,9027.0,extension
Morgan,UT,1996,73,12,0,3984016.0,0.03841808,0.16695652902126312,0.34114375710487366,,0.7434563636779785,,4440.0,original
Morgan,UT,1998,73,13,0,3992004.0,0.03653586,,,0.3153786063194275,0.6553882956504822,,4440.0,original
Morgan,UT,2000,73,14,0,4000000.0,0.037510306,0.4003220498561859,0.18329466879367828,0.21992237865924835,0.7614864706993103,,4440.0,original
Morgan,UT,2002,73,15,0,4008004.0,0.04883227,,,,0.5390156507492065,,,original
Morgan,UT,2004,73,16,0,4016016.0,0.040572792,0.33412134647369385,0.12509939074516296,0.17338383197784424,0.7978940606117249,,,original
Morgan,UT,2006,73,17,0,4024036.0,0.037472446,,,0.1840510368347168,0.6747081875801086,,,original
Morgan,UT,2008,73,18,0,4032064.0,0.043862067,0.09375783056020737,0.17225000262260437,,0.7857319712638855,,,original
Morgan,UT,2010,73,19,0,4040100.0,0.03591059,,,0.22084367275238037,0.5474137663841248,,5800.0,original
Morgan,UT,2012,73,20,0,4048144.0,0.039990127,0.15900819003582,0.08921850472688675,0.19876061379909515,0.7599999904632568,,6075.0,original
Morgan,UT,2014,73,21,0,4056196.0,0.04605002,,,,0.448384553194046,,6345.0,original
Morgan,UT,2016,73,22,1,4064256.0,0.042055063,0.12750861048698425,0.15325364470481873,0.1196460872888565,0.7796584963798523,,6735.0,original
Morgan,UT,2018,73,23,1,4072324.0,0.044962883,,,0.12647554278373718,0.7163208723068237,,7230.0,original
Morgan,UT,2020,73,40,1,4080400.0,,,0.1732886548587841,,0.8340163934426229,,7808.0,extension
Morgan,UT,2022,73,41,1,4088484.0,,,,0.2703563607405932,0.6480573368540173,,7953.0,extension
Morgan,UT,2024,73,42,1,4096576.0,,,0.1915802318486882,,0.8344035564336874,,8098.0,extension
Piute,UT,1996,74,12,0,3984016.0,0.044444446,0.1349431872367859,0.2703533172607422,,0.7545716166496277,,975.0,original
Piute,UT,1998,74,13,0,3992004.0,0.05263158,,,0.2063492089509964,0.901545524597168,,975.0,original
Piute,UT,2000,74,14,0,4000000.0,0.035714287,0.2824631929397583,0.17523056268692017,0.18353576958179474,0.818461537361145,,975.0,original
Piute,UT,2002,74,15,0,4008004.0,0.04347826,,,,0.6442427635192871,,,original
Piute,UT,2004,74,16,0,4016016.0,0.023206752,0.3143236041069031,0.15994799137115479,0.15982404351234436,0.7917560338973999,,,original
Piute,UT,2006,74,17,0,4024036.0,0.020703934,,,0.1426512897014618,0.7608768939971924,,,original
Piute,UT,2008,74,18,0,4032064.0,0.024691358,0.12549537420272827,0.18170103430747986,,0.8158925771713257,,,original
Piute,UT,2010,74,19,0,4040100.0,0.021645023,,,0.1599999964237213,0.5406392812728882,,1095.0,original
Piute,UT,2012,74,20,0,4048144.0,0.024502298,0.11081080883741379,0.0959792509675026,0.12995895743370056,0.6650000214576721,,1200.0,original
Piute,UT,2014,74,21,0,4056196.0,0.016304348,,,,0.45845070481300354,,1420.0,original
Piute,UT,2016,74,22,0,4064256.0,0.022288261,0.07894736528396606,0.06983654946088791,0.07780979573726654,0.5295373797416687,,1405.0,original
Piute,UT,2018,74,23,1,4072324.0,0.023880597,,,0.1281197965145111,0.48561644554138184,,1460.0,original
Piute,UT,2020,74,40,1,4080400.0,,,0.1001164144353899,,0.5523145212428662,,1577.0,extension
Piute,UT,2022,74,41,1,4088484.0,,,,0.1059431524547803,0.487546699875467,,1606.0,extension
Piute,UT,2024,74,42,1,4096576.0,,,0.0991561181434599,,0.5889908256880734,,1635.0,extension
Rich,UT,1996,75,12,0,3984016.0,0.105882354,0.1390306055545807,0.2549857497215271,,0.7035180330276489,,1255.0,original
Rich,UT,1998,75,13,0,3992004.0,0.125,,,0.18637531995773315,0.6819565892219543,,1255.0,original
Rich,UT,2000,75,14,0,4000000.0,0.09259259,0.3814317584037781,0.171171173453331,0.19226393103599548,0.7330677509307861,,1255.0,original
Rich,UT,2002,75,15,0,4008004.0,0.101265825,,,,0.6293492317199707,,,original
Rich,UT,2004,75,16,0,4016016.0,0.0591716,0.30987292528152466,0.10572259873151779,0.14002089202404022,0.7603766322135925,,,original
Rich,UT,2006,75,17,0,4024036.0,0.04608295,,,0.10913705825805664,0.6085206866264343,,,original
Rich,UT,2008,75,18,0,4032064.0,0.0375,0.09203723073005676,0.1563451737165451,,0.697525680065155,,,original
Rich,UT,2010,75,19,0,4040100.0,0.031976745,,,0.1975308656692505,0.50443035364151,,1580.0,original
Rich,UT,2012,75,20,0,4048144.0,0.032731377,0.1266874372959137,0.08316633105278015,0.15273477137088776,0.6794701814651489,,1510.0,original
Rich,UT,2014,75,21,0,4056196.0,0.032786883,,,,0.5107382535934448,,1490.0,original
Rich,UT,2016,75,22,1,4064256.0,0.032163743,0.11401869356632233,0.11542730033397675,0.10185185074806213,0.7540000081062317,,1500.0,original
Rich,UT,2018,75,23,1,4072324.0,0.036654137,,,0.11980676651000977,0.7548821568489075,,1485.0,original
Rich,UT,2020,75,40,1,4080400.0,,,0.1346297681376215,,0.8497506234413965,,1604.0,extension
Rich,UT,2022,75,41,1,4088484.0,,,,0.1961904761904762,0.6566707466340269,,1634.0,extension
Rich,UT,2024,75,42,1,4096576.0,,,0.1501754385964912,,0.8701142513529766,,1663.0,extension
Salt Lake,UT,1996,76,12,0,3984016.0,0.13976245,0.3148636519908905,0.47966670989990234,,0.5311213135719299,,572910.0,original
Salt Lake,UT,1998,76,13,0,3992004.0,0.1378078,,,0.43093863129615784,0.37752553820610046,,572910.0,original
Salt Lake,UT,2000,76,14,0,4000000.0,0.14307576,0.5265085697174072,0.3853546977043152,0.4368208646774292,0.544759213924408,,572910.0,original
Salt Lake,UT,2002,76,15,0,4008004.0,0.1422366,,,,0.3843127191066742,,,original
Salt Lake,UT,2004,76,16,0,4016016.0,0.15814413,0.5268818736076355,0.38657346367836,0.40972378849983215,0.6078033447265625,,,original
Salt Lake,UT,2006,76,17,0,4024036.0,0.15892541,,,0.4605497419834137,0.3668946325778961,,,original
Salt Lake,UT,2008,76,18,0,4032064.0,0.1697168,0.2921088933944702,0.500418484210968,,0.58364337682724,,,original
Salt Lake,UT,2010,76,19,0,4040100.0,0.1569955,,,0.48973536491394043,0.3994010090827942,,639420.0,original
Salt Lake,UT,2012,76,20,0,4048144.0,0.16842751,0.4244523346424103,0.3950367271900177,0.4491078853607178,0.5863305926322937,,659575.0,original
Salt Lake,UT,2014,76,21,0,4056196.0,0.17552683,,,,0.33589449524879456,,682890.0,original
Salt Lake,UT,2016,76,22,1,4064256.0,0.19039312,0.45361870527267456,0.5602409839630127,0.4328514039516449,0.6062504053115845,,704435.0,original
Salt Lake,UT,2018,76,23,1,4072324.0,0.20092072,,,0.47356268763542175,0.5817907452583313,,728695.0,original
Salt Lake,UT,2020,76,40,1,4080400.0,,,0.557425780649131,,0.6876508117627774,,786991.0,extension
Salt Lake,UT,2022,76,41,1,4088484.0,,,,0.6012090494350982,0.4755634290419367,,801565.0,extension
Salt Lake,UT,2024,76,42,1,4096576.0,,,0.5526066561257479,,0.6242718755896675,,816138.0,extension
San Juan,UT,1996,77,12,0,3984016.0,0.14723927,0.3834735155105591,0.4391714632511139,,0.5324920415878296,,8680.0,original
San Juan,UT,1998,77,13,0,3992004.0,0.20113754,,,0.3565468490123749,0.42383310198783875,,8680.0,original
San Juan,UT,2000,77,14,0,4000000.0,0.21477872,0.5227518081665039,0.403158575296402,0.36244070529937744,0.5571428537368774,,8680.0,original
San Juan,UT,2002,77,15,0,4008004.0,0.20168068,,,,0.45113152265548706,,,original
San Juan,UT,2004,77,16,0,4016016.0,0.20625375,0.46759742498397827,0.39081403613090515,0.3922652006149292,0.5579422116279602,,,original
San Juan,UT,2006,77,17,0,4024036.0,0.23723622,,,0.3254201114177704,0.4426802694797516,,,original
San Juan,UT,2008,77,18,0,4032064.0,0.21955128,0.3812132179737091,0.4770023822784424,,0.5569689869880676,,,original
San Juan,UT,2010,77,19,0,4040100.0,0.20515208,,,0.3900873064994812,0.4481202960014343,,9310.0,original
San Juan,UT,2012,77,20,0,4048144.0,0.20902501,0.385424941778183,0.41032034158706665,0.3657548129558563,0.5560290813446045,,9620.0,original
San Juan,UT,2014,77,21,1,4056196.0,0.2309237,,,,0.41326531767845154,,9800.0,original
San Juan,UT,2016,77,22,1,4064256.0,0.2190763,0.38252952694892883,0.43567314743995667,0.37514451146125793,0.5451095104217529,,10275.0,original
San Juan,UT,2018,77,23,1,4072324.0,0.23963223,,,0.4166997969150543,0.539864182472229,,10310.0,original
San Juan,UT,2020,77,40,1,4080400.0,,,0.4682611311672683,,0.6176919622810957,,11135.0,extension
San Juan,UT,2022,77,41,1,4088484.0,,,,0.3679302655584837,0.49025659112953,,11341.0,extension
San Juan,UT,2024,77,42,1,4096576.0,,,0.4166935744268647,,0.5480211310297047,,11547.0,extension
Sanpete,UT,1996,78,12,0,3984016.0,0.046110325,0.17147044837474823,0.301596462726593,,0.47842350602149963,,14595.0,original
Sanpete,UT,1998,78,13,0,3992004.0,0.045310244,,,0.2621377110481262,0.4262695908546448,,14595.0,original
Sanpete,UT,2000,78,14,0,4000000.0,0.05700586,0.365943044424057,0.173197939991951,0.20604434609413147,0.532785177230835,,14595.0,original
Sanpete,UT,2002,78,15,0,4008004.0,0.0400097,,,,0.411038875579834,,,original
Sanpete,UT,2004,78,16,0,4016016.0,0.043620322,0.33968445658683777,0.14512388408184052,0.19301821291446686,0.5705167651176453,,,original
Sanpete,UT,2006,78,17,0,4024036.0,0.045667686,,,0.1879725158214569,0.42578381299972534,,,original
Sanpete,UT,2008,78,18,0,4032064.0,0.047087602,0.1422896385192871,0.19662447273731232,,0.5587797164916992,,,original
Sanpete,UT,2010,78,19,0,4040100.0,0.043008603,,,0.19751925766468048,0.38509246706962585,,17575.0,original
Sanpete,UT,2012,78,20,0,4048144.0,0.04333571,0.15275938808918,0.10441082715988159,0.18491539359092712,0.5254421830177307,,18375.0,original
Sanpete,UT,2014,78,21,1,4056196.0,0.047079507,,,,0.3065936863422394,,19185.0,original
Sanpete,UT,2016,78,22,1,4064256.0,0.048294194,0.10612286627292633,0.1371864527463913,0.1161569356918335,0.5177382826805115,,19985.0,original
Sanpete,UT,2018,78,23,1,4072324.0,0.05395853,,,0.13390548527240753,0.4502643048763275,,20810.0,original
Sanpete,UT,2020,78,40,1,4080400.0,,,0.1464131233167387,,0.5620022246941045,,22475.0,extension
Sanpete,UT,2022,78,41,1,4088484.0,,,,0.1962837491017349,0.4370276527893058,,22891.0,extension
Sanpete,UT,2024,78,42,1,4096576.0,,,0.1517636754518672,,0.5553267258763461,,23307.0,extension
Sevier,UT,1996,79,12,0,3984016.0,0.022674225,0.11899790912866592,0.24766704440116882,,0.5543015599250793,,12215.0,original
Sevier,UT,1998,79,13,0,3992004.0,0.020488573,,,0.2122795581817627,0.408088743686676,,12215.0,original
Sevier,UT,2000,79,14,0,4000000.0,0.022868507,0.28862205147743225,0.15362021327018738,0.1681184619665146,0.594433069229126,,12215.0,original
Sevier,UT,2002,79,15,0,4008004.0,0.022565687,,,,0.4181118309497833,,,original
Sevier,UT,2004,79,16,0,4016016.0,0.024570983,0.32806482911109924,0.12238924950361252,0.15661995112895966,0.6220792531967163,,,original
Sevier,UT,2006,79,17,0,4024036.0,0.023107179,,,0.16103996336460114,0.46079936623573303,,,original
Sevier,UT,2008,79,18,0,4032064.0,0.027869137,0.1420259177684784,0.17528697848320007,,0.627672553062439,,,original
Sevier,UT,2010,79,19,0,4040100.0,0.023681378,,,0.15716348588466644,0.4414145052433014,,13715.0,original
Sevier,UT,2012,79,20,0,4048144.0,0.027471675,0.1360083371400833,0.09288860857486725,0.1590879112482071,0.586546778678894,,13900.0,original
Sevier,UT,2014,79,21,1,4056196.0,0.027471237,,,,0.35720399022102356,,14020.0,original
Sevier,UT,2016,79,22,1,4064256.0,0.028734868,0.11001461744308472,0.093476802110672,0.10103940218687057,0.6114065647125244,,14290.0,original
Sevier,UT,2018,79,23,1,4072324.0,0.029669188,,,0.11715544760227203,0.513262152671814,,14515.0,original
Sevier,UT,2020,79,40,1,4080400.0,,,0.1069455406471981,,0.6610742536361317,,15676.0,extension
Sevier,UT,2022,79,41,1,4088484.0,,,,0.1523205077350257,0.4869418174985908,,15967.0,extension
Sevier,UT,2024,79,42,1,4096576.0,,,0.1148485411633525,,0.6720797195054438,,16257.0,extension
Summit,UT,1996,80,12,0,3984016.0,0.17388235,0.3371751606464386,0.5192690491676331,,0.5495542287826538,,19405.0,original
Summit,UT,1998,80,13,0,3992004.0,0.17359051,,,0.46662208437919617,0.43222248554229736,,19405.0,original
Summit,UT,2000,80,14,0,4000000.0,0.1805891,0.5811812877655029,0.4272448718547821,0.49287185072898865,0.6326204538345337,,19405.0,original
Summit,UT,2002,80,15,0,4008004.0,0.18448862,,,,0.47783464193344116,,,original
Summit,UT,2004,80,16,0,4016016.0,0.19959518,0.5891938805580139,0.4678468406200409,0.48574960231781006,0.7331671714782715,,,original
Summit,UT,2006,80,17,0,4024036.0,0.20019144,,,0.5165987014770508,0.5090593099594116,,,original
Summit,UT,2008,80,18,0,4032064.0,0.20851332,0.2751847207546234,0.5781174302101135,,0.7435455322265625,,,original
Summit,UT,2010,80,19,0,4040100.0,0.20287274,,,0.5476951003074646,0.5233514904975891,,22975.0,original
Summit,UT,2012,80,20,0,4048144.0,0.2119673,0.4850476384162903,0.47605568170547485,0.5164808630943298,0.7296939492225647,,24180.0,original
Summit,UT,2014,80,21,0,4056196.0,0.21660273,,,,0.428492933511734,,25480.0,original
Summit,UT,2016,80,22,1,4064256.0,0.22452012,0.5143493413925171,0.5888652205467224,0.5052841901779175,0.79339998960495,,26515.0,original
Summit,UT,2018,80,23,1,4072324.0,0.24336155,,,0.5272952318191528,0.7325460910797119,,27945.0,original
Summit,UT,2020,80,40,1,4080400.0,,,0.5978977094446187,,0.8643848779033166,,30181.0,extension
Summit,UT,2022,80,41,1,4088484.0,,,,0.6278655119714722,0.6621340273259596,,30740.0,extension
Summit,UT,2024,80,42,1,4096576.0,,,0.5753888560740303,,0.8267620934245,,31298.0,extension
Tooele,UT,1996,81,12,0,3984016.0,0.08468999,0.2852248251438141,0.5070493817329407,,0.46137934923171997,,25545.0,original
Tooele,UT,1998,81,13,0,3992004.0,0.07544469,,,0.394086092710495,0.3493765890598297,,25545.0,original
Tooele,UT,2000,81,14,0,4000000.0,0.08261494,0.47879886627197266,0.3388380706310272,0.34671080112457275,0.4988451898097992,,25545.0,original
Tooele,UT,2002,81,15,0,4008004.0,0.08003767,,,,0.41269001364707947,,,original
Tooele,UT,2004,81,16,0,4016016.0,0.08755073,0.4362988770008087,0.2532033622264862,0.3062591850757599,0.5758481025695801,,,original
Tooele,UT,2006,81,17,0,4024036.0,0.08596313,,,0.30608972907066345,0.39363381266593933,,,original
Tooele,UT,2008,81,18,0,4032064.0,0.09600912,0.19595645368099213,0.3464463949203491,,0.5266308784484863,,,original
Tooele,UT,2010,81,19,0,4040100.0,0.07925801,,,0.33861657977104187,0.3532904386520386,,34190.0,original
Tooele,UT,2012,81,20,0,4048144.0,0.08853028,0.2754282057285309,0.24074074625968933,0.3030219078063965,0.5378554463386536,,36045.0,original
Tooele,UT,2014,81,21,0,4056196.0,0.08872305,,,,0.3043443262577057,,37405.0,original
Tooele,UT,2016,81,22,0,4064256.0,0.09341542,0.26521632075309753,0.2904967665672302,0.24447840452194214,0.565211832523346,,39180.0,original
Tooele,UT,2018,81,23,1,4072324.0,0.09895368,,,0.2759573757648468,0.5359837412834167,,41755.0,original
Tooele,UT,2020,81,40,1,4080400.0,,,0.2985278899756317,,0.6989244927375541,,45095.0,extension
Tooele,UT,2022,81,41,1,4088484.0,,,,0.3589510020136159,0.4804815919531471,,45931.0,extension
Tooele,UT,2024,81,42,1,4096576.0,,,0.2893112214017673,,0.7267673095838857,,46766.0,extension
Uintah,UT,1996,82,12,0,3984016.0,0.04563492,0.17088007926940918,0.26544836163520813,,0.519411563873291,,16350.0,original
Uintah,UT,1998,82,13,0,3992004.0,0.058139537,,,0.21329499781131744,0.4014553129673004,,16350.0,original
Uintah,UT,2000,82,14,0,4000000.0,0.040626813,0.3751864731311798,0.17081280052661896,0.20134061574935913,0.5234251022338867,,16350.0,original
Uintah,UT,2002,82,15,0,4008004.0,0.032014117,,,,0.36394762992858887,,,original
Uintah,UT,2004,82,16,0,4016016.0,0.03808909,0.24620279669761658,0.12939493358135223,0.15627986192703247,0.5737606287002563,,,original
Uintah,UT,2006,82,17,0,4024036.0,0.03782895,,,0.14804722368717194,0.33710888028144836,,,original
Uintah,UT,2008,82,18,0,4032064.0,0.040316977,0.10266198962926865,0.14763203263282776,,0.5449365973472595,,,original
Uintah,UT,2010,82,19,0,4040100.0,0.035588443,,,0.12357217073440552,0.375930517911911,,20150.0,original
Uintah,UT,2012,82,20,0,4048144.0,0.03859769,0.09979191422462463,0.08731827139854431,0.11447596549987793,0.5514150857925415,,21200.0,original
Uintah,UT,2014,82,21,0,4056196.0,0.033573635,,,,0.2585854232311249,,22480.0,original
Uintah,UT,2016,82,22,1,4064256.0,0.042345278,0.11485312134027481,0.09208699315786362,0.10081008076667786,0.5499681234359741,,23525.0,original
Uintah,UT,2018,82,23,1,4072324.0,0.04490446,,,0.12498623132705688,0.44515445828437805,,23630.0,original
Uintah,UT,2020,82,40,1,4080400.0,,,0.1114312516751541,,0.5998040752351097,,25520.0,extension
Uintah,UT,2022,82,41,1,4088484.0,,,,0.1489870030581039,0.4167660523987227,,25993.0,extension
Uintah,UT,2024,82,42,1,4096576.0,,,0.1255224744389428,,0.5981636817048288,,26466.0,extension
Utah,UT,1996,83,12,0,3984016.0,0.037139814,0.11699877679347992,0.20798462629318237,,0.5305977463722229,,229250.0,original
Utah,UT,1998,83,13,0,3992004.0,0.03359938,,,0.21486932039260864,0.3151962161064148,,229250.0,original
Utah,UT,2000,83,14,0,4000000.0,0.03742239,0.3125496506690979,0.1433740258216858,0.18154789507389069,0.5330817699432373,,229250.0,original
Utah,UT,2002,83,15,0,4008004.0,0.035673384,,,,0.32165080308914185,,,original
Utah,UT,2004,83,16,0,4016016.0,0.042644795,0.2659446597099304,0.11918888241052628,0.14475670456886292,0.5690760016441345,,,original
Utah,UT,2006,83,17,0,4024036.0,0.040294904,,,0.18107840418815613,0.3072778284549713,,,original
Utah,UT,2008,83,18,0,4032064.0,0.048112057,0.10357643663883209,0.19478757679462433,,0.5359982252120972,,,original
Utah,UT,2010,83,19,0,4040100.0,0.037560623,,,0.1696884036064148,0.3499898612499237,,296120.0,original
Utah,UT,2012,83,20,0,4048144.0,0.045238256,0.13504642248153687,0.09918441623449326,0.16548846662044525,0.5723511576652527,,313865.0,original
Utah,UT,2014,83,21,0,4056196.0,0.04139701,,,,0.26873448491096497,,328045.0,original
Utah,UT,2016,83,22,0,4064256.0,0.0564041,0.1493283361196518,0.21821826696395874,0.13766804337501526,0.5929091572761536,,345235.0,original
Utah,UT,2018,83,23,1,4072324.0,0.062748305,,,0.17584829032421112,0.48998403549194336,,363520.0,original
Utah,UT,2020,83,40,1,4080400.0,,,0.2828135170823337,,0.7246015048318654,,392602.0,extension
Utah,UT,2022,83,41,1,4088484.0,,,,0.3623967812816679,0.5152773887644047,,399872.0,extension
Utah,UT,2024,83,42,1,4096576.0,,,0.2944978208333189,,0.7317938213203256,,407142.0,extension
Wasatch,UT,1996,84,12,0,3984016.0,0.11445783,0.2135355919599533,0.382091224193573,,0.547557532787323,,9630.0,original
Wasatch,UT,1998,84,13,0,3992004.0,0.114137486,,,0.30896836519241333,0.46123743057250977,,9630.0,original
Wasatch,UT,2000,84,14,0,4000000.0,0.105367795,0.4790354371070862,0.2787535488605499,0.30849531292915344,0.6045690774917603,,9630.0,original
Wasatch,UT,2002,84,15,0,4008004.0,0.09508716,,,,0.49095314741134644,,,original
Wasatch,UT,2004,84,16,0,4016016.0,0.10117348,0.4105619490146637,0.2520048916339874,0.28068214654922485,0.6959709525108337,,,original
Wasatch,UT,2006,84,17,0,4024036.0,0.10313368,,,0.2809346914291382,0.5219845771789551,,,original
Wasatch,UT,2008,84,18,0,4032064.0,0.11222012,0.17073170840740204,0.3475126028060913,,0.7005925178527832,,,original
Wasatch,UT,2010,84,19,0,4040100.0,0.09777937,,,0.32237300276756287,0.46988043189048767,,13380.0,original
Wasatch,UT,2012,84,20,0,4048144.0,0.103691705,0.255671888589859,0.23281267285346985,0.29835277795791626,0.6865819096565247,,14160.0,original
Wasatch,UT,2014,84,21,0,4056196.0,0.10263733,,,,0.4327901005744934,,15340.0,original
Wasatch,UT,2016,84,22,1,4064256.0,0.11455932,0.26762011647224426,0.33373284339904785,0.25506073236465454,0.7248829007148743,,17080.0,original
Wasatch,UT,2018,84,23,1,4072324.0,0.122644834,,,0.29905977845191956,0.6375579833984375,,19410.0,original
Wasatch,UT,2020,84,40,1,4080400.0,,,0.3643269344011306,,0.8386681295616085,,20963.0,extension
Wasatch,UT,2022,84,41,1,4088484.0,,,,0.4235303302365524,0.6235773500070254,,21351.0,extension
Wasatch,UT,2024,84,42,1,4096576.0,,,0.359752701347889,,0.8442890657343944,,21739.0,extension
Washington,UT,1996,85,12,0,3984016.0,0.061029118,0.14140763878822327,0.21449249982833862,,0.5514282584190369,,60335.0,original
Washington,UT,1998,85,13,0,3992004.0,0.05742029,,,0.1928333044052124,0.37748685479164124,,60335.0,original
Washington,UT,2000,85,14,0,4000000.0,0.060368557,0.29458245635032654,0.1765979379415512,0.20594169199466705,0.5429684519767761,,60335.0,original
Washington,UT,2002,85,15,0,4008004.0,0.05958727,,,,0.40582525730133057,,,original
Washington,UT,2004,85,16,0,4016016.0,0.070054315,0.2718367576599121,0.1741296947002411,0.18811169266700745,0.6196043491363525,,,original
Washington,UT,2006,85,17,0,4024036.0,0.0748832,,,0.2306608259677887,0.38103896379470825,,,original
Washington,UT,2008,85,18,0,4032064.0,0.079348065,0.13511814177036285,0.2248997688293457,,0.5974036455154419,,,original
Washington,UT,2010,85,19,0,4040100.0,0.071301624,,,0.18026429414749146,0.4092850387096405,,88745.0,original
Washington,UT,2012,85,20,0,4048144.0,0.078059606,0.18069157004356384,0.15719807147979736,0.2182527780532837,0.5859492421150208,,93020.0,original
Washington,UT,2014,85,21,0,4056196.0,0.08179469,,,,0.3165279030799866,,97290.0,original
Washington,UT,2016,85,22,0,4064256.0,0.08542051,0.1828898787498474,0.1943405419588089,0.17480842769145966,0.6032976508140564,,104620.0,original
Washington,UT,2018,85,23,1,4072324.0,0.09445492,,,0.21628433465957642,0.5466737747192383,,112440.0,original
Washington,UT,2020,85,40,1,4080400.0,,,0.2337629805064675,,0.7450570263927204,,121435.0,extension
Washington,UT,2022,85,41,1,4088484.0,,,,0.264648989673541,0.5619239351896769,,123684.0,extension
Washington,UT,2024,85,42,1,4096576.0,,,0.2338101621078205,,0.7721804451573455,,125933.0,extension
Wayne,UT,1996,86,12,0,3984016.0,0.048780486,0.14399999380111694,0.2634194791316986,,0.6969292163848877,,1680.0,original
Wayne,UT,1998,86,13,0,3992004.0,0.05409836,,,0.22899353504180908,0.685913622379303,,1680.0,original
Wayne,UT,2000,86,14,0,4000000.0,0.07012195,0.38038885593414307,0.17489176988601685,0.21702127158641815,0.7666666507720947,,1680.0,original
Wayne,UT,2002,86,15,0,4008004.0,0.06105006,,,,0.8146806955337524,,,original
Wayne,UT,2004,86,16,0,4016016.0,0.07119741,0.3423019349575043,0.20805369317531586,0.2172839492559433,0.8103538751602173,,,original
Wayne,UT,2006,86,17,0,4024036.0,0.06998814,,,0.19090908765792847,0.6998043060302734,,,original
Wayne,UT,2008,86,18,0,4032064.0,0.07333994,0.18690095841884613,0.26274511218070984,,0.7790259718894958,,,original
Wayne,UT,2010,86,19,0,4040100.0,0.07934783,,,0.2507149577140808,0.6628895401954651,,1765.0,original
Wayne,UT,2012,86,20,0,4048144.0,0.073426574,0.18541504442691803,0.1648772954940796,0.20425868034362793,0.7169312238693237,,1890.0,original
Wayne,UT,2014,86,21,1,4056196.0,0.07861937,,,,0.6291776895523071,,1885.0,original
Wayne,UT,2016,86,22,1,4064256.0,0.082466565,0.1988430917263031,0.2190784215927124,0.19417475163936615,0.755497395992279,,1910.0,original
Wayne,UT,2018,86,23,1,4072324.0,0.08834729,,,0.2109004706144333,0.724155843257904,,1925.0,original
Wayne,UT,2020,86,40,1,4080400.0,,,0.2289836888331242,,0.7797017797017797,,2079.0,extension
Wayne,UT,2022,86,41,1,4088484.0,,,,0.2821210061182869,0.7148253068932956,,2118.0,extension
Wayne,UT,2024,86,42,1,4096576.0,,,0.2353304508956145,,0.7657699443413729,,2156.0,extension
Weber,UT,1996,87,12,0,3984016.0,0.08450002,0.26560714840888977,0.438184529542923,,0.4894159734249115,,128270.0,original
Weber,UT,1998,87,13,0,3992004.0,0.076900974,,,0.38421759009361267,0.3430645167827606,,128270.0,original
Weber,UT,2000,87,14,0,4000000.0,0.087203085,0.46816208958625793,0.3362978398799896,0.3560645878314972,0.4996725618839264,,128270.0,original
Weber,UT,2002,87,15,0,4008004.0,0.08022351,,,,0.328376829624176,,,original
Weber,UT,2004,87,16,0,4016016.0,0.09779257,0.4475114941596985,0.2795063257217407,0.3084670305252075,0.5474823713302612,,,original
Weber,UT,2006,87,17,0,4024036.0,0.093853526,,,0.360733300447464,0.3042745888233185,,,original
Weber,UT,2008,87,18,0,4032064.0,0.10796211,0.1951330006122589,0.3587091863155365,,0.5200921893119812,,,original
Weber,UT,2010,87,19,0,4040100.0,0.09000291,,,0.37654802203178406,0.31646934151649475,,145695.0,original
Weber,UT,2012,87,20,0,4048144.0,0.10663478,0.2962813973426819,0.26788631081581116,0.32767266035079956,0.5059772729873657,,151240.0,original
Weber,UT,2014,87,21,0,4056196.0,0.10940625,,,,0.2382155805826187,,155905.0,original
Weber,UT,2016,87,22,1,4064256.0,0.12313245,0.31234070658683777,0.36503803730010986,0.3046092689037323,0.539706826210022,,160300.0,original
Weber,UT,2018,87,23,1,4072324.0,0.1273677,,,0.33138662576675415,0.49271994829177856,,166070.0,original
Weber,UT,2020,87,40,1,4080400.0,,,0.3815967143017891,,0.6213452574767502,,179356.0,extension
Weber,UT,2022,87,41,1,4088484.0,,,,0.4266977836008297,0.4217224938005331,,182677.0,extension
Weber,UT,2024,87,42,1,4096576.0,,,0.3790710287074742,,0.6022484112732395,,185998.0,extension
Adams,WA,1996,88,25,0,3984016.0,,0.4012724757194519,0.4248046875,,0.5596718788146973,0.20404255,8500.0,original
Adams,WA,1998,88,26,0,3992004.0,,,,0.4297475218772888,0.4458574652671814,0.23732413,8500.0,original
Adams,WA,2000,88,27,0,4000000.0,,0.4611600637435913,0.2901361882686615,0.27268993854522705,0.5948235392570496,0.53283226,8500.0,original
Adams,WA,2002,88,28,0,4008004.0,,,,,0.4269620478153229,0.64557654,,original
Adams,WA,2004,88,29,0,4016016.0,,0.3051896095275879,0.25957363843917847,0.32340511679649353,0.6049599051475525,0.90334356,,original
Adams,WA,2006,88,30,1,4024036.0,,,,0.37955182790756226,0.4291987717151642,0.998923,,original
Adams,WA,2008,88,31,1,4032064.0,,0.3017026484012604,0.3250942528247833,,0.5670666694641113,1.0,,original
Adams,WA,2010,88,32,1,4040100.0,,,,0.2726067304611206,0.43659621477127075,1.0,8990.0,original
Adams,WA,2012,88,33,1,4048144.0,,0.29780033230781555,0.32689449191093445,0.3929401934146881,,,,original
Adams,WA,2014,88,34,1,4056196.0,,,,,,,,original
Adams,WA,2016,88,35,1,4064256.0,,0.3272843658924103,0.2964399755001068,0.39747700095176697,,,,original
Adams,WA,2018,88,36,1,4072324.0,,,,0.3225425183773041,,,,original
Adams,WA,2020,88,43,1,4080400.0,,,0.3170774340150323,,0.6151747297722742,,9529.0,extension
Adams,WA,2022,88,44,1,4088484.0,,,,0.235251274581209,0.425481511999176,,9709.0,extension
Adams,WA,2024,88,45,1,4096576.0,,,0.2786288778245883,,0.5454638228390652,,9799.0,extension
Asotin,WA,1996,89,25,0,3984016.0,,0.508880615234375,0.5393783450126648,,0.5114946961402893,0.14880636,15210.0,original
Asotin,WA,1998,89,26,0,3992004.0,,,,0.5206273198127747,0.40472620725631714,0.16432932,15210.0,original
Asotin,WA,2000,89,27,0,4000000.0,,0.6058037877082825,0.35788097977638245,0.36192578077316284,0.5368836522102356,0.2518981,15210.0,original
Asotin,WA,2002,89,28,0,4008004.0,,,,,0.40448200702667236,0.41091725,,original
Asotin,WA,2004,89,29,0,4016016.0,,0.41804832220077515,0.3841879963874817,0.4132533073425293,0.5715328454971313,0.41859168,,original
Asotin,WA,2006,89,30,1,4024036.0,,,,0.5236557722091675,0.47337663173675537,1.0,,original
Asotin,WA,2008,89,31,1,4032064.0,,0.4391905963420868,0.43159541487693787,,0.6156265139579773,1.0,,original
Asotin,WA,2010,89,32,1,4040100.0,,,,0.3920447826385498,0.5263572931289673,1.0,16485.0,original
Asotin,WA,2012,89,33,1,4048144.0,,0.41498351097106934,0.41451796889305115,0.4677121639251709,,,,original
Asotin,WA,2014,89,34,1,4056196.0,,,,,,,,original
Asotin,WA,2016,89,35,1,4064256.0,,0.4251895844936371,0.35312676429748535,0.43591585755348206,,,,original
Asotin,WA,2018,89,36,1,4072324.0,,,,0.4182496964931488,,,,original
Asotin,WA,2020,89,43,1,4080400.0,,,0.3673610510847955,,0.6839304108961887,,17474.0,extension
Asotin,WA,2022,89,44,1,4088484.0,,,,0.3532481954469739,0.506515389800045,,17804.0,extension
Asotin,WA,2024,89,45,1,4096576.0,,,0.3682121594804257,,0.6342033502142579,,17969.0,extension
Benton,WA,1996,90,25,0,3984016.0,,0.4833616316318512,0.4380255937576294,,0.6241548657417297,0.20469528,93960.0,original
Benton,WA,1998,90,26,0,3992004.0,,,,0.4654484689235687,0.48591601848602295,0.40716797,93960.0,original
Benton,WA,2000,90,27,0,4000000.0,,0.49696406722068787,0.337117075920105,0.3069861829280853,0.6450297832489014,0.48014256,93960.0,original
Benton,WA,2002,90,28,0,4008004.0,,,,,0.42538440227508545,0.5877131,,original
Benton,WA,2004,90,29,0,4016016.0,,0.30641597509384155,0.3270004093647003,0.40064752101898193,0.6740092635154724,0.5737627,,original
Benton,WA,2006,90,30,1,4024036.0,,,,0.43531814217567444,0.4849930703639984,0.9996818,,original
Benton,WA,2008,90,31,1,4032064.0,,0.30257701873779297,0.3669816851615906,,0.690500795841217,0.9999187,,original
Benton,WA,2010,90,32,1,4040100.0,,,,0.3566802442073822,0.5746466517448425,0.99960953,111425.0,original
Benton,WA,2012,90,33,1,4048144.0,,0.3496694266796112,0.3626652657985687,0.42689117789268494,,,,original
Benton,WA,2014,90,34,1,4056196.0,,,,,,,,original
Benton,WA,2016,90,35,1,4064256.0,,0.38026827573776245,0.358376145362854,0.434713751077652,,,,original
Benton,WA,2018,90,36,1,4072324.0,,,,0.37520134449005127,,,,original
Benton,WA,2020,90,43,1,4080400.0,,,0.3906895055061521,,0.8723478113622893,,118110.0,extension
Benton,WA,2022,90,44,1,4088484.0,,,,0.3373798283545576,0.6294634324699391,,120339.0,extension
Benton,WA,2024,90,45,1,4096576.0,,,0.3874013804170053,,0.8229273875490931,,121453.0,extension
Chelan,WA,1996,91,25,0,3984016.0,,0.42225247621536255,0.4101059138774872,,0.5907213091850281,0.35221532,43060.0,original
Chelan,WA,1998,91,26,0,3992004.0,,,,0.4295220971107483,0.5062053203582764,0.48559728,43060.0,original
Chelan,WA,2000,91,27,0,4000000.0,,0.4232102930545807,0.3312854468822479,0.3016798794269562,0.6232466101646423,0.7629392,43060.0,original
Chelan,WA,2002,91,28,0,4008004.0,,,,,0.4615744650363922,0.8292276,,original
Chelan,WA,2004,91,29,0,4016016.0,,0.35339295864105225,0.3616550862789154,0.40122777223587036,0.654718279838562,0.8221352,,original
Chelan,WA,2006,91,30,1,4024036.0,,,,0.42246463894844055,0.5076557397842407,0.9931967,,original
Chelan,WA,2008,91,31,1,4032064.0,,0.3798912465572357,0.4390811324119568,,0.683151364326477,0.99021363,,original
Chelan,WA,2010,91,32,1,4040100.0,,,,0.3675403594970703,0.5836573243141174,0.9981832,48095.0,original
Chelan,WA,2012,91,33,1,4048144.0,,0.3640580475330353,0.41606906056404114,0.46977919340133667,,,,original
Chelan,WA,2014,91,34,1,4056196.0,,,,,,,,original
Chelan,WA,2016,91,35,1,4064256.0,,0.4102366864681244,0.41841650009155273,0.4620538353919983,,,,original
Chelan,WA,2018,91,36,1,4072324.0,,,,0.44058758020401,,,,original
Chelan,WA,2020,91,43,1,4080400.0,,,0.4596507898800333,,0.8494537180518232,,50981.0,extension
Chelan,WA,2022,91,44,1,4088484.0,,,,0.420189440449044,0.6598194174383459,,51943.0,extension
Chelan,WA,2024,91,45,1,4096576.0,,,0.4513493621197252,,0.7991187242484359,,52424.0,extension
Clallam,WA,1996,92,25,0,3984016.0,,0.49313023686408997,0.5030578970909119,,0.6531829833984375,0.36921462,49360.0,original
Clallam,WA,1998,92,26,0,3992004.0,,,,0.5378689169883728,0.5877168774604797,0.7545519,49360.0,original
Clallam,WA,2000,92,27,0,4000000.0,,0.5538918972015381,0.45884114503860474,0.43042513728141785,0.6688209176063538,0.7784812,49360.0,original
Clallam,WA,2002,92,28,1,4008004.0,,,,,0.5515454411506653,1.0,,original
Clallam,WA,2004,92,29,1,4016016.0,,0.4628415107727051,0.47463807463645935,0.507390022277832,0.7183350324630737,0.99997324,,original
Clallam,WA,2006,92,30,1,4024036.0,,,,0.5345067977905273,0.5790026187896729,0.9997733,,original
Clallam,WA,2008,92,31,1,4032064.0,,0.49422144889831543,0.5168706178665161,,0.7163597345352173,1.0,,original
Clallam,WA,2010,92,32,1,4040100.0,,,,0.47047320008277893,0.6080649495124817,1.0,56045.0,original
Clallam,WA,2012,92,33,1,4048144.0,,0.4666329324245453,0.5019315481185913,0.5388606786727905,,,,original
Clallam,WA,2014,92,34,1,4056196.0,,,,,,,,original
Clallam,WA,2016,92,35,1,4064256.0,,0.4904465079307556,0.4846864640712738,0.5201751589775085,,,,original
Clallam,WA,2018,92,36,1,4072324.0,,,,0.5067273378372192,,,,original
Clallam,WA,2020,92,43,1,4080400.0,,,0.5173597304480673,,0.829248586049017,,59408.0,extension
Clallam,WA,2022,92,44,1,4088484.0,,,,0.5172079134005226,0.6654496191908011,,60529.0,extension
Clallam,WA,2024,92,45,1,4096576.0,,,0.540448674371176,,0.7921229681284683,,61089.0,extension
Clark,WA,1996,93,25,0,3984016.0,,0.5264818668365479,0.5275623798370361,,0.5503348708152771,0.45407894,231810.0,original
Clark,WA,1998,93,26,0,3992004.0,,,,0.47847676277160645,0.44741398096084595,0.61104953,231810.0,original
Clark,WA,2000,93,27,0,4000000.0,,0.5561323165893555,0.47886592149734497,0.4598630666732788,0.5924636721611023,0.60381246,231810.0,original
Clark,WA,2002,93,28,0,4008004.0,,,,,0.38548222184181213,0.7657036,,original
Clark,WA,2004,93,29,0,4016016.0,,0.4587532877922058,0.47292250394821167,0.49458715319633484,0.6735855937004089,0.70627534,,original
Clark,WA,2006,93,30,1,4024036.0,,,,0.5414702296257019,0.4351477324962616,0.9997339,,original
Clark,WA,2008,93,31,1,4032064.0,,0.48989295959472656,0.531029999256134,,0.6603143811225891,0.9999134,,original
Clark,WA,2010,93,32,1,4040100.0,,,,0.4575335681438446,0.5244554877281189,0.9999329,284190.0,original
Clark,WA,2012,93,33,1,4048144.0,,0.4691690504550934,0.5011565089225769,0.5304595232009888,,,,original
Clark,WA,2014,93,34,1,4056196.0,,,,,,,,original
Clark,WA,2016,93,35,1,4064256.0,,0.4805949330329895,0.5008531212806702,0.5131756663322449,,,,original
Clark,WA,2018,93,36,1,4072324.0,,,,0.5295863151550293,,,,original
Clark,WA,2020,93,43,1,4080400.0,,,0.5262932861263113,,0.9142281429154728,,301241.0,extension
Clark,WA,2022,93,44,1,4088484.0,,,,0.5116843140883898,0.669922619532459,,306925.0,extension
Clark,WA,2024,93,45,1,4096576.0,,,0.5359425757099444,,0.887102241362056,,309767.0,extension
Columbia,WA,1996,94,25,0,3984016.0,,0.44098109006881714,0.43938496708869934,,0.6696348786354065,0.15172759,3040.0,original
Columbia,WA,1998,94,26,0,3992004.0,,,,0.44158878922462463,0.5861623883247375,0.32747877,3040.0,original
Columbia,WA,2000,94,27,0,4000000.0,,0.4598257541656494,0.25269871950149536,0.22702965140342712,0.7016447186470032,0.50164086,3040.0,original
Columbia,WA,2002,94,28,0,4008004.0,,,,,0.6031498908996582,0.55537546,,original
Columbia,WA,2004,94,29,0,4016016.0,,0.3285994231700897,0.29156625270843506,0.3598834276199341,0.6924318671226501,0.5864802,,original
Columbia,WA,2006,94,30,1,4024036.0,,,,0.4012772738933563,0.6361407041549683,1.0,,original
Columbia,WA,2008,94,31,1,4032064.0,,0.31475701928138733,0.3139588236808777,,0.7247534990310669,1.0,,original
Columbia,WA,2010,94,32,1,4040100.0,,,,0.31206005811691284,0.7038461565971375,1.0,3120.0,original
Columbia,WA,2012,94,33,1,4048144.0,,0.2953624427318573,0.2914595603942871,0.36969155073165894,,,,original
Columbia,WA,2014,94,34,1,4056196.0,,,,,,,,original
Columbia,WA,2016,94,35,1,4064256.0,,0.3157411515712738,0.26000988483428955,0.38942089676856995,,,,original
Columbia,WA,2018,94,36,1,4072324.0,,,,0.3324238359928131,,,,original
Columbia,WA,2020,94,43,1,4080400.0,,,0.2758051197357555,,0.7544602358633202,,3307.0,extension
Columbia,WA,2022,94,44,1,4088484.0,,,,0.2731887401938163,0.6465875370919881,,3370.0,extension
Columbia,WA,2024,94,45,1,4096576.0,,,0.2756463719766472,,0.7280211702440459,,3401.0,extension
Cowlitz,WA,1996,95,25,0,3984016.0,,0.5807438492774963,0.6167036890983582,,0.5297194123268127,0.5997347,66395.0,original
Cowlitz,WA,1998,95,26,0,3992004.0,,,,0.5331722497940063,0.4518129825592041,0.72092706,66395.0,original
Cowlitz,WA,2000,95,27,0,4000000.0,,0.5891348719596863,0.519369900226593,0.4588291645050049,0.5624971985816956,0.71740705,66395.0,original
Cowlitz,WA,2002,95,28,0,4008004.0,,,,,0.4081335961818695,0.8687627,,original
Cowlitz,WA,2004,95,29,0,4016016.0,,0.5019751787185669,0.5164090991020203,0.5518414974212646,0.6215410232543945,0.66954565,,original
Cowlitz,WA,2006,95,30,1,4024036.0,,,,0.5804599523544312,0.45263558626174927,1.0,,original
Cowlitz,WA,2008,95,31,1,4032064.0,,0.46384045481681824,0.5571108460426331,,0.6442509293556213,0.9990828,,original
Cowlitz,WA,2010,95,32,1,4040100.0,,,,0.47128406167030334,0.5165493488311768,0.9997089,73145.0,original
Cowlitz,WA,2012,95,33,1,4048144.0,,0.4821244478225708,0.522773265838623,0.5642191171646118,,,,original
Cowlitz,WA,2014,95,34,1,4056196.0,,,,,,,,original
Cowlitz,WA,2016,95,35,1,4064256.0,,0.428646445274353,0.42543891072273254,0.4984429180622101,,,,original
Cowlitz,WA,2018,95,36,1,4072324.0,,,,0.46285417675971985,,,,original
Cowlitz,WA,2020,95,43,1,4080400.0,,,0.4101641479044584,,0.7774653700312121,,77534.0,extension
Cowlitz,WA,2022,95,44,1,4088484.0,,,,0.3885262337083658,0.5689076800384825,,78997.0,extension
Cowlitz,WA,2024,95,45,1,4096576.0,,,0.3976134483058967,,0.7402669074854505,,79728.0,extension
Douglas,WA,1996,96,25,0,3984016.0,,0.4027199447154999,0.4078165590763092,,0.5651572346687317,0.32421204,20475.0,original
Douglas,WA,1998,96,26,0,3992004.0,,,,0.42184725403785706,0.4617675542831421,0.63701224,20475.0,original
Douglas,WA,2000,96,27,0,4000000.0,,0.40855351090431213,0.30987513065338135,0.2708209156990051,0.5970696210861206,0.6564417,20475.0,original
Douglas,WA,2002,96,28,0,4008004.0,,,,,0.4411431849002838,0.6802861,,original
Douglas,WA,2004,96,29,0,4016016.0,,0.33468949794769287,0.3260639011859894,0.37577760219573975,0.6210077404975891,0.7781799,,original
Douglas,WA,2006,96,30,1,4024036.0,,,,0.39223426580429077,0.5181588530540466,1.0000886,,original
Douglas,WA,2008,96,31,1,4032064.0,,0.33868303894996643,0.3912752568721771,,0.692013680934906,0.9996101,,original
Douglas,WA,2010,96,32,1,4040100.0,,,,0.32662856578826904,0.5867887735366821,1.0,22935.0,original
Douglas,WA,2012,96,33,1,4048144.0,,0.3188444674015045,0.3540538549423218,0.4208676815032959,,,,original
Douglas,WA,2014,96,34,1,4056196.0,,,,,,,,original
Douglas,WA,2016,96,35,1,4064256.0,,0.3479345142841339,0.3386819064617157,0.40383264422416687,,,,original
Douglas,WA,2018,96,36,1,4072324.0,,,,0.36169642210006714,,,,original
Douglas,WA,2020,96,43,1,4080400.0,,,0.3761436964268516,,0.8764756694500432,,24311.0,extension
Douglas,WA,2022,96,44,1,4088484.0,,,,0.3280268640009949,0.6506661283811062,,24770.0,extension
Douglas,WA,2024,96,45,1,4096576.0,,,0.3613752743233357,,0.84279371174847,,24999.0,extension
Ferry,WA,1996,97,25,1,3984016.0,,0.44758498668670654,0.5231643319129944,,0.5654388666152954,0.008002783,5225.0,original
Ferry,WA,1998,97,26,1,3992004.0,,,,0.5062381625175476,0.5467715859413147,1.0,5225.0,original
Ferry,WA,2000,97,27,1,4000000.0,,0.43571925163269043,0.3295615315437317,0.34179821610450745,0.5902392268180847,1.0,5225.0,original
Ferry,WA,2002,97,28,1,4008004.0,,,,,0.522081196308136,1.0,,original
Ferry,WA,2004,97,29,1,4016016.0,,0.40213972330093384,0.37298136949539185,0.42443129420280457,0.6306800842285156,1.0,,original
Ferry,WA,2006,97,30,1,4024036.0,,,,0.43193525075912476,0.5271835327148438,1.0,,original
Ferry,WA,2008,97,31,1,4032064.0,,0.3832853138446808,0.4336387813091278,,0.6488857865333557,1.0,,original
Ferry,WA,2010,97,32,1,4040100.0,,,,0.36008813977241516,0.5774278044700623,1.0,5715.0,original
Ferry,WA,2012,97,33,1,4048144.0,,0.37982454895973206,0.3934326469898224,0.43671441078186035,,,,original
Ferry,WA,2014,97,34,1,4056196.0,,,,,,,,original
Ferry,WA,2016,97,35,1,4064256.0,,0.3765226900577545,0.3327272832393646,0.42000553011894226,,,,original
Ferry,WA,2018,97,36,1,4072324.0,,,,0.3810206353664398,,,,original
Ferry,WA,2020,97,43,1,4080400.0,,,0.3490721165139769,,0.7208649719379333,,6058.0,extension
Ferry,WA,2022,97,44,1,4088484.0,,,,0.3110328638497652,0.5533052495139339,,6172.0,extension
Ferry,WA,2024,97,45,1,4096576.0,,,0.3302360622802612,,0.6575694332958741,,6229.0,extension
Franklin,WA,1996,98,25,0,3984016.0,,0.46659553050994873,0.45484551787376404,,0.6185254454612732,0.20491545,24425.0,original
Franklin,WA,1998,98,26,0,3992004.0,,,,0.4440280497074127,0.48227256536483765,0.19135176,24425.0,original
Franklin,WA,2000,98,27,0,4000000.0,,0.49724042415618896,0.3512493371963501,0.32599925994873047,0.5856704115867615,0.19811255,24425.0,original
Franklin,WA,2002,98,28,0,4008004.0,,,,,0.3873019814491272,0.35236606,,original
Franklin,WA,2004,98,29,0,4016016.0,,0.31881365180015564,0.3253684639930725,0.3956078886985779,0.5819665789604187,0.40337712,,original
Franklin,WA,2006,98,30,1,4024036.0,,,,0.4300173819065094,0.4291028678417206,0.99608713,,original
Franklin,WA,2008,98,31,1,4032064.0,,0.32406699657440186,0.37947210669517517,,0.6181097030639648,1.0,,original
Franklin,WA,2010,98,32,1,4040100.0,,,,0.345306932926178,0.522996723651886,1.0,33570.0,original
Franklin,WA,2012,98,33,1,4048144.0,,0.3650113642215729,0.3792106807231903,0.4311012327671051,,,,original
Franklin,WA,2014,98,34,1,4056196.0,,,,,,,,original
Franklin,WA,2016,98,35,1,4064256.0,,0.4034745693206787,0.4022270441055298,0.4492759704589844,,,,original
Franklin,WA,2018,98,36,1,4072324.0,,,,0.4026084542274475,,,,original
Franklin,WA,2020,98,43,1,4080400.0,,,0.4251250836546735,,0.9106339928057554,,35584.0,extension
Franklin,WA,2022,98,44,1,4088484.0,,,,0.316363308704271,0.612698587819947,,36256.0,extension
Franklin,WA,2024,98,45,1,4096576.0,,,0.3837261866322247,,0.8673990872072368,,36591.0,extension
Garfield,WA,1996,99,25,0,3984016.0,,0.4055555462837219,0.4437499940395355,,0.7243427038192749,0.49116063,1765.0,original
Garfield,WA,1998,99,26,0,3992004.0,,,,0.4764188528060913,0.7379719018936157,0.33561644,1765.0,original
Garfield,WA,2000,99,27,0,4000000.0,,0.49922481179237366,0.23400935530662537,0.21896684169769287,0.7654390931129456,0.38786083,1765.0,original
Garfield,WA,2002,99,28,0,4008004.0,,,,,0.5784693360328674,0.41403162,,original
Garfield,WA,2004,99,29,0,4016016.0,,0.3375394344329834,0.2807692289352417,0.32350659370422363,0.7676385641098022,0.742299,,original
Garfield,WA,2006,99,30,1,4024036.0,,,,0.4323858618736267,0.7193016409873962,0.9854369,,original
Garfield,WA,2008,99,31,1,4032064.0,,0.32005900144577026,0.28455284237861633,,0.8198368549346924,1.0,,original
Garfield,WA,2010,99,32,1,4040100.0,,,,0.2925989627838135,0.6816901564598083,1.0,1775.0,original
Garfield,WA,2012,99,33,1,4048144.0,,0.26576218008995056,0.26901522278785706,0.36385542154312134,,,,original
Garfield,WA,2014,99,34,1,4056196.0,,,,,,,,original
Garfield,WA,2016,99,35,1,4064256.0,,0.29718875885009766,0.24690265953540802,0.38663485646247864,,,,original
Garfield,WA,2018,99,36,1,4072324.0,,,,0.3358490467071533,,,,original
Garfield,WA,2020,99,43,1,4080400.0,,,0.2550522648083623,,0.7911795961742827,,1882.0,extension
Garfield,WA,2022,99,44,1,4088484.0,,,,0.2390965732087227,0.6713615023474179,,1917.0,extension
Garfield,WA,2024,99,45,1,4096576.0,,,0.2532617037605525,,0.6940568475452197,,1935.0,extension
Grant,WA,1996,100,25,0,3984016.0,,0.4104405343532562,0.4253692030906677,,0.5495895743370056,0.30124503,42780.0,original
Grant,WA,1998,100,26,0,3992004.0,,,,0.41882750391960144,0.4363563358783722,0.362358,42780.0,original
Grant,WA,2000,100,27,0,4000000.0,,0.40973061323165894,0.30882418155670166,0.29261964559555054,0.5629733800888062,0.45050657,42780.0,original
Grant,WA,2002,100,28,0,4008004.0,,,,,0.41818341612815857,0.5900766,,original
Grant,WA,2004,100,29,0,4016016.0,,0.3097180426120758,0.3041285574436188,0.359077513217926,0.5807257294654846,0.6386551,,original
Grant,WA,2006,100,30,1,4024036.0,,,,0.38205182552337646,0.43374478816986084,1.0,,original
Grant,WA,2008,100,31,1,4032064.0,,0.31943225860595703,0.3588622212409973,,0.5847839117050171,1.0,,original
Grant,WA,2010,100,32,1,4040100.0,,,,0.28968188166618347,0.4956371784210205,1.0,49280.0,original
Grant,WA,2012,100,33,1,4048144.0,,0.3158855438232422,0.3339303135871887,0.3871755599975586,,,,original
Grant,WA,2014,100,34,1,4056196.0,,,,,,,,original
Grant,WA,2016,100,35,1,4064256.0,,0.32266172766685486,0.29664236307144165,0.35948213934898376,,,,original
Grant,WA,2018,100,36,1,4072324.0,,,,0.3079797625541687,,,,original
Grant,WA,2020,100,43,1,4080400.0,,,0.3230735587567996,,0.7213277944751805,,52237.0,extension
Grant,WA,2022,100,44,1,4088484.0,,,,0.2686783747581485,0.5056555559730939,,53222.0,extension
Grant,WA,2024,100,45,1,4096576.0,,,0.3075828304679494,,0.6714884110583635,,53715.0,extension
Grays Harbor,WA,1996,101,25,0,3984016.0,,0.6066439747810364,0.6484320759773254,,0.5782430171966553,0.26954088,48330.0,original
Grays Harbor,WA,1998,101,26,0,3992004.0,,,,0.6284855604171753,0.4638918340206146,0.39146474,48330.0,original
Grays Harbor,WA,2000,101,27,0,4000000.0,,0.6231335997581482,0.5423784255981445,0.4610026180744171,0.5500310659408569,0.46544784,48330.0,original
Grays Harbor,WA,2002,101,28,0,4008004.0,,,,,0.3819582462310791,0.58650887,,original
Grays Harbor,WA,2004,101,29,0,4016016.0,,0.5050025582313538,0.5311794281005859,0.5852125883102417,0.5614544153213501,0.62555736,,original
Grays Harbor,WA,2006,101,30,1,4024036.0,,,,0.5993131399154663,0.4343658685684204,1.0,,original
Grays Harbor,WA,2008,101,31,1,4032064.0,,0.5398476123809814,0.5746714472770691,,0.5677240490913391,1.0,,original
Grays Harbor,WA,2010,101,32,1,4040100.0,,,,0.5173354148864746,0.48578089475631714,1.0,53625.0,original
Grays Harbor,WA,2012,101,33,1,4048144.0,,0.5090097784996033,0.5725765824317932,0.6145386695861816,,,,original
Grays Harbor,WA,2014,101,34,1,4056196.0,,,,,,,,original
Grays Harbor,WA,2016,101,35,1,4064256.0,,0.48606351017951965,0.46076589822769165,0.5337183475494385,,,,original
Grays Harbor,WA,2018,101,36,1,4072324.0,,,,0.4781065583229065,,,,original
Grays Harbor,WA,2020,101,43,1,4080400.0,,,0.4661169455561226,,0.6762781042187115,,56842.0,extension
Grays Harbor,WA,2022,101,44,1,4088484.0,,,,0.4638788457602837,0.5076232409565743,,57915.0,extension
Grays Harbor,WA,2024,101,45,1,4096576.0,,,0.4689694750362091,,0.6439239705052094,,58451.0,extension
Island,WA,1996,102,25,0,3984016.0,,0.5258989334106445,0.4953145384788513,,0.6168806552886963,0.32224518,51700.0,original
Island,WA,1998,102,26,0,3992004.0,,,,0.5451892614364624,0.5184683799743652,0.42009684,51700.0,original
Island,WA,2000,102,27,0,4000000.0,,0.5522308945655823,0.4738664925098419,0.45970243215560913,0.6489361524581909,0.5405663,51700.0,original
Island,WA,2002,102,28,0,4008004.0,,,,,0.48296475410461426,0.6822817,,original
Island,WA,2004,102,29,0,4016016.0,,0.4579211175441742,0.4797471761703491,0.5163122415542603,0.6937662363052368,0.73914933,,original
Island,WA,2006,102,30,0,4024036.0,,,,0.5565844178199768,0.5202035307884216,0.7867095,,original
Island,WA,2008,102,31,1,4032064.0,,0.5024411082267761,0.5317230820655823,,0.6988970637321472,1.0,,original
Island,WA,2010,102,32,1,4040100.0,,,,0.49740034341812134,0.6056228280067444,1.0,60290.0,original
Island,WA,2012,102,33,1,4048144.0,,0.466695636510849,0.5227953195571899,0.5548085570335388,,,,original
Island,WA,2014,102,34,1,4056196.0,,,,,,,,original
Island,WA,2016,102,35,1,4064256.0,,0.5027331113815308,0.5316423773765564,0.5452641844749451,,,,original
Island,WA,2018,102,36,1,4072324.0,,,,0.5317639708518982,,,,original
Island,WA,2020,102,43,1,4080400.0,,,0.5622317596566524,,0.8438042780916019,,63907.0,extension
Island,WA,2022,102,44,1,4088484.0,,,,0.5512745896868816,0.6612657994563298,,65113.0,extension
Island,WA,2024,102,45,1,4096576.0,,,0.5853209920493652,,0.7924249802179073,,65716.0,extension
Jefferson,WA,1996,103,25,0,3984016.0,,0.5918396711349487,0.6079816222190857,,0.7544806003570557,0.35869947,20535.0,original
Jefferson,WA,1998,103,26,0,3992004.0,,,,0.6190136671066284,0.6539924144744873,0.45147288,20535.0,original
Jefferson,WA,2000,103,27,0,4000000.0,,0.6331160068511963,0.5760294795036316,0.565385103225708,0.7779887914657593,0.5671632,20535.0,original
Jefferson,WA,2002,103,28,0,4008004.0,,,,,0.6439915895462036,0.63385713,,original
Jefferson,WA,2004,103,29,0,4016016.0,,0.5934800505638123,0.6358159780502319,0.6433733701705933,0.8473030924797058,0.7306094,,original
Jefferson,WA,2006,103,30,1,4024036.0,,,,0.6610301733016968,0.7079904079437256,1.0,,original
Jefferson,WA,2008,103,31,1,4032064.0,,0.6361430883407593,0.6767439246177673,,0.8506835103034973,0.99985164,,original
Jefferson,WA,2010,103,32,1,4040100.0,,,,0.629948079586029,0.7187196016311646,0.9998872,24680.0,original
Jefferson,WA,2012,103,33,1,4048144.0,,0.6229407787322998,0.6654304265975952,0.6878223419189453,,,,original
Jefferson,WA,2014,103,34,1,4056196.0,,,,,,,,original
Jefferson,WA,2016,103,35,1,4064256.0,,0.6552718877792358,0.6770448684692383,0.6875060796737671,,,,original
Jefferson,WA,2018,103,36,1,4072324.0,,,,0.6878989934921265,,,,original
Jefferson,WA,2020,103,43,1,4080400.0,,,0.7128237000207168,,0.9476701960934216,,26161.0,extension
Jefferson,WA,2022,103,44,1,4088484.0,,,,0.7076341290475066,0.7953402866361522,,26654.0,extension
Jefferson,WA,2024,103,45,1,4096576.0,,,0.73409578270193,,0.9134232928143936,,26901.0,extension
King,WA,1996,104,25,0,3984016.0,,0.6703198552131653,0.6421908736228943,,0.6311352252960205,0.32205847,1220300.0,original
King,WA,1998,104,26,0,3992004.0,,,,0.6710795164108276,0.5138152837753296,0.44433406,1220300.0,original
King,WA,2000,104,27,0,4000000.0,,0.6761716604232788,0.6357093453407288,0.6001193523406982,0.6548905968666077,0.5013883,1220300.0,original
King,WA,2002,104,28,0,4008004.0,,,,,0.4437645673751831,0.5971172,,original
King,WA,2004,104,29,0,4016016.0,,0.5903136730194092,0.6584572196006775,0.666122317314148,0.7187445759773254,0.62834924,,original
King,WA,2006,104,30,0,4024036.0,,,,0.6877080202102661,0.501994788646698,0.6966133,,original
King,WA,2008,104,31,0,4032064.0,,0.6416319608688354,0.7139521241188049,,0.7255504727363586,0.69664574,,original
King,WA,2010,104,32,1,4040100.0,,,,0.6491736769676208,0.5899198651313782,0.9970175,1299290.0,original
King,WA,2012,104,33,1,4048144.0,,0.6235584616661072,0.7078533172607422,0.7227450013160706,,,,original
King,WA,2014,104,34,1,4056196.0,,,,,,,,original
King,WA,2016,104,35,1,4064256.0,,0.6784960031509399,0.7685374617576599,0.7270057797431946,,,,original
King,WA,2018,104,36,1,4072324.0,,,,0.7414831519126892,,,,original
King,WA,2020,104,43,1,4080400.0,,,0.7712092969093318,,0.8789323919384104,,1377247.0,extension
King,WA,2022,104,44,1,4088484.0,,,,0.752185323043108,0.634920929026042,,1403233.0,extension
King,WA,2024,104,45,1,4096576.0,,,0.7675209877590227,,0.7928685110992172,,1416226.0,extension
Kitsap,WA,1996,105,25,0,3984016.0,,0.5483937859535217,0.5557624697685242,,0.5816716551780701,0.42860204,165490.0,original
Kitsap,WA,1998,105,26,0,3992004.0,,,,0.5862959623336792,0.5152131915092468,0.65039665,165490.0,original
Kitsap,WA,2000,105,27,0,4000000.0,,0.5804518461227417,0.5200302004814148,0.49920031428337097,0.6298567652702332,0.6980189,165490.0,original
Kitsap,WA,2002,105,28,0,4008004.0,,,,,0.47024136781692505,0.7869284,,original
Kitsap,WA,2004,105,29,0,4016016.0,,0.49325063824653625,0.5222844481468201,0.5573701858520508,0.7003218531608582,0.78106713,,original
Kitsap,WA,2006,105,30,1,4024036.0,,,,0.5863751769065857,0.5261698961257935,0.9968487,,original
Kitsap,WA,2008,105,31,1,4032064.0,,0.5073984265327454,0.5628562569618225,,0.7167850732803345,0.9934621,,original
Kitsap,WA,2010,105,32,1,4040100.0,,,,0.5122767686843872,0.5751026272773743,0.9959715,183875.0,original
Kitsap,WA,2012,105,33,1,4048144.0,,0.49719712138175964,0.5600675940513611,0.5895380973815918,,,,original
Kitsap,WA,2014,105,34,1,4056196.0,,,,,,,,original
Kitsap,WA,2016,105,35,1,4064256.0,,0.5262774229049683,0.5630181431770325,0.5673279166221619,,,,original
Kitsap,WA,2018,105,36,1,4072324.0,,,,0.5646623373031616,,,,original
Kitsap,WA,2020,105,43,1,4080400.0,,,0.5945534773445732,,0.814086646007347,,194908.0,extension
Kitsap,WA,2022,105,44,1,4088484.0,,,,0.5763977476782073,0.6211496336581313,,198585.0,extension
Kitsap,WA,2024,105,45,1,4096576.0,,,0.6082513874982595,,0.7778160300163653,,200424.0,extension
Kittitas,WA,1996,106,25,0,3984016.0,,0.5316547155380249,0.5220931172370911,,0.5449957251548767,0.23324439,25480.0,original
Kittitas,WA,1998,106,26,0,3992004.0,,,,0.5085076689720154,0.45218992233276367,0.3107631,25480.0,original
Kittitas,WA,2000,106,27,0,4000000.0,,0.46934598684310913,0.41652193665504456,0.40855348110198975,0.5582025051116943,0.3989313,25480.0,original
Kittitas,WA,2002,106,28,0,4008004.0,,,,,0.3837919235229492,0.4849735,,original
Kittitas,WA,2004,106,29,0,4016016.0,,0.39032629132270813,0.4264715313911438,0.4618946611881256,0.5893038511276245,0.46846735,,original
Kittitas,WA,2006,106,30,0,4024036.0,,,,0.46445852518081665,0.43625566363334656,0.7831065,,original
Kittitas,WA,2008,106,31,1,4032064.0,,0.3943566679954529,0.45883092284202576,,0.6094002723693848,0.9995024,,original
Kittitas,WA,2010,106,32,1,4040100.0,,,,0.3862643837928772,0.4962618350982666,0.9997414,31165.0,original
Kittitas,WA,2012,106,33,1,4048144.0,,0.39896026253700256,0.44831088185310364,0.49220553040504456,,,,original
Kittitas,WA,2014,106,34,1,4056196.0,,,,,,,,original
Kittitas,WA,2016,106,35,1,4064256.0,,0.41750770807266235,0.42577746510505676,0.46177178621292114,,,,original
Kittitas,WA,2018,106,36,1,4072324.0,,,,0.43102556467056274,,,,original
Kittitas,WA,2020,106,43,1,4080400.0,,,0.4474261537256131,,0.7980626608142879,,33035.0,extension
Kittitas,WA,2022,106,44,1,4088484.0,,,,0.4005971874397996,0.6179214451244875,,33658.0,extension
Kittitas,WA,2024,106,45,1,4096576.0,,,0.4246709880180711,,0.774477480129526,,33970.0,extension
Klickitat,WA,1996,107,25,0,3984016.0,,0.49203774333000183,0.5469707250595093,,0.5601601600646973,0.2772651,13390.0,original
Klickitat,WA,1998,107,26,0,3992004.0,,,,0.4624662697315216,0.4924730360507965,0.3077162,13390.0,original
Klickitat,WA,2000,107,27,0,4000000.0,,0.5522850751876831,0.40189000964164734,0.4160517752170563,0.6165048480033875,0.24615385,13390.0,original
Klickitat,WA,2002,107,28,0,4008004.0,,,,,0.4738301634788513,0.33718422,,original
Klickitat,WA,2004,107,29,0,4016016.0,,0.45118582248687744,0.4458683133125305,0.47583305835723877,0.6643485426902771,0.42700613,,original
Klickitat,WA,2006,107,30,0,4024036.0,,,,0.516247034072876,0.5269024968147278,0.76268715,,original
Klickitat,WA,2008,107,31,1,4032064.0,,0.4541633427143097,0.5010596513748169,,0.7060739398002625,1.0,,original
Klickitat,WA,2010,107,32,1,4040100.0,,,,0.4288681149482727,0.6033197641372681,1.0,14760.0,original
Klickitat,WA,2012,107,33,1,4048144.0,,0.4406746029853821,0.46378856897354126,0.5061850547790527,,,,original
Klickitat,WA,2014,107,34,1,4056196.0,,,,,,,,original
Klickitat,WA,2016,107,35,1,4064256.0,,0.41913333535194397,0.4201141893863678,0.47359660267829895,,,,original
Klickitat,WA,2018,107,36,1,4072324.0,,,,0.4584153890609741,,,,original
Klickitat,WA,2020,107,43,1,4080400.0,,,0.4515762352227948,,0.8666751885465934,,15646.0,extension
Klickitat,WA,2022,107,44,1,4088484.0,,,,0.4195156072396607,0.7185872906342137,,15941.0,extension
Klickitat,WA,2024,107,45,1,4096576.0,,,0.4518518518518518,,0.8408130283441074,,16088.0,extension
Lewis,WA,1996,108,25,0,3984016.0,,0.4215264916419983,0.4383300244808197,,0.6009316444396973,0.31268194,48915.0,original
Lewis,WA,1998,108,26,0,3992004.0,,,,0.4059898257255554,0.5264468193054199,0.46654505,48915.0,original
Lewis,WA,2000,108,27,0,4000000.0,,0.4330790340900421,0.34758925437927246,0.3076147139072418,0.6254932284355164,0.62125766,48915.0,original
Lewis,WA,2002,108,28,0,4008004.0,,,,,0.47908151149749756,0.6853369,,original
Lewis,WA,2004,108,29,0,4016016.0,,0.3295067250728607,0.3376353681087494,0.3729594051837921,0.6465533375740051,0.9882846,,original
Lewis,WA,2006,108,30,1,4024036.0,,,,0.40540650486946106,0.49348166584968567,0.9995712,,original
Lewis,WA,2008,108,31,1,4032064.0,,0.3546924591064453,0.4018642008304596,,0.6645738482475281,0.9999716,,original
Lewis,WA,2010,108,32,1,4040100.0,,,,0.3371328115463257,0.5744011998176575,1.0,54690.0,original
Lewis,WA,2012,108,33,1,4048144.0,,0.3503410518169403,0.3824133276939392,0.4301155209541321,,,,original
Lewis,WA,2014,108,34,1,4056196.0,,,,,,,,original
Lewis,WA,2016,108,35,1,4064256.0,,0.3216817378997803,0.30506226420402527,0.3835766911506653,,,,original
Lewis,WA,2018,108,36,1,4072324.0,,,,0.3270644545555115,,,,original
Lewis,WA,2020,108,43,1,4080400.0,,,0.3306688529070165,,0.7815804453951114,,57971.0,extension
Lewis,WA,2022,108,44,1,4088484.0,,,,0.3135840966673163,0.6093625666638449,,59065.0,extension
Lewis,WA,2024,108,45,1,4096576.0,,,0.3298594446348988,,0.7567603838153392,,59612.0,extension
Lincoln,WA,1996,109,25,0,3984016.0,,0.38924428820610046,0.4111085832118988,,0.6885566115379333,0.17008513,7590.0,original
Lincoln,WA,1998,109,26,0,3992004.0,,,,0.46366938948631287,0.6152804493904114,0.20628768,7590.0,original
Lincoln,WA,2000,109,27,0,4000000.0,,0.4110913872718811,0.2855128049850464,0.27055129408836365,0.7063241004943848,0.27159113,7590.0,original
Lincoln,WA,2002,109,28,0,4008004.0,,,,,0.5750618577003479,0.22055137,,original
Lincoln,WA,2004,109,29,0,4016016.0,,0.33417630195617676,0.2981996238231659,0.34564411640167236,0.768785297870636,0.25627118,,original
Lincoln,WA,2006,109,30,1,4024036.0,,,,0.41132158041000366,0.6347300410270691,0.99897915,,original
Lincoln,WA,2008,109,31,1,4032064.0,,0.34662163257598877,0.3482433557510376,,0.7807819247245789,1.0,,original
Lincoln,WA,2010,109,32,1,4040100.0,,,,0.3123359680175781,0.6928660869598389,1.0,7990.0,original
Lincoln,WA,2012,109,33,1,4048144.0,,0.2956581711769104,0.2916666567325592,0.3711925745010376,,,,original
Lincoln,WA,2014,109,34,1,4056196.0,,,,,,,,original
Lincoln,WA,2016,109,35,1,4064256.0,,0.279778391122818,0.23243647813796997,0.3361591696739197,,,,original
Lincoln,WA,2018,109,36,1,4072324.0,,,,0.28755825757980347,,,,original
Lincoln,WA,2020,109,43,1,4080400.0,,,0.2495993005974063,,0.8304404298028103,,8469.0,extension
Lincoln,WA,2022,109,44,1,4088484.0,,,,0.2317967095618179,0.7131764978560667,,8629.0,extension
Lincoln,WA,2024,109,45,1,4096576.0,,,0.2414388489208633,,0.8160523596279711,,8709.0,extension
Mason,WA,1996,110,25,0,3984016.0,,0.5530214905738831,0.5852526426315308,,0.6210514307022095,0.31488296,36865.0,original
Mason,WA,1998,110,26,0,3992004.0,,,,0.5931617617607117,0.5330776572227478,0.44754505,36865.0,original
Mason,WA,2000,110,27,0,4000000.0,,0.5652992129325867,0.5146453380584717,0.4801271855831146,0.6218093037605286,0.5475287,36865.0,original
Mason,WA,2002,110,28,0,4008004.0,,,,,0.451222687959671,0.6031415,,original
Mason,WA,2004,110,29,0,4016016.0,,0.48515379428863525,0.5182267427444458,0.5482810735702515,0.6523810029029846,0.5899222,,original
Mason,WA,2006,110,30,1,4024036.0,,,,0.5734999775886536,0.524765133857727,1.0,,original
Mason,WA,2008,110,31,1,4032064.0,,0.4957508146762848,0.5443037748336792,,0.677647590637207,0.9998258,,original
Mason,WA,2010,110,32,1,4040100.0,,,,0.48970726132392883,0.5615819096565247,0.99984217,45135.0,original
Mason,WA,2012,110,33,1,4048144.0,,0.47251012921333313,0.5363851189613342,0.5746546387672424,,,,original
Mason,WA,2014,110,34,1,4056196.0,,,,,,,,original
Mason,WA,2016,110,35,1,4064256.0,,0.460706889629364,0.46719905734062195,0.5205258727073669,,,,original
Mason,WA,2018,110,36,1,4072324.0,,,,0.4783615469932556,,,,original
Mason,WA,2020,110,43,1,4080400.0,,,0.4799744295283359,,0.7796960892920595,,47843.0,extension
Mason,WA,2022,110,44,1,4088484.0,,,,0.4687808363673483,0.6046649981536947,,48746.0,extension
Mason,WA,2024,110,45,1,4096576.0,,,0.4870975043857167,,0.741955810313637,,49197.0,extension
Okanogan,WA,1996,111,25,0,3984016.0,,0.42363202571868896,0.44953271746635437,,0.5229306221008301,0.27293837,26180.0,original
Okanogan,WA,1998,111,26,0,3992004.0,,,,0.450449675321579,0.46222177147865295,0.34741864,26180.0,original
Okanogan,WA,2000,111,27,0,4000000.0,,0.396616131067276,0.31598514318466187,0.29826775193214417,0.5754774808883667,0.41882384,26180.0,original
Okanogan,WA,2002,111,28,0,4008004.0,,,,,0.45218828320503235,0.4155194,,original
Okanogan,WA,2004,111,29,1,4016016.0,,0.3923042416572571,0.39567261934280396,0.42554834485054016,0.6192205548286438,1.0,,original
Okanogan,WA,2006,111,30,1,4024036.0,,,,0.4712003767490387,0.485870361328125,0.99636173,,original
Okanogan,WA,2008,111,31,1,4032064.0,,0.3927014172077179,0.46389615535736084,,0.6235584616661072,1.0,,original
Okanogan,WA,2010,111,32,1,4040100.0,,,,0.39366424083709717,0.5306172966957092,1.0,28350.0,original
Okanogan,WA,2012,111,33,1,4048144.0,,0.40550756454467773,0.4352991580963135,0.4783731698989868,,,,original
Okanogan,WA,2014,111,34,1,4056196.0,,,,,,,,original
Okanogan,WA,2016,111,35,1,4064256.0,,0.43160581588745117,0.3959014415740967,0.46913936734199524,,,,original
Okanogan,WA,2018,111,36,1,4072324.0,,,,0.4344247579574585,,,,original
Okanogan,WA,2020,111,43,1,4080400.0,,,0.4291224686595949,,0.7081960666866327,,30051.0,extension
Okanogan,WA,2022,111,44,1,4088484.0,,,,0.4009656004828002,0.5422953818015547,,30618.0,extension
Okanogan,WA,2024,111,45,1,4096576.0,,,0.4228560011987413,,0.6671736457187237,,30902.0,extension
Pacific,WA,1996,112,25,0,3984016.0,,0.6285430788993835,0.6622903943061829,,0.5983359813690186,0.24077441,15945.0,original
Pacific,WA,1998,112,26,0,3992004.0,,,,0.6343217492103577,0.5136522054672241,0.3438579,15945.0,original
Pacific,WA,2000,112,27,0,4000000.0,,0.6023793816566467,0.5477229356765747,0.481933057308197,0.6088429093360901,0.4185208,15945.0,original
Pacific,WA,2002,112,28,0,4008004.0,,,,,0.48314186930656433,0.49145353,,original
Pacific,WA,2004,112,29,0,4016016.0,,0.5241448879241943,0.5458643436431885,0.5850585103034973,0.6529972553253174,0.5305527,,original
Pacific,WA,2006,112,30,1,4024036.0,,,,0.6150463223457336,0.5394824743270874,0.99842006,,original
Pacific,WA,2008,112,31,1,4032064.0,,0.5228128433227539,0.572260320186615,,0.6719927787780762,0.9973082,,original
Pacific,WA,2010,112,32,1,4040100.0,,,,0.5311083793640137,0.6056432127952576,1.0,16480.0,original
Pacific,WA,2012,112,33,1,4048144.0,,0.517261266708374,0.5593535900115967,0.6085659265518188,,,,original
Pacific,WA,2014,112,34,1,4056196.0,,,,,,,,original
Pacific,WA,2016,112,35,1,4064256.0,,0.49464666843414307,0.46292585134506226,0.5525534152984619,,,,original
Pacific,WA,2018,112,36,1,4072324.0,,,,0.5089787244796753,,,,original
Pacific,WA,2020,112,43,1,4080400.0,,,0.4942169200552848,,0.8050832904001374,,17469.0,extension
Pacific,WA,2022,112,44,1,4088484.0,,,,0.4846321800470272,0.671030452859872,,17798.0,extension
Pacific,WA,2024,112,45,1,4096576.0,,,0.493314058547163,,0.7892890942492902,,17963.0,extension
Pend Oreille,WA,1996,113,25,0,3984016.0,,0.46939191222190857,0.5137747526168823,,0.6307321190834045,0.4617352,8550.0,original
Pend Oreille,WA,1998,113,26,0,3992004.0,,,,0.516846776008606,0.5871554613113403,0.51538146,8550.0,original
Pend Oreille,WA,2000,113,27,0,4000000.0,,0.5029744505882263,0.39077043533325195,0.3819923400878906,0.6411696076393127,0.20466983,8550.0,original
Pend Oreille,WA,2002,113,28,0,4008004.0,,,,,0.5422056317329407,0.19459006,,original
Pend Oreille,WA,2004,113,29,1,4016016.0,,0.43251895904541016,0.3848075866699219,0.45474427938461304,0.6932775974273682,0.99904275,,original
Pend Oreille,WA,2006,113,30,1,4024036.0,,,,0.4778003990650177,0.5703876614570618,1.0,,original
Pend Oreille,WA,2008,113,31,1,4032064.0,,0.3965756595134735,0.4080267548561096,,0.6978435516357422,1.0,,original
Pend Oreille,WA,2010,113,32,1,4040100.0,,,,0.3756072223186493,0.6083037853240967,0.9998335,9875.0,original
Pend Oreille,WA,2012,113,33,1,4048144.0,,0.3705614507198334,0.38823530077934265,0.4320373833179474,,,,original
Pend Oreille,WA,2014,113,34,1,4056196.0,,,,,,,,original
Pend Oreille,WA,2016,113,35,1,4064256.0,,0.36606624722480774,0.30664342641830444,0.40404775738716125,,,,original
Pend Oreille,WA,2018,113,36,1,4072324.0,,,,0.361289381980896,,,,original
Pend Oreille,WA,2020,113,43,1,4080400.0,,,0.3116211993750751,,0.8170615208253725,,10468.0,extension
Pend Oreille,WA,2022,113,44,1,4088484.0,,,,0.3001033820705951,0.6363806844819503,,10665.0,extension
Pend Oreille,WA,2024,113,45,1,4096576.0,,,0.2969711596476408,,0.7893905611296915,,10764.0,extension
Pierce,WA,1996,114,25,0,3984016.0,,0.5542768239974976,0.5751660466194153,,0.5268588662147522,0.5998659,487010.0,original
Pierce,WA,1998,114,26,0,3992004.0,,,,0.5853480696678162,0.4427737891674042,0.72033536,487010.0,original
Pierce,WA,2000,114,27,0,4000000.0,,0.5664235949516296,0.5386044979095459,0.4960554540157318,0.5562472939491272,0.73464185,487010.0,original
Pierce,WA,2002,114,28,0,4008004.0,,,,,0.38452377915382385,0.8159328,,original
Pierce,WA,2004,114,29,0,4016016.0,,0.4794386327266693,0.5120512247085571,0.5516355037689209,0.6150251626968384,0.8029822,,original
Pierce,WA,2006,114,30,0,4024036.0,,,,0.5764179825782776,0.4088899493217468,0.8375659,,original
Pierce,WA,2008,114,31,0,4032064.0,,0.5110439658164978,0.5620577335357666,,0.6137811541557312,0.8305544,,original
Pierce,WA,2010,114,32,0,4040100.0,,,,0.49793779850006104,0.49116986989974976,0.8937587,554975.0,original
Pierce,WA,2012,114,33,1,4048144.0,,0.48541632294654846,0.5566785931587219,0.597625195980072,,,,original
Pierce,WA,2014,114,34,1,4056196.0,,,,,,,,original
Pierce,WA,2016,114,35,1,4064256.0,,0.5007618069648743,0.5402584075927734,0.5544451475143433,,,,original
Pierce,WA,2018,114,36,1,4072324.0,,,,0.5335913896560669,,,,original
Pierce,WA,2020,114,43,1,4080400.0,,,0.557884427908308,,0.7888857913149315,,588274.0,extension
Pierce,WA,2022,114,44,1,4088484.0,,,,0.5284061599722469,0.5546696297631024,,599373.0,extension
Pierce,WA,2024,114,45,1,4096576.0,,,0.5554783956084968,,0.721885264736173,,604923.0,extension
San Juan,WA,1996,115,25,0,3984016.0,,0.6319357752799988,0.5921435356140137,,0.7084092497825623,0.41052207,11060.0,original
San Juan,WA,1998,115,26,0,3992004.0,,,,0.6419239044189453,0.6575995087623596,0.52455544,11060.0,original
San Juan,WA,2000,115,27,0,4000000.0,,0.6673689484596252,0.5956129431724548,0.5844765901565552,0.7662748694419861,0.56471974,11060.0,original
San Juan,WA,2002,115,28,0,4008004.0,,,,,0.6226836442947388,0.5952718,,original
San Juan,WA,2004,115,29,0,4016016.0,,0.616030216217041,0.6669703125953674,0.6683438420295715,0.8723963499069214,0.6352883,,original
San Juan,WA,2006,115,30,1,4024036.0,,,,0.6819113492965698,0.6970341801643372,0.9985549,,original
San Juan,WA,2008,115,31,1,4032064.0,,0.677307665348053,0.7137050032615662,,0.8718801736831665,0.99981195,,original
San Juan,WA,2010,115,32,1,4040100.0,,,,0.6523726582527161,0.753271758556366,0.9996802,12455.0,original
San Juan,WA,2012,115,33,1,4048144.0,,0.6481694579124451,0.6960726976394653,0.7037143111228943,,,,original
San Juan,WA,2014,115,34,1,4056196.0,,,,,,,,original
San Juan,WA,2016,115,35,1,4064256.0,,0.6911182403564453,0.7273833751678467,0.715900719165802,,,,original
San Juan,WA,2018,115,36,1,4072324.0,,,,0.7259554266929626,,,,original
San Juan,WA,2020,115,43,1,4080400.0,,,0.7608355499921765,,0.9996212695046204,,13202.0,extension
San Juan,WA,2022,115,44,1,4088484.0,,,,0.729861172517464,0.8420191807300572,,13451.0,extension
San Juan,WA,2024,115,45,1,4096576.0,,,0.7674792823235981,,0.953078962875663,,13576.0,extension
Skagit,WA,1996,116,25,0,3984016.0,,0.5280954241752625,0.5273550152778625,,0.6257066130638123,0.24777175,71125.0,original
Skagit,WA,1998,116,26,0,3992004.0,,,,0.5486316084861755,0.5162172913551331,0.331546,71125.0,original
Skagit,WA,2000,116,27,0,4000000.0,,0.5475430488586426,0.47968071699142456,0.44941040873527527,0.6444288492202759,0.5100687,71125.0,original
Skagit,WA,2002,116,28,0,4008004.0,,,,,0.4598332941532135,0.52222323,,original
Skagit,WA,2004,116,29,0,4016016.0,,0.4606788456439972,0.4901697039604187,0.517792820930481,0.6993093490600586,0.5791291,,original
Skagit,WA,2006,116,30,1,4024036.0,,,,0.5443006157875061,0.5373840928077698,1.0,,original
Skagit,WA,2008,116,31,1,4032064.0,,0.50333571434021,0.5490134954452515,,0.7113728523254395,1.0,,original
Skagit,WA,2010,116,32,1,4040100.0,,,,0.48551177978515625,0.6072558164596558,1.0,80625.0,original
Skagit,WA,2012,116,33,1,4048144.0,,0.4732539653778076,0.5336408615112305,0.5617493391036987,,,,original
Skagit,WA,2014,116,34,1,4056196.0,,,,,,,,original
Skagit,WA,2016,116,35,1,4064256.0,,0.4962438941001892,0.5189981460571289,0.5347372889518738,,,,original
Skagit,WA,2018,116,36,1,4072324.0,,,,0.5148663520812988,,,,original
Skagit,WA,2020,116,43,1,4080400.0,,,0.5386543498465092,,0.8591303737333552,,85462.0,extension
Skagit,WA,2022,116,44,1,4088484.0,,,,0.5169458649268207,0.6528739592305484,,87075.0,extension
Skagit,WA,2024,116,45,1,4096576.0,,,0.545709602634338,,0.7946768926161514,,87881.0,extension
Skamania,WA,1996,117,25,0,3984016.0,,0.520380437374115,0.5541626214981079,,0.5814058780670166,0.56838274,7075.0,original
Skamania,WA,1998,117,26,0,3992004.0,,,,0.48002421855926514,0.49510592222213745,0.62142223,7075.0,original
Skamania,WA,2000,117,27,0,4000000.0,,0.5646687746047974,0.4490266442298889,0.44608989357948303,0.6117314696311951,0.6640481,7075.0,original
Skamania,WA,2002,117,28,0,4008004.0,,,,,0.48336756229400635,0.55083543,,original
Skamania,WA,2004,117,29,1,4016016.0,,0.469314843416214,0.46833693981170654,0.5242598652839661,0.6891838312149048,1.0,,original
Skamania,WA,2006,117,30,1,4024036.0,,,,0.5511363744735718,0.5357372760772705,0.99735576,,original
Skamania,WA,2008,117,31,1,4032064.0,,0.4768458306789398,0.5274293422698975,,0.6963102221488953,0.99964076,,original
Skamania,WA,2010,117,32,1,4040100.0,,,,0.46724024415016174,0.5655757784843445,0.9995714,8250.0,original
Skamania,WA,2012,117,33,1,4048144.0,,0.45915865898132324,0.4944496750831604,0.5313382148742676,,,,original
Skamania,WA,2014,117,34,1,4056196.0,,,,,,,,original
Skamania,WA,2016,117,35,1,4064256.0,,0.44452422857284546,0.43255814909935,0.47718799114227295,,,,original
Skamania,WA,2018,117,36,1,4072324.0,,,,0.4770691394805908,,,,original
Skamania,WA,2020,117,43,1,4080400.0,,,0.4510385756676557,,0.8361349342481418,,8745.0,extension
Skamania,WA,2022,117,44,1,4088484.0,,,,0.4212895963981347,0.6988776655443322,,8910.0,extension
Skamania,WA,2024,117,45,1,4096576.0,,,0.4427405740011255,,0.8133896797153025,,8992.0,extension
Snohomish,WA,1996,118,25,0,3984016.0,,0.5740016102790833,0.572422206401825,,0.5751789808273315,0.30724004,414150.0,original
Snohomish,WA,1998,118,26,0,3992004.0,,,,0.5814625024795532,0.46991613507270813,0.42523912,414150.0,original
Snohomish,WA,2000,118,27,0,4000000.0,,0.5799444317817688,0.541795015335083,0.5077789425849915,0.6119111180305481,0.5037506,414150.0,original
Snohomish,WA,2002,118,28,0,4008004.0,,,,,0.4254470467567444,0.6435234,,original
Snohomish,WA,2004,118,29,0,4016016.0,,0.48869624733924866,0.5380882620811462,0.5620488524436951,0.6799494028091431,0.6761938,,original
Snohomish,WA,2006,118,30,1,4024036.0,,,,0.5903717875480652,0.46427541971206665,0.99360365,,original
Snohomish,WA,2008,118,31,1,4032064.0,,0.5267345309257507,0.5964472889900208,,0.7047454714775085,0.9795422,,original
Snohomish,WA,2010,118,32,1,4040100.0,,,,0.5185620188713074,0.5657177567481995,0.99610215,478440.0,original
Snohomish,WA,2012,118,33,1,4048144.0,,0.5123302340507507,0.586305558681488,0.6049880385398865,,,,original
Snohomish,WA,2014,118,34,1,4056196.0,,,,,,,,original
Snohomish,WA,2016,118,35,1,4064256.0,,0.5225785374641418,0.590869665145874,0.5765047073364258,,,,original
Snohomish,WA,2018,118,36,1,4072324.0,,,,0.5739468336105347,,,,original
Snohomish,WA,2020,118,43,1,4080400.0,,,0.6066982389473385,,0.86522618733067,,507146.0,extension
Snohomish,WA,2022,118,44,1,4088484.0,,,,0.5767600986962463,0.6205219511723097,,516715.0,extension
Snohomish,WA,2024,118,45,1,4096576.0,,,0.5980496674720402,,0.7964084372003835,,521500.0,extension
Spokane,WA,1996,119,25,0,3984016.0,,0.5329928398132324,0.5184272527694702,,0.5660613179206848,0.17901966,302910.0,original
Spokane,WA,1998,119,26,0,3992004.0,,,,0.5358433723449707,0.4388040006160736,0.22830215,302910.0,original
Spokane,WA,2000,119,27,0,4000000.0,,0.5875280499458313,0.4551716446876526,0.43998733162879944,0.5778647065162659,0.31173268,302910.0,original
Spokane,WA,2002,119,28,0,4008004.0,,,,,0.4277240037918091,0.58282334,,original
Spokane,WA,2004,119,29,0,4016016.0,,0.4617592394351959,0.43943625688552856,0.4819730818271637,0.6406428217887878,0.64335954,,original
Spokane,WA,2006,119,30,1,4024036.0,,,,0.5170095562934875,0.482736200094223,0.98971623,,original
Spokane,WA,2008,119,31,1,4032064.0,,0.48109838366508484,0.49409621953964233,,0.6658564209938049,0.9996939,,original
Spokane,WA,2010,119,32,1,4040100.0,,,,0.43731313943862915,0.5444951057434082,0.9999195,342060.0,original
Spokane,WA,2012,119,33,1,4048144.0,,0.43491387367248535,0.4701489210128784,0.4992309510707855,,,,original
Spokane,WA,2014,119,34,1,4056196.0,,,,,,,,original
Spokane,WA,2016,119,35,1,4064256.0,,0.4597393572330475,0.4525390565395355,0.49246472120285034,,,,original
Spokane,WA,2018,119,36,1,4072324.0,,,,0.4922903776168823,,,,original
Spokane,WA,2020,119,43,1,4080400.0,,,0.4774724714339473,,0.8147905037177592,,362584.0,extension
Spokane,WA,2022,119,44,1,4088484.0,,,,0.4555606817194963,0.5996643432361102,,369425.0,extension
Spokane,WA,2024,119,45,1,4096576.0,,,0.4743671813121833,,0.7642800627606646,,372845.0,extension
Stevens,WA,1996,120,25,0,3984016.0,,0.4061588943004608,0.42630577087402344,,0.6272559762001038,0.20448658,28190.0,original
Stevens,WA,1998,120,26,0,3992004.0,,,,0.42681390047073364,0.5030156970024109,0.24956834,28190.0,original
Stevens,WA,2000,120,27,0,4000000.0,,0.4293230175971985,0.32979416847229004,0.335165798664093,0.651862382888794,0.3446343,28190.0,original
Stevens,WA,2002,120,28,0,4008004.0,,,,,0.5094155669212341,0.41860148,,original
Stevens,WA,2004,120,29,0,4016016.0,,0.36252397298812866,0.3439027965068817,0.394976943731308,0.7031964063644409,0.5143647,,original
Stevens,WA,2006,120,30,1,4024036.0,,,,0.4288672208786011,0.5821500420570374,0.99982744,,original
Stevens,WA,2008,120,31,1,4032064.0,,0.3502185642719269,0.39290833473205566,,0.7481424808502197,0.9981104,,original
Stevens,WA,2010,120,32,1,4040100.0,,,,0.32788485288619995,0.6269620656967163,0.9994027,32045.0,original
Stevens,WA,2012,120,33,1,4048144.0,,0.3378525972366333,0.3618142008781433,0.3921400010585785,,,,original
Stevens,WA,2014,120,34,1,4056196.0,,,,,,,,original
Stevens,WA,2016,120,35,1,4064256.0,,0.3107961118221283,0.2755638360977173,0.3546562194824219,,,,original
Stevens,WA,2018,120,36,1,4072324.0,,,,0.3222862184047699,,,,original
Stevens,WA,2020,120,43,1,4080400.0,,,0.2835389011465982,,0.8369642016015073,,33968.0,extension
Stevens,WA,2022,120,44,1,4088484.0,,,,0.2654747333449904,0.6622265884596492,,34609.0,extension
Stevens,WA,2024,120,45,1,4096576.0,,,0.2735604483879212,,0.804345958945289,,34929.0,extension
Thurston,WA,1996,121,25,0,3984016.0,,0.6109826564788818,0.6040845513343811,,0.643705427646637,0.5394169,149950.0,original
Thurston,WA,1998,121,26,0,3992004.0,,,,0.621442973613739,0.550898015499115,0.70229286,149950.0,original
Thurston,WA,2000,121,27,0,4000000.0,,0.6246355175971985,0.5583188533782959,0.5409266352653503,0.6578459739685059,0.70260733,149950.0,original
Thurston,WA,2002,121,28,0,4008004.0,,,,,0.4730575382709503,0.7773054,,original
Thurston,WA,2004,121,29,0,4016016.0,,0.5440237522125244,0.566240668296814,0.5878958106040955,0.7023254632949829,0.73910487,,original
Thurston,WA,2006,121,30,1,4024036.0,,,,0.6174761652946472,0.5045362710952759,0.9991413,,original
Thurston,WA,2008,121,31,1,4032064.0,,0.5787528157234192,0.6107301712036133,,0.7328261733055115,0.99966407,,original
Thurston,WA,2010,121,32,1,4040100.0,,,,0.5616211295127869,0.5943907499313354,0.9991616,180595.0,original
Thurston,WA,2012,121,33,1,4048144.0,,0.5375296473503113,0.6003454327583313,0.6281610727310181,,,,original
Thurston,WA,2014,121,34,1,4056196.0,,,,,,,,original
Thurston,WA,2016,121,35,1,4064256.0,,0.5489915609359741,0.5859038233757019,0.5976250171661377,,,,original
Thurston,WA,2018,121,36,1,4072324.0,,,,0.5854014158248901,,,,original
Thurston,WA,2020,121,43,1,4080400.0,,,0.5967693115483214,,0.8783007976764474,,191431.0,extension
Thurston,WA,2022,121,44,1,4088484.0,,,,0.5819782281983794,0.6465548622611424,,195043.0,extension
Thurston,WA,2024,121,45,1,4096576.0,,,0.6056728608059767,,0.831281845475466,,196849.0,extension
Wahkiakum,WA,1996,122,25,0,3984016.0,,0.5646599531173706,0.598833441734314,,0.6570087671279907,0.4970541,2915.0,original
Wahkiakum,WA,1998,122,26,0,3992004.0,,,,0.5327957272529602,0.6628836393356323,0.5859539,2915.0,original
Wahkiakum,WA,2000,122,27,0,4000000.0,,0.5908607840538025,0.4373638331890106,0.4081414043903351,0.6905660629272461,0.6666667,2915.0,original
Wahkiakum,WA,2002,122,28,0,4008004.0,,,,,0.6409937739372253,0.71088797,,original
Wahkiakum,WA,2004,122,29,0,4016016.0,,0.47466540336608887,0.4657846689224243,0.51615971326828,0.754601240158081,0.7383592,,original
Wahkiakum,WA,2006,122,30,1,4024036.0,,,,0.5794606804847717,0.6185123920440674,1.0,,original
Wahkiakum,WA,2008,122,31,1,4032064.0,,0.4192139804363251,0.5035938620567322,,0.7652694582939148,0.9995732,,original
Wahkiakum,WA,2010,122,32,1,4040100.0,,,,0.4514060318470001,0.6750402450561523,1.0,3105.0,original
Wahkiakum,WA,2012,122,33,1,4048144.0,,0.428254097700119,0.4943515658378601,0.553200900554657,,,,original
Wahkiakum,WA,2014,122,34,1,4056196.0,,,,,,,,original
Wahkiakum,WA,2016,122,35,1,4064256.0,,0.3997451066970825,0.38235294818878174,0.48124468326568604,,,,original
Wahkiakum,WA,2018,122,36,1,4072324.0,,,,0.4465538561344147,,,,original
Wahkiakum,WA,2020,122,43,1,4080400.0,,,0.4008947006194081,,0.9058037070799148,,3291.0,extension
Wahkiakum,WA,2022,122,44,1,4088484.0,,,,0.3936669272869429,0.7649865791828213,,3353.0,extension
Wahkiakum,WA,2024,122,45,1,4096576.0,,,0.4066193853427896,,0.9021867612293144,,3384.0,extension
Walla Walla,WA,1996,123,25,0,3984016.0,,0.5010578632354736,0.46942707896232605,,0.5209234952926636,0.27620247,38895.0,original
Walla Walla,WA,1998,123,26,0,3992004.0,,,,0.4747996926307678,0.41446566581726074,0.37051195,38895.0,original
Walla Walla,WA,2000,123,27,0,4000000.0,,0.5224224925041199,0.35077103972435,0.348895400762558,0.556421160697937,0.47010443,38895.0,original
Walla Walla,WA,2002,123,28,0,4008004.0,,,,,0.3929744064807892,0.54067886,,original
Walla Walla,WA,2004,123,29,0,4016016.0,,0.35913535952568054,0.3656775951385498,0.44888588786125183,0.5864902138710022,0.6553354,,original
Walla Walla,WA,2006,123,30,1,4024036.0,,,,0.4829927980899811,0.4568076729774475,1.0,,original
Walla Walla,WA,2008,123,31,1,4032064.0,,0.3832206130027771,0.415488600730896,,0.6195031404495239,0.9998803,,original
Walla Walla,WA,2010,123,32,1,4040100.0,,,,0.3883771598339081,0.5338111519813538,0.9999537,40460.0,original
Walla Walla,WA,2012,123,33,1,4048144.0,,0.38034239411354065,0.400065541267395,0.46448683738708496,,,,original
Walla Walla,WA,2014,123,34,1,4056196.0,,,,,,,,original
Walla Walla,WA,2016,123,35,1,4064256.0,,0.41840922832489014,0.4152495265007019,0.4936753213405609,,,,original
Walla Walla,WA,2018,123,36,1,4072324.0,,,,0.46348610520362854,,,,original
Walla Walla,WA,2020,123,43,1,4080400.0,,,0.4549684280491858,,0.7288985263943294,,42888.0,extension
Walla Walla,WA,2022,123,44,1,4088484.0,,,,0.4143039907556436,0.5551868549328329,,43697.0,extension
Walla Walla,WA,2024,123,45,1,4096576.0,,,0.4585403400741725,,0.6660393188363075,,44101.0,extension
Whatcom,WA,1996,124,25,0,3984016.0,,0.5402050018310547,0.5170825123786926,,0.6042795181274414,0.3754388,118550.0,original
Whatcom,WA,1998,124,26,0,3992004.0,,,,0.5540525913238525,0.503054678440094,0.505395,118550.0,original
Whatcom,WA,2000,124,27,0,4000000.0,,0.5945007801055908,0.4981411099433899,0.4795830249786377,0.629869282245636,0.56908303,118550.0,original
Whatcom,WA,2002,124,28,0,4008004.0,,,,,0.4454697370529175,0.65312535,,original
Whatcom,WA,2004,124,29,0,4016016.0,,0.5120364427566528,0.5450069904327393,0.5583064556121826,0.7112011909484863,0.7285472,,original
Whatcom,WA,2006,124,30,1,4024036.0,,,,0.5748428106307983,0.5217735767364502,0.99932647,,original
Whatcom,WA,2008,124,31,1,4032064.0,,0.5467326641082764,0.5915827751159668,,0.7305228114128113,0.99996054,,original
Whatcom,WA,2010,124,32,1,4040100.0,,,,0.5248705148696899,0.6018819212913513,0.9999885,144535.0,original
Whatcom,WA,2012,124,33,1,4048144.0,,0.5310038924217224,0.5720798969268799,0.5948826670646667,,,,original
Whatcom,WA,2014,124,34,1,4056196.0,,,,,,,,original
Whatcom,WA,2016,124,35,1,4064256.0,,0.566377580165863,0.5977867841720581,0.5943803191184998,,,,original
Whatcom,WA,2018,124,36,1,4072324.0,,,,0.5976898670196533,,,,original
Whatcom,WA,2020,124,43,1,4080400.0,,,0.6236349134171705,,0.904788945674806,,153207.0,extension
Whatcom,WA,2022,124,44,1,4088484.0,,,,0.5942083828882402,0.7121808094914733,,156098.0,extension
Whatcom,WA,2024,124,45,1,4096576.0,,,0.6286035560117125,,0.8696419390261706,,157543.0,extension
Whitman,WA,1996,125,25,0,3984016.0,,0.5560290217399597,0.5188625454902649,,0.5270634889602661,0.15588199,31340.0,original
Whitman,WA,1998,125,26,0,3992004.0,,,,0.5440784096717834,0.42423775792121887,0.19077696,31340.0,original
Whitman,WA,2000,125,27,0,4000000.0,,0.5771740078926086,0.4196106195449829,0.4124833941459656,0.5235481858253479,0.2780351,31340.0,original
Whitman,WA,2002,125,28,0,4008004.0,,,,,0.3447781503200531,0.29347727,,original
Whitman,WA,2004,125,29,0,4016016.0,,0.4519225060939789,0.46861571073532104,0.4732655882835388,0.5650959610939026,0.3445536,,original
Whitman,WA,2006,125,30,1,4024036.0,,,,0.5123604536056519,0.4074203372001648,0.98675644,,original
Whitman,WA,2008,125,31,1,4032064.0,,0.4845587909221649,0.5281239151954651,,0.5435124635696411,1.0,,original
Whitman,WA,2010,125,32,1,4040100.0,,,,0.43040239810943604,0.40130698680877686,1.0,34430.0,original
Whitman,WA,2012,125,33,1,4048144.0,,0.438289999961853,0.4857954680919647,0.49765536189079285,,,,original
Whitman,WA,2014,125,34,1,4056196.0,,,,,,,,original
Whitman,WA,2016,125,35,1,4064256.0,,0.4953175485134125,0.5238922238349915,0.542323648929596,,,,original
Whitman,WA,2018,125,36,1,4072324.0,,,,0.54347825050354,,,,original
Whitman,WA,2020,125,43,1,4080400.0,,,0.5522690237519134,,0.5788579570363875,,36496.0,extension
Whitman,WA,2022,125,44,1,4088484.0,,,,0.4992343032159265,0.4224128657487091,,37184.0,extension
Whitman,WA,2024,125,45,1,4096576.0,,,0.546430992231086,,0.5287910682405607,,37529.0,extension
Yakima,WA,1996,126,25,0,3984016.0,,0.47759363055229187,0.48132872581481934,,0.5034510493278503,0.31140515,129575.0,original
Yakima,WA,1998,126,26,0,3992004.0,,,,0.4702032804489136,0.41986849904060364,0.12559769,129575.0,original
Yakima,WA,2000,126,27,0,4000000.0,,0.49649545550346375,0.39277368783950806,0.39609602093696594,0.5449044704437256,0.56411636,129575.0,original
Yakima,WA,2002,126,28,0,4008004.0,,,,,0.3715371787548065,0.70482314,,original
Yakima,WA,2004,126,29,0,4016016.0,,0.3494790494441986,0.39643025398254395,0.4438157081604004,0.5591956377029419,0.7387945,,original
Yakima,WA,2006,126,30,1,4024036.0,,,,0.4559422731399536,0.4186645448207855,0.9987946,,original
Yakima,WA,2008,126,31,1,4032064.0,,0.39266517758369446,0.4461697041988373,,0.5842634439468384,0.9999105,,original
Yakima,WA,2010,126,32,1,4040100.0,,,,0.36783134937286377,0.46417784690856934,0.999905,136075.0,original
Yakima,WA,2012,126,33,1,4048144.0,,0.4166688621044159,0.4402168095111847,0.5004521608352661,,,,original
Yakima,WA,2014,126,34,1,4056196.0,,,,,,,,original
Yakima,WA,2016,126,35,1,4064256.0,,0.4497684836387634,0.4284912347793579,0.48158642649650574,,,,original
Yakima,WA,2018,126,36,1,4072324.0,,,,0.41849106550216675,,,,original
Yakima,WA,2020,126,43,1,4080400.0,,,0.4606546183882049,,0.6668954520244038,,144240.0,extension
Yakima,WA,2022,126,44,1,4088484.0,,,,0.359339380509812,0.4277665503092657,,146961.0,extension
Yakima,WA,2024,126,45,1,4096576.0,,,0.4264470107117132,,0.5951915427246127,,148322.0,extension
